0 verbose cli /usr/local/bin/node /usr/local/lib/node_modules/npm/bin/npm-cli.js
1 info using npm@11.6.2
2 info using node@v24.12.0
3 silly config load:file:/usr/local/lib/node_modules/npm/npmrc
4 silly config load:file:/Users/juanvictoria/Projects/Ufinet-Autos-Challenge/frontend/.npmrc
5 silly config load:file:/Users/juanvictoria/.npmrc
6 silly config load:file:/usr/local/etc/npmrc
7 verbose title npm exec @angular/cli@latest new autos-frontend --directory ./ --defaults --skip-git --routing --style css
8 verbose argv "exec" "--yes" "--" "@angular/cli@latest" "new" "autos-frontend" "--directory" "./" "--defaults" "--skip-git" "--routing" "--style" "css"
9 verbose logfile logs-max:10 dir:/Users/juanvictoria/Projects/Ufinet-Autos-Challenge/frontend/.npm-cache/_logs/2026-03-19T00_56_47_973Z-
10 verbose logfile /Users/juanvictoria/Projects/Ufinet-Autos-Challenge/frontend/.npm-cache/_logs/2026-03-19T00_56_47_973Z-debug-0.log
11 silly logfile done cleaning log files
12 silly packumentCache heap:4496293888 maxSize:1124073472 maxEntrySize:562036736
13 http fetch GET 200 https://registry.npmjs.org/@angular%2fcli 261ms (cache miss)
14 silly packumentCache heap:4496293888 maxSize:1124073472 maxEntrySize:562036736
15 http fetch GET 200 https://registry.npmjs.org/npm 284ms
16 silly packumentCache heap:4496293888 maxSize:1124073472 maxEntrySize:562036736
17 silly idealTree buildDeps
18 silly fetch manifest @angular/cli@21.2.3
19 silly packumentCache full:https://registry.npmjs.org/@angular%2fcli cache-miss
20 http fetch GET 200 https://registry.npmjs.org/@angular%2fcli 183ms (cache miss)
21 silly packumentCache full:https://registry.npmjs.org/@angular%2fcli set size:undefined disposed:false
22 silly placeDep ROOT @angular/cli@21.2.3 OK for:  want: 21.2.3
23 silly fetch manifest ini@6.0.0
24 silly packumentCache full:https://registry.npmjs.org/ini cache-miss
25 silly fetch manifest zod@4.3.6
26 silly packumentCache full:https://registry.npmjs.org/zod cache-miss
27 silly fetch manifest yargs@18.0.0
28 silly packumentCache full:https://registry.npmjs.org/yargs cache-miss
29 silly fetch manifest listr2@9.0.5
30 silly packumentCache full:https://registry.npmjs.org/listr2 cache-miss
31 silly fetch manifest pacote@21.3.1
32 silly packumentCache full:https://registry.npmjs.org/pacote cache-miss
33 silly fetch manifest semver@7.7.4
34 silly packumentCache full:https://registry.npmjs.org/semver cache-miss
35 silly fetch manifest jsonc-parser@3.3.1
36 silly packumentCache full:https://registry.npmjs.org/jsonc-parser cache-miss
37 silly fetch manifest algoliasearch@5.48.1
38 silly packumentCache full:https://registry.npmjs.org/algoliasearch cache-miss
39 silly fetch manifest npm-package-arg@13.0.2
40 silly packumentCache full:https://registry.npmjs.org/npm-package-arg cache-miss
41 http fetch GET 200 https://registry.npmjs.org/ini 46ms (cache miss)
42 silly packumentCache full:https://registry.npmjs.org/ini set size:undefined disposed:false
43 silly fetch manifest @inquirer/prompts@7.10.1
44 silly packumentCache full:https://registry.npmjs.org/@inquirer%2fprompts cache-miss
45 http fetch GET 200 https://registry.npmjs.org/npm-package-arg 126ms (cache miss)
46 silly packumentCache full:https://registry.npmjs.org/npm-package-arg set size:undefined disposed:false
47 silly fetch manifest @yarnpkg/lockfile@1.1.0
48 silly packumentCache full:https://registry.npmjs.org/@yarnpkg%2flockfile cache-miss
49 http fetch GET 200 https://registry.npmjs.org/@inquirer%2fprompts 99ms (cache miss)
50 silly packumentCache full:https://registry.npmjs.org/@inquirer%2fprompts set size:undefined disposed:false
51 silly fetch manifest @schematics/angular@21.2.3
52 silly packumentCache full:https://registry.npmjs.org/@schematics%2fangular cache-miss
53 http fetch GET 200 https://registry.npmjs.org/semver 149ms (cache miss)
54 silly packumentCache full:https://registry.npmjs.org/semver set size:undefined disposed:false
55 silly fetch manifest @angular-devkit/core@21.2.3
56 silly packumentCache full:https://registry.npmjs.org/@angular-devkit%2fcore cache-miss
57 http fetch GET 200 https://registry.npmjs.org/zod 177ms (cache miss)
58 silly packumentCache full:https://registry.npmjs.org/zod set size:undefined disposed:false
59 silly fetch manifest @angular-devkit/architect@0.2102.3
60 silly packumentCache full:https://registry.npmjs.org/@angular-devkit%2farchitect cache-miss
61 http fetch GET 200 https://registry.npmjs.org/yargs 188ms (cache miss)
62 silly packumentCache full:https://registry.npmjs.org/yargs set size:undefined disposed:false
63 silly fetch manifest @modelcontextprotocol/sdk@1.26.0
64 silly packumentCache full:https://registry.npmjs.org/@modelcontextprotocol%2fsdk cache-miss
65 http fetch GET 200 https://registry.npmjs.org/pacote 197ms (cache miss)
66 silly packumentCache full:https://registry.npmjs.org/pacote set size:undefined disposed:false
67 silly fetch manifest @angular-devkit/schematics@21.2.3
68 silly packumentCache full:https://registry.npmjs.org/@angular-devkit%2fschematics cache-miss
69 http fetch GET 200 https://registry.npmjs.org/jsonc-parser 202ms (cache miss)
70 silly packumentCache full:https://registry.npmjs.org/jsonc-parser set size:undefined disposed:false
71 silly fetch manifest parse5-html-rewriting-stream@8.0.0
72 silly packumentCache full:https://registry.npmjs.org/parse5-html-rewriting-stream cache-miss
73 http fetch GET 200 https://registry.npmjs.org/algoliasearch 219ms (cache miss)
74 silly packumentCache full:https://registry.npmjs.org/algoliasearch set size:undefined disposed:false
75 silly fetch manifest @listr2/prompt-adapter-inquirer@3.0.5
76 silly packumentCache full:https://registry.npmjs.org/@listr2%2fprompt-adapter-inquirer cache-miss
77 http fetch GET 200 https://registry.npmjs.org/@yarnpkg%2flockfile 99ms (cache miss)
78 silly packumentCache full:https://registry.npmjs.org/@yarnpkg%2flockfile set size:undefined disposed:false
79 http fetch GET 200 https://registry.npmjs.org/parse5-html-rewriting-stream 48ms (cache miss)
80 silly packumentCache full:https://registry.npmjs.org/parse5-html-rewriting-stream set size:undefined disposed:false
81 http fetch GET 200 https://registry.npmjs.org/@modelcontextprotocol%2fsdk 84ms (cache miss)
82 silly packumentCache full:https://registry.npmjs.org/@modelcontextprotocol%2fsdk set size:undefined disposed:false
83 http fetch GET 200 https://registry.npmjs.org/listr2 282ms (cache miss)
84 silly packumentCache full:https://registry.npmjs.org/listr2 set size:undefined disposed:false
85 http fetch GET 200 https://registry.npmjs.org/@listr2%2fprompt-adapter-inquirer 104ms (cache miss)
86 silly packumentCache full:https://registry.npmjs.org/@listr2%2fprompt-adapter-inquirer set size:undefined disposed:false
87 http fetch GET 200 https://registry.npmjs.org/@angular-devkit%2farchitect 183ms (cache miss)
88 silly packumentCache full:https://registry.npmjs.org/@angular-devkit%2farchitect set size:undefined disposed:false
89 http fetch GET 200 https://registry.npmjs.org/@angular-devkit%2fcore 259ms (cache miss)
90 silly packumentCache full:https://registry.npmjs.org/@angular-devkit%2fcore set size:undefined disposed:false
91 http fetch GET 200 https://registry.npmjs.org/@angular-devkit%2fschematics 230ms (cache miss)
92 silly packumentCache full:https://registry.npmjs.org/@angular-devkit%2fschematics set size:undefined disposed:false
93 http fetch GET 200 https://registry.npmjs.org/@schematics%2fangular 289ms (cache miss)
94 silly packumentCache full:https://registry.npmjs.org/@schematics%2fangular set size:undefined disposed:false
95 silly fetch manifest @types/node@>=18
96 silly packumentCache full:https://registry.npmjs.org/@types%2fnode cache-miss
97 http fetch GET 200 https://registry.npmjs.org/@types%2fnode 595ms (cache miss)
98 silly packumentCache full:https://registry.npmjs.org/@types%2fnode set size:undefined disposed:false
99 silly fetch manifest chokidar@^5.0.0
100 silly packumentCache full:https://registry.npmjs.org/chokidar cache-miss
101 http fetch GET 200 https://registry.npmjs.org/chokidar 92ms (cache miss)
102 silly packumentCache full:https://registry.npmjs.org/chokidar set size:undefined disposed:false
103 silly fetch manifest @cfworker/json-schema@^4.1.1
104 silly packumentCache full:https://registry.npmjs.org/@cfworker%2fjson-schema cache-miss
105 http fetch GET 200 https://registry.npmjs.org/@cfworker%2fjson-schema 181ms (cache miss)
106 silly packumentCache full:https://registry.npmjs.org/@cfworker%2fjson-schema set size:undefined disposed:false
107 silly placeDep ROOT @angular-devkit/architect@0.2102.3 OK for: @angular/cli@21.2.3 want: 0.2102.3
108 silly placeDep ROOT @angular-devkit/core@21.2.3 OK for: @angular/cli@21.2.3 want: 21.2.3
109 silly placeDep ROOT @angular-devkit/schematics@21.2.3 OK for: @angular/cli@21.2.3 want: 21.2.3
110 silly placeDep ROOT @inquirer/prompts@7.10.1 OK for: @angular/cli@21.2.3 want: 7.10.1
111 silly placeDep ROOT @listr2/prompt-adapter-inquirer@3.0.5 OK for: @angular/cli@21.2.3 want: 3.0.5
112 silly placeDep ROOT listr2@9.0.5 OK for: @listr2/prompt-adapter-inquirer@3.0.5 want: 9.0.5
113 silly placeDep ROOT @modelcontextprotocol/sdk@1.26.0 OK for: @angular/cli@21.2.3 want: 1.26.0
114 silly placeDep ROOT @schematics/angular@21.2.3 OK for: @angular/cli@21.2.3 want: 21.2.3
115 silly placeDep ROOT @yarnpkg/lockfile@1.1.0 OK for: @angular/cli@21.2.3 want: 1.1.0
116 silly placeDep ROOT algoliasearch@5.48.1 OK for: @angular/cli@21.2.3 want: 5.48.1
117 silly placeDep ROOT ini@6.0.0 OK for: @angular/cli@21.2.3 want: 6.0.0
118 silly placeDep ROOT jsonc-parser@3.3.1 OK for: @angular/cli@21.2.3 want: 3.3.1
119 silly placeDep ROOT npm-package-arg@13.0.2 OK for: @angular/cli@21.2.3 want: 13.0.2
120 silly placeDep ROOT pacote@21.3.1 OK for: @angular/cli@21.2.3 want: 21.3.1
121 silly placeDep ROOT parse5-html-rewriting-stream@8.0.0 OK for: @angular/cli@21.2.3 want: 8.0.0
122 silly placeDep ROOT semver@7.7.4 OK for: @angular/cli@21.2.3 want: 7.7.4
123 silly placeDep ROOT yargs@18.0.0 OK for: @angular/cli@21.2.3 want: 18.0.0
124 silly placeDep ROOT zod@4.3.6 OK for: @angular/cli@21.2.3 want: 4.3.6
125 silly fetch manifest rxjs@7.8.2
126 silly packumentCache full:https://registry.npmjs.org/rxjs cache-miss
127 silly fetch manifest ajv@8.18.0
128 silly packumentCache full:https://registry.npmjs.org/ajv cache-miss
129 silly fetch manifest rxjs@7.8.2
130 silly packumentCache full:https://registry.npmjs.org/rxjs cache-miss
131 silly fetch manifest picomatch@4.0.3
132 silly packumentCache full:https://registry.npmjs.org/picomatch cache-miss
133 silly fetch manifest source-map@0.7.6
134 silly packumentCache full:https://registry.npmjs.org/source-map cache-miss
135 silly fetch manifest ajv-formats@3.0.1
136 silly packumentCache full:https://registry.npmjs.org/ajv-formats cache-miss
137 silly fetch manifest ora@9.3.0
138 silly packumentCache full:https://registry.npmjs.org/ora cache-miss
139 silly fetch manifest rxjs@7.8.2
140 silly packumentCache full:https://registry.npmjs.org/rxjs cache-miss
141 silly fetch manifest magic-string@0.30.21
142 silly packumentCache full:https://registry.npmjs.org/magic-string cache-miss
143 http fetch GET 200 https://registry.npmjs.org/ajv-formats 54ms (cache miss)
144 silly packumentCache full:https://registry.npmjs.org/ajv-formats set size:undefined disposed:false
145 silly fetch manifest @inquirer/input@^4.3.1
146 silly packumentCache full:https://registry.npmjs.org/@inquirer%2finput cache-miss
147 http fetch GET 200 https://registry.npmjs.org/rxjs 81ms (cache miss)
148 silly packumentCache full:https://registry.npmjs.org/rxjs set size:undefined disposed:false
149 silly fetch manifest @inquirer/editor@^4.2.23
150 silly packumentCache full:https://registry.npmjs.org/@inquirer%2feditor cache-miss
151 http fetch GET 200 https://registry.npmjs.org/source-map 89ms (cache miss)
152 silly packumentCache full:https://registry.npmjs.org/source-map set size:undefined disposed:false
153 silly fetch manifest @inquirer/expand@^4.0.23
154 silly packumentCache full:https://registry.npmjs.org/@inquirer%2fexpand cache-miss
155 http fetch GET 200 https://registry.npmjs.org/rxjs 93ms (cache miss)
156 silly packumentCache full:https://registry.npmjs.org/rxjs set size:undefined disposed:false
157 silly fetch manifest @inquirer/number@^3.0.23
158 silly packumentCache full:https://registry.npmjs.org/@inquirer%2fnumber cache-miss
159 http fetch GET 200 https://registry.npmjs.org/picomatch 97ms (cache miss)
160 silly packumentCache full:https://registry.npmjs.org/picomatch set size:undefined disposed:false
161 silly fetch manifest @inquirer/search@^3.2.2
162 silly packumentCache full:https://registry.npmjs.org/@inquirer%2fsearch cache-miss
163 http fetch GET 200 https://registry.npmjs.org/rxjs 98ms (cache miss)
164 silly packumentCache full:https://registry.npmjs.org/rxjs set size:undefined disposed:false
165 silly fetch manifest @inquirer/select@^4.4.2
166 silly packumentCache full:https://registry.npmjs.org/@inquirer%2fselect cache-miss
167 http fetch GET 200 https://registry.npmjs.org/ora 101ms (cache miss)
168 silly packumentCache full:https://registry.npmjs.org/ora set size:undefined disposed:false
169 silly fetch manifest @inquirer/confirm@^5.1.21
170 silly packumentCache full:https://registry.npmjs.org/@inquirer%2fconfirm cache-miss
171 http fetch GET 200 https://registry.npmjs.org/magic-string 101ms (cache miss)
172 silly packumentCache full:https://registry.npmjs.org/magic-string set size:undefined disposed:false
173 silly fetch manifest @inquirer/rawlist@^4.1.11
174 silly packumentCache full:https://registry.npmjs.org/@inquirer%2frawlist cache-miss
175 http fetch GET 200 https://registry.npmjs.org/@inquirer%2finput 59ms (cache miss)
176 silly packumentCache full:https://registry.npmjs.org/@inquirer%2finput set size:undefined disposed:false
177 silly fetch manifest @inquirer/checkbox@^4.3.2
178 silly packumentCache full:https://registry.npmjs.org/@inquirer%2fcheckbox cache-miss
179 http fetch GET 200 https://registry.npmjs.org/@inquirer%2fexpand 68ms (cache miss)
180 silly packumentCache full:https://registry.npmjs.org/@inquirer%2fexpand set size:undefined disposed:false
181 silly fetch manifest @inquirer/password@^4.0.23
182 silly packumentCache full:https://registry.npmjs.org/@inquirer%2fpassword cache-miss
183 http fetch GET 200 https://registry.npmjs.org/@inquirer%2feditor 76ms (cache miss)
184 silly packumentCache full:https://registry.npmjs.org/@inquirer%2feditor set size:undefined disposed:false
185 silly fetch manifest @inquirer/type@^3.0.8
186 silly packumentCache full:https://registry.npmjs.org/@inquirer%2ftype cache-miss
187 http fetch GET 200 https://registry.npmjs.org/@inquirer%2frawlist 75ms (cache miss)
188 silly packumentCache full:https://registry.npmjs.org/@inquirer%2frawlist set size:undefined disposed:false
189 silly fetch manifest rfdc@^1.4.1
190 silly packumentCache full:https://registry.npmjs.org/rfdc cache-miss
191 http fetch GET 200 https://registry.npmjs.org/@inquirer%2fcheckbox 70ms (cache miss)
192 silly packumentCache full:https://registry.npmjs.org/@inquirer%2fcheckbox set size:undefined disposed:false
193 silly fetch manifest colorette@^2.0.20
194 silly packumentCache full:https://registry.npmjs.org/colorette cache-miss
195 http fetch GET 200 https://registry.npmjs.org/@inquirer%2fselect 86ms (cache miss)
196 silly packumentCache full:https://registry.npmjs.org/@inquirer%2fselect set size:undefined disposed:false
197 silly fetch manifest wrap-ansi@^9.0.0
198 silly packumentCache full:https://registry.npmjs.org/wrap-ansi cache-miss
199 http fetch GET 200 https://registry.npmjs.org/@inquirer%2fsearch 91ms (cache miss)
200 silly packumentCache full:https://registry.npmjs.org/@inquirer%2fsearch set size:undefined disposed:false
201 silly fetch manifest log-update@^6.1.0
202 silly packumentCache full:https://registry.npmjs.org/log-update cache-miss
203 http fetch GET 200 https://registry.npmjs.org/@inquirer%2fconfirm 107ms (cache miss)
204 silly packumentCache full:https://registry.npmjs.org/@inquirer%2fconfirm set size:undefined disposed:false
205 silly fetch manifest cli-truncate@^5.0.0
206 silly packumentCache full:https://registry.npmjs.org/cli-truncate cache-miss
207 http fetch GET 200 https://registry.npmjs.org/ajv 224ms (cache miss)
208 silly packumentCache full:https://registry.npmjs.org/ajv set size:undefined disposed:false
209 silly fetch manifest eventemitter3@^5.0.1
210 silly packumentCache full:https://registry.npmjs.org/eventemitter3 cache-miss
211 http fetch GET 200 https://registry.npmjs.org/@inquirer%2fpassword 75ms (cache miss)
212 silly packumentCache full:https://registry.npmjs.org/@inquirer%2fpassword set size:undefined disposed:false
213 silly fetch manifest ajv@^8.17.1
214 silly packumentCache full:https://registry.npmjs.org/ajv cache-miss
215 http cache https://registry.npmjs.org/ajv 3ms (cache hit)
216 silly packumentCache full:https://registry.npmjs.org/ajv set size:1120197 disposed:false
217 silly fetch manifest zod@^3.25 || ^4.0
218 silly packumentCache full:https://registry.npmjs.org/zod cache-miss
219 http cache https://registry.npmjs.org/zod 5ms (cache hit)
220 silly packumentCache full:https://registry.npmjs.org/zod set size:3489329 disposed:false
221 silly fetch manifest cors@^2.8.5
222 silly packumentCache full:https://registry.npmjs.org/cors cache-miss
223 http fetch GET 200 https://registry.npmjs.org/colorette 70ms (cache miss)
224 silly packumentCache full:https://registry.npmjs.org/colorette set size:undefined disposed:false
225 silly fetch manifest hono@^4.11.4
226 silly packumentCache full:https://registry.npmjs.org/hono cache-miss
227 http fetch GET 200 https://registry.npmjs.org/rfdc 77ms (cache miss)
228 silly packumentCache full:https://registry.npmjs.org/rfdc set size:undefined disposed:false
229 silly fetch manifest jose@^6.1.3
230 silly packumentCache full:https://registry.npmjs.org/jose cache-miss
231 http fetch GET 200 https://registry.npmjs.org/wrap-ansi 71ms (cache miss)
232 silly packumentCache full:https://registry.npmjs.org/wrap-ansi set size:undefined disposed:false
233 silly fetch manifest express@^5.2.1
234 silly packumentCache full:https://registry.npmjs.org/express cache-miss
235 http fetch GET 200 https://registry.npmjs.org/log-update 71ms (cache miss)
236 silly packumentCache full:https://registry.npmjs.org/log-update set size:undefined disposed:false
237 silly fetch manifest raw-body@^3.0.0
238 silly packumentCache full:https://registry.npmjs.org/raw-body cache-miss
239 http fetch GET 200 https://registry.npmjs.org/@inquirer%2ftype 96ms (cache miss)
240 silly packumentCache full:https://registry.npmjs.org/@inquirer%2ftype set size:undefined disposed:false
241 silly fetch manifest ajv-formats@^3.0.1
242 silly packumentCache full:https://registry.npmjs.org/ajv-formats cache-miss
243 http cache https://registry.npmjs.org/ajv-formats 1ms (cache hit)
244 silly packumentCache full:https://registry.npmjs.org/ajv-formats set size:141264 disposed:false
245 silly fetch manifest cross-spawn@^7.0.5
246 silly packumentCache full:https://registry.npmjs.org/cross-spawn cache-miss
247 http fetch GET 200 https://registry.npmjs.org/@inquirer%2fnumber 279ms (cache miss)
248 silly packumentCache full:https://registry.npmjs.org/@inquirer%2fnumber set size:undefined disposed:false
249 silly fetch manifest eventsource@^3.0.2
250 silly packumentCache full:https://registry.npmjs.org/eventsource cache-miss
251 http fetch GET 200 https://registry.npmjs.org/raw-body 120ms (cache miss)
252 silly packumentCache full:https://registry.npmjs.org/raw-body set size:undefined disposed:false
253 silly fetch manifest content-type@^1.0.5
254 silly packumentCache full:https://registry.npmjs.org/content-type cache-miss
255 http fetch GET 200 https://registry.npmjs.org/cli-truncate 174ms (cache miss)
256 silly packumentCache full:https://registry.npmjs.org/cli-truncate set size:undefined disposed:false
257 silly fetch manifest pkce-challenge@^5.0.0
258 silly packumentCache full:https://registry.npmjs.org/pkce-challenge cache-miss
259 http fetch GET 200 https://registry.npmjs.org/cors 137ms (cache miss)
260 silly packumentCache full:https://registry.npmjs.org/cors set size:undefined disposed:false
261 silly fetch manifest @hono/node-server@^1.19.9
262 silly packumentCache full:https://registry.npmjs.org/@hono%2fnode-server cache-miss
263 http fetch GET 200 https://registry.npmjs.org/hono 143ms (cache miss)
264 silly packumentCache full:https://registry.npmjs.org/hono set size:undefined disposed:false
265 silly fetch manifest json-schema-typed@^8.0.2
266 silly packumentCache full:https://registry.npmjs.org/json-schema-typed cache-miss
267 http fetch GET 200 https://registry.npmjs.org/express 159ms (cache miss)
268 silly packumentCache full:https://registry.npmjs.org/express set size:undefined disposed:false
269 silly fetch manifest eventsource-parser@^3.0.0
270 silly packumentCache full:https://registry.npmjs.org/eventsource-parser cache-miss
271 http fetch GET 200 https://registry.npmjs.org/jose 162ms (cache miss)
272 silly packumentCache full:https://registry.npmjs.org/jose set size:undefined disposed:false
273 silly fetch manifest express-rate-limit@^8.2.1
274 silly packumentCache full:https://registry.npmjs.org/express-rate-limit cache-miss
275 http fetch GET 200 https://registry.npmjs.org/content-type 50ms (cache miss)
276 silly packumentCache full:https://registry.npmjs.org/content-type set size:undefined disposed:false
277 silly fetch manifest zod-to-json-schema@^3.25.1
278 silly packumentCache full:https://registry.npmjs.org/zod-to-json-schema cache-miss
279 http fetch GET 200 https://registry.npmjs.org/eventemitter3 213ms (cache miss)
280 silly packumentCache full:https://registry.npmjs.org/eventemitter3 set size:undefined disposed:false
281 silly fetch manifest @algolia/abtesting@1.14.1
282 silly packumentCache full:https://registry.npmjs.org/@algolia%2fabtesting cache-miss
283 http fetch GET 200 https://registry.npmjs.org/eventsource 74ms (cache miss)
284 silly packumentCache full:https://registry.npmjs.org/eventsource set size:undefined disposed:false
285 silly fetch manifest @algolia/ingestion@1.48.1
286 silly packumentCache full:https://registry.npmjs.org/@algolia%2fingestion cache-miss
287 http fetch GET 200 https://registry.npmjs.org/pkce-challenge 72ms (cache miss)
288 silly packumentCache full:https://registry.npmjs.org/pkce-challenge set size:undefined disposed:false
289 silly fetch manifest @algolia/recommend@5.48.1
290 silly packumentCache full:https://registry.npmjs.org/@algolia%2frecommend cache-miss
291 http fetch GET 200 https://registry.npmjs.org/json-schema-typed 54ms (cache miss)
292 silly packumentCache full:https://registry.npmjs.org/json-schema-typed set size:undefined disposed:false
293 silly fetch manifest @algolia/monitoring@1.48.1
294 silly packumentCache full:https://registry.npmjs.org/@algolia%2fmonitoring cache-miss
295 http fetch GET 200 https://registry.npmjs.org/eventsource-parser 67ms (cache miss)
296 silly packumentCache full:https://registry.npmjs.org/eventsource-parser set size:undefined disposed:false
297 silly fetch manifest @algolia/client-common@5.48.1
298 silly packumentCache full:https://registry.npmjs.org/@algolia%2fclient-common cache-miss
299 http fetch GET 200 https://registry.npmjs.org/zod-to-json-schema 65ms (cache miss)
300 silly packumentCache full:https://registry.npmjs.org/zod-to-json-schema set size:undefined disposed:false
301 silly fetch manifest @algolia/client-search@5.48.1
302 silly packumentCache full:https://registry.npmjs.org/@algolia%2fclient-search cache-miss
303 http fetch GET 200 https://registry.npmjs.org/express-rate-limit 74ms (cache miss)
304 silly packumentCache full:https://registry.npmjs.org/express-rate-limit set size:undefined disposed:false
305 silly fetch manifest @algolia/client-insights@5.48.1
306 silly packumentCache full:https://registry.npmjs.org/@algolia%2fclient-insights cache-miss
307 http fetch GET 200 https://registry.npmjs.org/@algolia%2fmonitoring 88ms (cache miss)
308 silly packumentCache full:https://registry.npmjs.org/@algolia%2fmonitoring set size:undefined disposed:false
309 silly fetch manifest @algolia/requester-fetch@5.48.1
310 silly packumentCache full:https://registry.npmjs.org/@algolia%2frequester-fetch cache-miss
311 http fetch GET 200 https://registry.npmjs.org/@algolia%2fabtesting 125ms (cache miss)
312 silly packumentCache full:https://registry.npmjs.org/@algolia%2fabtesting set size:undefined disposed:false
313 silly fetch manifest @algolia/client-abtesting@5.48.1
314 silly packumentCache full:https://registry.npmjs.org/@algolia%2fclient-abtesting cache-miss
315 http fetch GET 200 https://registry.npmjs.org/@algolia%2fclient-search 77ms (cache miss)
316 silly packumentCache full:https://registry.npmjs.org/@algolia%2fclient-search set size:undefined disposed:false
317 silly fetch manifest @algolia/client-analytics@5.48.1
318 silly packumentCache full:https://registry.npmjs.org/@algolia%2fclient-analytics cache-miss
319 http fetch GET 200 https://registry.npmjs.org/@algolia%2frecommend 178ms (cache miss)
320 silly packumentCache full:https://registry.npmjs.org/@algolia%2frecommend set size:undefined disposed:false
321 silly fetch manifest @algolia/requester-node-http@5.48.1
322 silly packumentCache full:https://registry.npmjs.org/@algolia%2frequester-node-http cache-miss
323 http fetch GET 200 https://registry.npmjs.org/@hono%2fnode-server 275ms (cache miss)
324 silly packumentCache full:https://registry.npmjs.org/@hono%2fnode-server set size:undefined disposed:false
325 silly fetch manifest @algolia/requester-browser-xhr@5.48.1
326 silly packumentCache full:https://registry.npmjs.org/@algolia%2frequester-browser-xhr cache-miss
327 http fetch GET 200 https://registry.npmjs.org/@algolia%2fingestion 219ms (cache miss)
328 silly packumentCache full:https://registry.npmjs.org/@algolia%2fingestion set size:undefined disposed:false
329 silly fetch manifest @algolia/client-personalization@5.48.1
330 silly packumentCache full:https://registry.npmjs.org/@algolia%2fclient-personalization cache-miss
331 http fetch GET 200 https://registry.npmjs.org/@algolia%2fclient-insights 177ms (cache miss)
332 silly packumentCache full:https://registry.npmjs.org/@algolia%2fclient-insights set size:undefined disposed:false
333 silly fetch manifest @algolia/client-query-suggestions@5.48.1
334 silly packumentCache full:https://registry.npmjs.org/@algolia%2fclient-query-suggestions cache-miss
335 http fetch GET 200 https://registry.npmjs.org/@algolia%2fclient-analytics 121ms (cache miss)
336 silly packumentCache full:https://registry.npmjs.org/@algolia%2fclient-analytics set size:undefined disposed:false
337 silly fetch manifest hosted-git-info@^9.0.0
338 silly packumentCache full:https://registry.npmjs.org/hosted-git-info cache-miss
339 http fetch GET 200 https://registry.npmjs.org/@algolia%2frequester-fetch 185ms (cache miss)
340 silly packumentCache full:https://registry.npmjs.org/@algolia%2frequester-fetch set size:undefined disposed:false
341 silly fetch manifest proc-log@^6.0.0
342 silly packumentCache full:https://registry.npmjs.org/proc-log cache-miss
343 http fetch GET 200 https://registry.npmjs.org/@algolia%2frequester-node-http 116ms (cache miss)
344 silly packumentCache full:https://registry.npmjs.org/@algolia%2frequester-node-http set size:undefined disposed:false
345 silly fetch manifest semver@^7.3.5
346 silly packumentCache full:https://registry.npmjs.org/semver cache-miss
347 http cache https://registry.npmjs.org/semver 3ms (cache hit)
348 silly packumentCache full:https://registry.npmjs.org/semver set size:229678 disposed:false
349 silly fetch manifest validate-npm-package-name@^7.0.0
350 silly packumentCache full:https://registry.npmjs.org/validate-npm-package-name cache-miss
351 http fetch GET 200 https://registry.npmjs.org/@algolia%2fclient-common 273ms (cache miss)
352 silly packumentCache full:https://registry.npmjs.org/@algolia%2fclient-common set size:undefined disposed:false
353 silly fetch manifest tar@^7.4.3
354 silly packumentCache full:https://registry.npmjs.org/tar cache-miss
355 http fetch GET 200 https://registry.npmjs.org/cross-spawn 503ms (cache miss)
356 silly packumentCache full:https://registry.npmjs.org/cross-spawn set size:undefined disposed:false
357 silly fetch manifest ssri@^13.0.0
358 silly packumentCache full:https://registry.npmjs.org/ssri cache-miss
359 http fetch GET 200 https://registry.npmjs.org/hosted-git-info 69ms (cache miss)
360 silly packumentCache full:https://registry.npmjs.org/hosted-git-info set size:undefined disposed:false
361 silly fetch manifest cacache@^20.0.0
362 silly packumentCache full:https://registry.npmjs.org/cacache cache-miss
363 http fetch GET 200 https://registry.npmjs.org/@algolia%2frequester-browser-xhr 105ms (cache miss)
364 silly packumentCache full:https://registry.npmjs.org/@algolia%2frequester-browser-xhr set size:undefined disposed:false
365 silly fetch manifest minipass@^7.0.2
366 silly packumentCache full:https://registry.npmjs.org/minipass cache-miss
367 http fetch GET 200 https://registry.npmjs.org/@algolia%2fclient-abtesting 220ms (cache miss)
368 silly packumentCache full:https://registry.npmjs.org/@algolia%2fclient-abtesting set size:undefined disposed:false
369 silly fetch manifest proc-log@^6.0.0
370 silly packumentCache full:https://registry.npmjs.org/proc-log cache-miss
371 http fetch GET 200 https://registry.npmjs.org/proc-log 45ms (cache miss)
372 silly packumentCache full:https://registry.npmjs.org/proc-log set size:undefined disposed:false
373 silly fetch manifest sigstore@^4.0.0
374 silly packumentCache full:https://registry.npmjs.org/sigstore cache-miss
375 http fetch GET 200 https://registry.npmjs.org/cacache 44ms (cache miss)
376 silly packumentCache full:https://registry.npmjs.org/cacache set size:undefined disposed:false
377 silly fetch manifest @npmcli/git@^7.0.0
378 silly packumentCache full:https://registry.npmjs.org/@npmcli%2fgit cache-miss
379 http fetch GET 200 https://registry.npmjs.org/validate-npm-package-name 64ms (cache miss)
380 silly packumentCache full:https://registry.npmjs.org/validate-npm-package-name set size:undefined disposed:false
381 silly fetch manifest fs-minipass@^3.0.0
382 silly packumentCache full:https://registry.npmjs.org/fs-minipass cache-miss
383 http fetch GET 200 https://registry.npmjs.org/@algolia%2fclient-query-suggestions 148ms (cache miss)
384 silly packumentCache full:https://registry.npmjs.org/@algolia%2fclient-query-suggestions set size:undefined disposed:false
385 silly fetch manifest npm-packlist@^10.0.1
386 silly packumentCache full:https://registry.npmjs.org/npm-packlist cache-miss
387 http fetch GET 200 https://registry.npmjs.org/@algolia%2fclient-personalization 157ms (cache miss)
388 silly packumentCache full:https://registry.npmjs.org/@algolia%2fclient-personalization set size:undefined disposed:false
389 silly fetch manifest promise-retry@^2.0.1
390 silly packumentCache full:https://registry.npmjs.org/promise-retry cache-miss
391 http fetch GET 200 https://registry.npmjs.org/proc-log 47ms (cache miss)
392 silly packumentCache full:https://registry.npmjs.org/proc-log set size:undefined disposed:false
393 silly fetch manifest npm-pick-manifest@^11.0.1
394 silly packumentCache full:https://registry.npmjs.org/npm-pick-manifest cache-miss
395 http fetch GET 200 https://registry.npmjs.org/sigstore 42ms (cache miss)
396 silly packumentCache full:https://registry.npmjs.org/sigstore set size:undefined disposed:false
397 silly fetch manifest @npmcli/run-script@^10.0.0
398 silly packumentCache full:https://registry.npmjs.org/@npmcli%2frun-script cache-miss
399 http fetch GET 200 https://registry.npmjs.org/minipass 68ms (cache miss)
400 silly packumentCache full:https://registry.npmjs.org/minipass set size:undefined disposed:false
401 silly fetch manifest npm-registry-fetch@^19.0.0
402 silly packumentCache full:https://registry.npmjs.org/npm-registry-fetch cache-miss
403 http fetch GET 200 https://registry.npmjs.org/ssri 81ms (cache miss)
404 silly packumentCache full:https://registry.npmjs.org/ssri set size:undefined disposed:false
405 silly fetch manifest @npmcli/package-json@^7.0.0
406 silly packumentCache full:https://registry.npmjs.org/@npmcli%2fpackage-json cache-miss
407 http fetch GET 200 https://registry.npmjs.org/fs-minipass 38ms (cache miss)
408 silly packumentCache full:https://registry.npmjs.org/fs-minipass set size:undefined disposed:false
409 silly fetch manifest @npmcli/promise-spawn@^9.0.0
410 silly packumentCache full:https://registry.npmjs.org/@npmcli%2fpromise-spawn cache-miss
411 http fetch GET 200 https://registry.npmjs.org/npm-registry-fetch 43ms (cache miss)
412 silly packumentCache full:https://registry.npmjs.org/npm-registry-fetch set size:undefined disposed:false
413 silly fetch manifest @npmcli/installed-package-contents@^4.0.0
414 silly packumentCache full:https://registry.npmjs.org/@npmcli%2finstalled-package-contents cache-miss
415 http fetch GET 200 https://registry.npmjs.org/npm-pick-manifest 51ms (cache miss)
416 silly packumentCache full:https://registry.npmjs.org/npm-pick-manifest set size:undefined disposed:false
417 silly fetch manifest parse5@^8.0.0
418 silly packumentCache full:https://registry.npmjs.org/parse5 cache-miss
419 http fetch GET 200 https://registry.npmjs.org/promise-retry 55ms (cache miss)
420 silly packumentCache full:https://registry.npmjs.org/promise-retry set size:undefined disposed:false
421 silly fetch manifest entities@^6.0.0
422 silly packumentCache full:https://registry.npmjs.org/entities cache-miss
423 http fetch GET 200 https://registry.npmjs.org/npm-packlist 74ms (cache miss)
424 silly packumentCache full:https://registry.npmjs.org/npm-packlist set size:undefined disposed:false
425 silly fetch manifest parse5-sax-parser@^8.0.0
426 silly packumentCache full:https://registry.npmjs.org/parse5-sax-parser cache-miss
427 http fetch GET 200 https://registry.npmjs.org/tar 141ms (cache miss)
428 silly packumentCache full:https://registry.npmjs.org/tar set size:undefined disposed:false
429 silly fetch manifest cliui@^9.0.1
430 silly packumentCache full:https://registry.npmjs.org/cliui cache-miss
431 http fetch GET 200 https://registry.npmjs.org/@npmcli%2frun-script 90ms (cache miss)
432 silly packumentCache full:https://registry.npmjs.org/@npmcli%2frun-script set size:undefined disposed:false
433 silly fetch manifest escalade@^3.1.1
434 silly packumentCache full:https://registry.npmjs.org/escalade cache-miss
435 http fetch GET 200 https://registry.npmjs.org/@npmcli%2fgit 117ms (cache miss)
436 silly packumentCache full:https://registry.npmjs.org/@npmcli%2fgit set size:undefined disposed:false
437 silly fetch manifest get-caller-file@^2.0.5
438 silly packumentCache full:https://registry.npmjs.org/get-caller-file cache-miss
439 http fetch GET 200 https://registry.npmjs.org/@npmcli%2fpromise-spawn 69ms (cache miss)
440 silly packumentCache full:https://registry.npmjs.org/@npmcli%2fpromise-spawn set size:undefined disposed:false
441 silly fetch manifest string-width@^7.2.0
442 silly packumentCache full:https://registry.npmjs.org/string-width cache-miss
443 http fetch GET 200 https://registry.npmjs.org/parse5 45ms (cache miss)
444 silly packumentCache full:https://registry.npmjs.org/parse5 set size:undefined disposed:false
445 silly fetch manifest y18n@^5.0.5
446 silly packumentCache full:https://registry.npmjs.org/y18n cache-miss
447 http fetch GET 200 https://registry.npmjs.org/@npmcli%2fpackage-json 88ms (cache miss)
448 silly packumentCache full:https://registry.npmjs.org/@npmcli%2fpackage-json set size:undefined disposed:false
449 silly fetch manifest yargs-parser@^22.0.0
450 silly packumentCache full:https://registry.npmjs.org/yargs-parser cache-miss
451 http fetch GET 200 https://registry.npmjs.org/entities 50ms (cache miss)
452 silly packumentCache full:https://registry.npmjs.org/entities set size:undefined disposed:false
453 http fetch GET 200 https://registry.npmjs.org/parse5-sax-parser 64ms (cache miss)
454 silly packumentCache full:https://registry.npmjs.org/parse5-sax-parser set size:undefined disposed:false
455 http fetch GET 200 https://registry.npmjs.org/get-caller-file 47ms (cache miss)
456 silly packumentCache full:https://registry.npmjs.org/get-caller-file set size:undefined disposed:false
457 http fetch GET 200 https://registry.npmjs.org/string-width 47ms (cache miss)
458 silly packumentCache full:https://registry.npmjs.org/string-width set size:undefined disposed:false
459 http fetch GET 200 https://registry.npmjs.org/yargs-parser 47ms (cache miss)
460 silly packumentCache full:https://registry.npmjs.org/yargs-parser set size:undefined disposed:false
461 http fetch GET 200 https://registry.npmjs.org/y18n 53ms (cache miss)
462 silly packumentCache full:https://registry.npmjs.org/y18n set size:undefined disposed:false
463 http fetch GET 200 https://registry.npmjs.org/cliui 83ms (cache miss)
464 silly packumentCache full:https://registry.npmjs.org/cliui set size:undefined disposed:false
465 http fetch GET 200 https://registry.npmjs.org/escalade 81ms (cache miss)
466 silly packumentCache full:https://registry.npmjs.org/escalade set size:undefined disposed:false
467 http fetch GET 200 https://registry.npmjs.org/@npmcli%2finstalled-package-contents 213ms (cache miss)
468 silly packumentCache full:https://registry.npmjs.org/@npmcli%2finstalled-package-contents set size:undefined disposed:false
469 silly placeDep ROOT rxjs@7.8.2 OK for: @angular-devkit/architect@0.2102.3 want: 7.8.2
470 silly fetch manifest tslib@^2.1.0
471 silly packumentCache full:https://registry.npmjs.org/tslib cache-miss
472 http fetch GET 200 https://registry.npmjs.org/tslib 62ms (cache miss)
473 silly packumentCache full:https://registry.npmjs.org/tslib set size:undefined disposed:false
474 silly placeDep ROOT ajv@8.18.0 OK for: @angular-devkit/core@21.2.3 want: 8.18.0
475 silly placeDep ROOT ajv-formats@3.0.1 OK for: @angular-devkit/core@21.2.3 want: 3.0.1
476 silly placeDep ROOT picomatch@4.0.3 OK for: @angular-devkit/core@21.2.3 want: 4.0.3
477 silly placeDep ROOT source-map@0.7.6 OK for: @angular-devkit/core@21.2.3 want: 0.7.6
478 silly fetch manifest fast-uri@^3.0.1
479 silly packumentCache full:https://registry.npmjs.org/fast-uri cache-miss
480 silly fetch manifest fast-deep-equal@^3.1.3
481 silly packumentCache full:https://registry.npmjs.org/fast-deep-equal cache-miss
482 silly fetch manifest require-from-string@^2.0.2
483 silly packumentCache full:https://registry.npmjs.org/require-from-string cache-miss
484 silly fetch manifest json-schema-traverse@^1.0.0
485 silly packumentCache full:https://registry.npmjs.org/json-schema-traverse cache-miss
486 http fetch GET 200 https://registry.npmjs.org/fast-uri 47ms (cache miss)
487 silly packumentCache full:https://registry.npmjs.org/fast-uri set size:undefined disposed:false
488 http fetch GET 200 https://registry.npmjs.org/require-from-string 53ms (cache miss)
489 silly packumentCache full:https://registry.npmjs.org/require-from-string set size:undefined disposed:false
490 http fetch GET 200 https://registry.npmjs.org/fast-deep-equal 54ms (cache miss)
491 silly packumentCache full:https://registry.npmjs.org/fast-deep-equal set size:undefined disposed:false
492 http fetch GET 200 https://registry.npmjs.org/json-schema-traverse 78ms (cache miss)
493 silly packumentCache full:https://registry.npmjs.org/json-schema-traverse set size:undefined disposed:false
494 silly placeDep ROOT magic-string@0.30.21 OK for: @angular-devkit/schematics@21.2.3 want: 0.30.21
495 silly placeDep ROOT ora@9.3.0 OK for: @angular-devkit/schematics@21.2.3 want: 9.3.0
496 silly fetch manifest @jridgewell/sourcemap-codec@^1.5.5
497 silly packumentCache full:https://registry.npmjs.org/@jridgewell%2fsourcemap-codec cache-miss
498 silly fetch manifest chalk@^5.6.2
499 silly packumentCache full:https://registry.npmjs.org/chalk cache-miss
500 silly fetch manifest cli-cursor@^5.0.0
501 silly packumentCache full:https://registry.npmjs.org/cli-cursor cache-miss
502 silly fetch manifest cli-spinners@^3.2.0
503 silly packumentCache full:https://registry.npmjs.org/cli-spinners cache-miss
504 silly fetch manifest is-interactive@^2.0.0
505 silly packumentCache full:https://registry.npmjs.org/is-interactive cache-miss
506 silly fetch manifest is-unicode-supported@^2.1.0
507 silly packumentCache full:https://registry.npmjs.org/is-unicode-supported cache-miss
508 silly fetch manifest log-symbols@^7.0.1
509 silly packumentCache full:https://registry.npmjs.org/log-symbols cache-miss
510 silly fetch manifest stdin-discarder@^0.3.1
511 silly packumentCache full:https://registry.npmjs.org/stdin-discarder cache-miss
512 silly fetch manifest string-width@^8.1.0
513 silly packumentCache full:https://registry.npmjs.org/string-width cache-miss
514 http cache https://registry.npmjs.org/string-width 4ms (cache hit)
515 silly packumentCache full:https://registry.npmjs.org/string-width set size:68305 disposed:false
516 http fetch GET 200 https://registry.npmjs.org/cli-spinners 38ms (cache miss)
517 silly packumentCache full:https://registry.npmjs.org/cli-spinners set size:undefined disposed:false
518 http fetch GET 200 https://registry.npmjs.org/cli-cursor 40ms (cache miss)
519 silly packumentCache full:https://registry.npmjs.org/cli-cursor set size:undefined disposed:false
520 http fetch GET 200 https://registry.npmjs.org/chalk 46ms (cache miss)
521 silly packumentCache full:https://registry.npmjs.org/chalk set size:undefined disposed:false
522 http fetch GET 200 https://registry.npmjs.org/is-interactive 48ms (cache miss)
523 silly packumentCache full:https://registry.npmjs.org/is-interactive set size:undefined disposed:false
524 http fetch GET 200 https://registry.npmjs.org/is-unicode-supported 63ms (cache miss)
525 silly packumentCache full:https://registry.npmjs.org/is-unicode-supported set size:undefined disposed:false
526 http fetch GET 200 https://registry.npmjs.org/@jridgewell%2fsourcemap-codec 64ms (cache miss)
527 silly packumentCache full:https://registry.npmjs.org/@jridgewell%2fsourcemap-codec set size:undefined disposed:false
528 http fetch GET 200 https://registry.npmjs.org/log-symbols 66ms (cache miss)
529 silly packumentCache full:https://registry.npmjs.org/log-symbols set size:undefined disposed:false
530 http fetch GET 200 https://registry.npmjs.org/stdin-discarder 69ms (cache miss)
531 silly packumentCache full:https://registry.npmjs.org/stdin-discarder set size:undefined disposed:false
532 silly placeDep ROOT @inquirer/checkbox@4.3.2 OK for: @inquirer/prompts@7.10.1 want: ^4.3.2
533 silly placeDep ROOT @inquirer/confirm@5.1.21 OK for: @inquirer/prompts@7.10.1 want: ^5.1.21
534 silly placeDep ROOT @inquirer/editor@4.2.23 OK for: @inquirer/prompts@7.10.1 want: ^4.2.23
535 silly placeDep ROOT @inquirer/expand@4.0.23 OK for: @inquirer/prompts@7.10.1 want: ^4.0.23
536 silly placeDep ROOT @inquirer/input@4.3.1 OK for: @inquirer/prompts@7.10.1 want: ^4.3.1
537 silly placeDep ROOT @inquirer/number@3.0.23 OK for: @inquirer/prompts@7.10.1 want: ^3.0.23
538 silly placeDep ROOT @inquirer/password@4.0.23 OK for: @inquirer/prompts@7.10.1 want: ^4.0.23
539 silly placeDep ROOT @inquirer/rawlist@4.1.11 OK for: @inquirer/prompts@7.10.1 want: ^4.1.11
540 silly placeDep ROOT @inquirer/search@3.2.2 OK for: @inquirer/prompts@7.10.1 want: ^3.2.2
541 silly placeDep ROOT @inquirer/select@4.4.2 OK for: @inquirer/prompts@7.10.1 want: ^4.4.2
542 silly fetch manifest @inquirer/ansi@^1.0.2
543 silly packumentCache full:https://registry.npmjs.org/@inquirer%2fansi cache-miss
544 silly fetch manifest @inquirer/core@^10.3.2
545 silly packumentCache full:https://registry.npmjs.org/@inquirer%2fcore cache-miss
546 silly fetch manifest @inquirer/type@^3.0.10
547 silly packumentCache full:https://registry.npmjs.org/@inquirer%2ftype cache-miss
548 silly fetch manifest yoctocolors-cjs@^2.1.3
549 silly packumentCache full:https://registry.npmjs.org/yoctocolors-cjs cache-miss
550 silly fetch manifest @inquirer/figures@^1.0.15
551 silly packumentCache full:https://registry.npmjs.org/@inquirer%2ffigures cache-miss
552 silly fetch manifest @inquirer/core@^10.3.2
553 silly packumentCache full:https://registry.npmjs.org/@inquirer%2fcore cache-miss
554 silly fetch manifest @inquirer/type@^3.0.10
555 silly packumentCache full:https://registry.npmjs.org/@inquirer%2ftype cache-miss
556 silly fetch manifest @inquirer/core@^10.3.2
557 silly packumentCache full:https://registry.npmjs.org/@inquirer%2fcore cache-miss
558 silly fetch manifest @inquirer/type@^3.0.10
559 silly packumentCache full:https://registry.npmjs.org/@inquirer%2ftype cache-miss
560 http cache https://registry.npmjs.org/@inquirer%2ftype 4ms (cache hit)
561 silly packumentCache full:https://registry.npmjs.org/@inquirer%2ftype set size:112852 disposed:false
562 silly fetch manifest @inquirer/external-editor@^1.0.3
563 silly packumentCache full:https://registry.npmjs.org/@inquirer%2fexternal-editor cache-miss
564 http cache https://registry.npmjs.org/@inquirer%2ftype 5ms (cache hit)
565 silly packumentCache full:https://registry.npmjs.org/@inquirer%2ftype set size:112852 disposed:false
566 silly packumentCache full:https://registry.npmjs.org/@inquirer%2ftype dispose
567 silly fetch manifest @inquirer/core@^10.3.2
568 silly packumentCache full:https://registry.npmjs.org/@inquirer%2fcore cache-miss
569 http cache https://registry.npmjs.org/@inquirer%2ftype 6ms (cache hit)
570 silly packumentCache full:https://registry.npmjs.org/@inquirer%2ftype set size:112852 disposed:true
571 silly packumentCache full:https://registry.npmjs.org/@inquirer%2ftype dispose
572 silly fetch manifest yoctocolors-cjs@^2.1.3
573 silly packumentCache full:https://registry.npmjs.org/yoctocolors-cjs cache-miss
574 http fetch GET 200 https://registry.npmjs.org/yoctocolors-cjs 48ms (cache miss)
575 silly packumentCache full:https://registry.npmjs.org/yoctocolors-cjs set size:undefined disposed:false
576 silly fetch manifest @inquirer/core@^10.3.2
577 silly packumentCache full:https://registry.npmjs.org/@inquirer%2fcore cache-miss
578 http fetch GET 200 https://registry.npmjs.org/@inquirer%2ffigures 58ms (cache miss)
579 silly packumentCache full:https://registry.npmjs.org/@inquirer%2ffigures set size:undefined disposed:false
580 silly fetch manifest @inquirer/core@^10.3.2
581 silly packumentCache full:https://registry.npmjs.org/@inquirer%2fcore cache-miss
582 http fetch GET 200 https://registry.npmjs.org/@inquirer%2fansi 68ms (cache miss)
583 silly packumentCache full:https://registry.npmjs.org/@inquirer%2fansi set size:undefined disposed:false
584 silly fetch manifest @inquirer/core@^10.3.2
585 silly packumentCache full:https://registry.npmjs.org/@inquirer%2fcore cache-miss
586 http fetch GET 200 https://registry.npmjs.org/yoctocolors-cjs 62ms (cache miss)
587 silly packumentCache full:https://registry.npmjs.org/yoctocolors-cjs set size:undefined disposed:false
588 silly fetch manifest @inquirer/core@^10.3.2
589 silly packumentCache full:https://registry.npmjs.org/@inquirer%2fcore cache-miss
590 http fetch GET 200 https://registry.npmjs.org/@inquirer%2fcore 93ms (cache miss)
591 silly packumentCache full:https://registry.npmjs.org/@inquirer%2fcore set size:undefined disposed:false
592 http fetch GET 200 https://registry.npmjs.org/@inquirer%2fcore 104ms (cache miss)
593 silly packumentCache full:https://registry.npmjs.org/@inquirer%2fcore set size:undefined disposed:false
594 http fetch GET 200 https://registry.npmjs.org/@inquirer%2fcore 101ms (cache miss)
595 silly packumentCache full:https://registry.npmjs.org/@inquirer%2fcore set size:undefined disposed:false
596 http fetch GET 200 https://registry.npmjs.org/@inquirer%2fcore 71ms (cache miss)
597 silly packumentCache full:https://registry.npmjs.org/@inquirer%2fcore set size:undefined disposed:false
598 http fetch GET 200 https://registry.npmjs.org/@inquirer%2fcore 63ms (cache miss)
599 silly packumentCache full:https://registry.npmjs.org/@inquirer%2fcore set size:undefined disposed:false
600 http fetch GET 200 https://registry.npmjs.org/@inquirer%2fexternal-editor 119ms (cache miss)
601 silly packumentCache full:https://registry.npmjs.org/@inquirer%2fexternal-editor set size:undefined disposed:false
602 http fetch GET 200 https://registry.npmjs.org/@inquirer%2fcore 132ms (cache miss)
603 silly packumentCache full:https://registry.npmjs.org/@inquirer%2fcore set size:undefined disposed:false
604 http fetch GET 200 https://registry.npmjs.org/@inquirer%2fcore 76ms (cache miss)
605 silly packumentCache full:https://registry.npmjs.org/@inquirer%2fcore set size:undefined disposed:false
606 http fetch GET 200 https://registry.npmjs.org/@inquirer%2fcore 84ms (cache miss)
607 silly packumentCache full:https://registry.npmjs.org/@inquirer%2fcore set size:undefined disposed:false
608 silly placeDep ROOT @inquirer/ansi@1.0.2 OK for: @inquirer/checkbox@4.3.2 want: ^1.0.2
609 silly placeDep ROOT @inquirer/core@10.3.2 OK for: @inquirer/checkbox@4.3.2 want: ^10.3.2
610 silly placeDep ROOT @inquirer/figures@1.0.15 OK for: @inquirer/checkbox@4.3.2 want: ^1.0.15
611 silly placeDep ROOT @inquirer/type@3.0.10 OK for: @inquirer/checkbox@4.3.2 want: ^3.0.10
612 silly placeDep ROOT yoctocolors-cjs@2.1.3 OK for: @inquirer/checkbox@4.3.2 want: ^2.1.3
613 silly fetch manifest cli-width@^4.1.0
614 silly packumentCache full:https://registry.npmjs.org/cli-width cache-miss
615 silly fetch manifest wrap-ansi@^6.2.0
616 silly packumentCache full:https://registry.npmjs.org/wrap-ansi cache-miss
617 silly fetch manifest mute-stream@^2.0.0
618 silly packumentCache full:https://registry.npmjs.org/mute-stream cache-miss
619 silly fetch manifest signal-exit@^4.1.0
620 silly packumentCache full:https://registry.npmjs.org/signal-exit cache-miss
621 http cache https://registry.npmjs.org/wrap-ansi 2ms (cache hit)
622 silly packumentCache full:https://registry.npmjs.org/wrap-ansi set size:55299 disposed:false
623 http fetch GET 200 https://registry.npmjs.org/mute-stream 35ms (cache miss)
624 silly packumentCache full:https://registry.npmjs.org/mute-stream set size:undefined disposed:false
625 http fetch GET 200 https://registry.npmjs.org/signal-exit 52ms (cache miss)
626 silly packumentCache full:https://registry.npmjs.org/signal-exit set size:undefined disposed:false
627 http fetch GET 200 https://registry.npmjs.org/cli-width 53ms (cache miss)
628 silly packumentCache full:https://registry.npmjs.org/cli-width set size:undefined disposed:false
629 silly placeDep ROOT cli-width@4.1.0 OK for: @inquirer/core@10.3.2 want: ^4.1.0
630 silly placeDep ROOT mute-stream@2.0.0 OK for: @inquirer/core@10.3.2 want: ^2.0.0
631 silly placeDep ROOT signal-exit@4.1.0 OK for: @inquirer/core@10.3.2 want: ^4.1.0
632 silly placeDep ROOT wrap-ansi@6.2.0 OK for: @inquirer/core@10.3.2 want: ^6.2.0
633 silly fetch manifest strip-ansi@^6.0.0
634 silly packumentCache full:https://registry.npmjs.org/strip-ansi cache-miss
635 silly fetch manifest ansi-styles@^4.0.0
636 silly packumentCache full:https://registry.npmjs.org/ansi-styles cache-miss
637 silly fetch manifest string-width@^4.1.0
638 silly packumentCache full:https://registry.npmjs.org/string-width cache-hit
639 http fetch GET 200 https://registry.npmjs.org/ansi-styles 53ms (cache miss)
640 silly packumentCache full:https://registry.npmjs.org/ansi-styles set size:undefined disposed:false
641 http fetch GET 200 https://registry.npmjs.org/strip-ansi 80ms (cache miss)
642 silly packumentCache full:https://registry.npmjs.org/strip-ansi set size:undefined disposed:false
643 silly placeDep ROOT @inquirer/external-editor@1.0.3 OK for: @inquirer/editor@4.2.23 want: ^1.0.3
644 silly fetch manifest chardet@^2.1.1
645 silly packumentCache full:https://registry.npmjs.org/chardet cache-miss
646 silly fetch manifest iconv-lite@^0.7.0
647 silly packumentCache full:https://registry.npmjs.org/iconv-lite cache-miss
648 http fetch GET 200 https://registry.npmjs.org/iconv-lite 62ms (cache miss)
649 silly packumentCache full:https://registry.npmjs.org/iconv-lite set size:undefined disposed:false
650 http fetch GET 200 https://registry.npmjs.org/chardet 93ms (cache miss)
651 silly packumentCache full:https://registry.npmjs.org/chardet set size:undefined disposed:false
652 silly placeDep ROOT chardet@2.1.1 OK for: @inquirer/external-editor@1.0.3 want: ^2.1.1
653 silly placeDep ROOT iconv-lite@0.7.2 OK for: @inquirer/external-editor@1.0.3 want: ^0.7.0
654 silly fetch manifest safer-buffer@>= 2.1.2 < 3.0.0
655 silly packumentCache full:https://registry.npmjs.org/safer-buffer cache-miss
656 http fetch GET 200 https://registry.npmjs.org/safer-buffer 93ms (cache miss)
657 silly packumentCache full:https://registry.npmjs.org/safer-buffer set size:undefined disposed:false
658 silly placeDep ROOT @hono/node-server@1.19.11 OK for: @modelcontextprotocol/sdk@1.26.0 want: ^1.19.9
659 silly placeDep ROOT hono@4.12.8 OK for: @hono/node-server@1.19.11 want: ^4
660 silly placeDep ROOT content-type@1.0.5 OK for: @modelcontextprotocol/sdk@1.26.0 want: ^1.0.5
661 silly placeDep ROOT cors@2.8.6 OK for: @modelcontextprotocol/sdk@1.26.0 want: ^2.8.5
662 silly placeDep ROOT cross-spawn@7.0.6 OK for: @modelcontextprotocol/sdk@1.26.0 want: ^7.0.5
663 silly placeDep ROOT eventsource@3.0.7 OK for: @modelcontextprotocol/sdk@1.26.0 want: ^3.0.2
664 silly placeDep ROOT eventsource-parser@3.0.6 OK for: @modelcontextprotocol/sdk@1.26.0 want: ^3.0.0
665 silly placeDep ROOT express@5.2.1 OK for: @modelcontextprotocol/sdk@1.26.0 want: ^5.2.1
666 silly placeDep ROOT express-rate-limit@8.3.1 OK for: @modelcontextprotocol/sdk@1.26.0 want: ^8.2.1
667 silly placeDep ROOT jose@6.2.2 OK for: @modelcontextprotocol/sdk@1.26.0 want: ^6.1.3
668 silly placeDep ROOT json-schema-typed@8.0.2 OK for: @modelcontextprotocol/sdk@1.26.0 want: ^8.0.2
669 silly placeDep ROOT pkce-challenge@5.0.1 OK for: @modelcontextprotocol/sdk@1.26.0 want: ^5.0.0
670 silly placeDep ROOT raw-body@3.0.2 OK for: @modelcontextprotocol/sdk@1.26.0 want: ^3.0.0
671 silly placeDep ROOT zod-to-json-schema@3.25.1 OK for: @modelcontextprotocol/sdk@1.26.0 want: ^3.25.1
672 silly fetch manifest object-assign@^4
673 silly packumentCache full:https://registry.npmjs.org/object-assign cache-miss
674 silly fetch manifest vary@^1
675 silly packumentCache full:https://registry.npmjs.org/vary cache-miss
676 silly fetch manifest which@^2.0.1
677 silly packumentCache full:https://registry.npmjs.org/which cache-miss
678 silly fetch manifest path-key@^3.1.0
679 silly packumentCache full:https://registry.npmjs.org/path-key cache-miss
680 silly fetch manifest shebang-command@^2.0.0
681 silly packumentCache full:https://registry.npmjs.org/shebang-command cache-miss
682 silly fetch manifest eventsource-parser@^3.0.1
683 silly packumentCache full:https://registry.npmjs.org/eventsource-parser cache-miss
684 silly fetch manifest qs@^6.14.0
685 silly packumentCache full:https://registry.npmjs.org/qs cache-miss
686 silly fetch manifest depd@^2.0.0
687 silly packumentCache full:https://registry.npmjs.org/depd cache-miss
688 silly fetch manifest etag@^1.8.1
689 silly packumentCache full:https://registry.npmjs.org/etag cache-miss
690 http cache https://registry.npmjs.org/eventsource-parser 4ms (cache hit)
691 silly packumentCache full:https://registry.npmjs.org/eventsource-parser set size:66053 disposed:false
692 silly fetch manifest once@^1.4.0
693 silly packumentCache full:https://registry.npmjs.org/once cache-miss
694 http fetch GET 200 https://registry.npmjs.org/vary 44ms (cache miss)
695 silly packumentCache full:https://registry.npmjs.org/vary set size:undefined disposed:false
696 silly fetch manifest send@^1.1.0
697 silly packumentCache full:https://registry.npmjs.org/send cache-miss
698 http fetch GET 200 https://registry.npmjs.org/path-key 45ms (cache miss)
699 silly packumentCache full:https://registry.npmjs.org/path-key set size:undefined disposed:false
700 silly fetch manifest vary@^1.1.2
701 silly packumentCache full:https://registry.npmjs.org/vary cache-miss
702 http cache https://registry.npmjs.org/vary 2ms (cache hit)
703 silly packumentCache full:https://registry.npmjs.org/vary set size:16018 disposed:false
704 silly fetch manifest debug@^4.4.0
705 silly packumentCache full:https://registry.npmjs.org/debug cache-miss
706 http fetch GET 200 https://registry.npmjs.org/object-assign 50ms (cache miss)
707 silly packumentCache full:https://registry.npmjs.org/object-assign set size:undefined disposed:false
708 silly fetch manifest fresh@^2.0.0
709 silly packumentCache full:https://registry.npmjs.org/fresh cache-miss
710 http fetch GET 200 https://registry.npmjs.org/which 51ms (cache miss)
711 silly packumentCache full:https://registry.npmjs.org/which set size:undefined disposed:false
712 silly fetch manifest cookie@^0.7.1
713 silly packumentCache full:https://registry.npmjs.org/cookie cache-miss
714 http fetch GET 200 https://registry.npmjs.org/shebang-command 57ms (cache miss)
715 silly packumentCache full:https://registry.npmjs.org/shebang-command set size:undefined disposed:false
716 silly fetch manifest router@^2.2.0
717 silly packumentCache full:https://registry.npmjs.org/router cache-miss
718 http fetch GET 200 https://registry.npmjs.org/depd 70ms (cache miss)
719 silly packumentCache full:https://registry.npmjs.org/depd set size:undefined disposed:false
720 silly fetch manifest accepts@^2.0.0
721 silly packumentCache full:https://registry.npmjs.org/accepts cache-miss
722 http fetch GET 200 https://registry.npmjs.org/qs 75ms (cache miss)
723 silly packumentCache full:https://registry.npmjs.org/qs set size:undefined disposed:false
724 silly fetch manifest type-is@^2.0.1
725 silly packumentCache full:https://registry.npmjs.org/type-is cache-miss
726 http fetch GET 200 https://registry.npmjs.org/once 77ms (cache miss)
727 silly packumentCache full:https://registry.npmjs.org/once set size:undefined disposed:false
728 silly fetch manifest parseurl@^1.3.3
729 silly packumentCache full:https://registry.npmjs.org/parseurl cache-miss
730 http fetch GET 200 https://registry.npmjs.org/etag 88ms (cache miss)
731 silly packumentCache full:https://registry.npmjs.org/etag set size:undefined disposed:false
732 silly fetch manifest statuses@^2.0.1
733 silly packumentCache full:https://registry.npmjs.org/statuses cache-miss
734 http fetch GET 200 https://registry.npmjs.org/cookie 46ms (cache miss)
735 silly packumentCache full:https://registry.npmjs.org/cookie set size:undefined disposed:false
736 silly fetch manifest encodeurl@^2.0.0
737 silly packumentCache full:https://registry.npmjs.org/encodeurl cache-miss
738 http fetch GET 200 https://registry.npmjs.org/router 44ms (cache miss)
739 silly packumentCache full:https://registry.npmjs.org/router set size:undefined disposed:false
740 silly fetch manifest mime-types@^3.0.0
741 silly packumentCache full:https://registry.npmjs.org/mime-types cache-miss
742 http fetch GET 200 https://registry.npmjs.org/debug 61ms (cache miss)
743 silly packumentCache full:https://registry.npmjs.org/debug set size:undefined disposed:false
744 silly fetch manifest proxy-addr@^2.0.7
745 silly packumentCache full:https://registry.npmjs.org/proxy-addr cache-miss
746 http fetch GET 200 https://registry.npmjs.org/send 67ms (cache miss)
747 silly packumentCache full:https://registry.npmjs.org/send set size:undefined disposed:false
748 silly fetch manifest body-parser@^2.2.1
749 silly packumentCache full:https://registry.npmjs.org/body-parser cache-miss
750 http fetch GET 200 https://registry.npmjs.org/parseurl 46ms (cache miss)
751 silly packumentCache full:https://registry.npmjs.org/parseurl set size:undefined disposed:false
752 silly fetch manifest escape-html@^1.0.3
753 silly packumentCache full:https://registry.npmjs.org/escape-html cache-miss
754 http fetch GET 200 https://registry.npmjs.org/encodeurl 37ms (cache miss)
755 silly packumentCache full:https://registry.npmjs.org/encodeurl set size:undefined disposed:false
756 silly fetch manifest http-errors@^2.0.0
757 silly packumentCache full:https://registry.npmjs.org/http-errors cache-miss
758 http fetch GET 200 https://registry.npmjs.org/fresh 90ms (cache miss)
759 silly packumentCache full:https://registry.npmjs.org/fresh set size:undefined disposed:false
760 silly fetch manifest on-finished@^2.4.1
761 silly packumentCache full:https://registry.npmjs.org/on-finished cache-miss
762 http fetch GET 200 https://registry.npmjs.org/statuses 58ms (cache miss)
763 silly packumentCache full:https://registry.npmjs.org/statuses set size:undefined disposed:false
764 silly fetch manifest finalhandler@^2.1.0
765 silly packumentCache full:https://registry.npmjs.org/finalhandler cache-miss
766 http fetch GET 200 https://registry.npmjs.org/type-is 89ms (cache miss)
767 silly packumentCache full:https://registry.npmjs.org/type-is set size:undefined disposed:false
768 silly fetch manifest range-parser@^1.2.1
769 silly packumentCache full:https://registry.npmjs.org/range-parser cache-miss
770 http fetch GET 200 https://registry.npmjs.org/proxy-addr 57ms (cache miss)
771 silly packumentCache full:https://registry.npmjs.org/proxy-addr set size:undefined disposed:false
772 silly fetch manifest serve-static@^2.2.0
773 silly packumentCache full:https://registry.npmjs.org/serve-static cache-miss
774 http fetch GET 200 https://registry.npmjs.org/body-parser 59ms (cache miss)
775 silly packumentCache full:https://registry.npmjs.org/body-parser set size:undefined disposed:false
776 silly fetch manifest cookie-signature@^1.2.1
777 silly packumentCache full:https://registry.npmjs.org/cookie-signature cache-miss
778 http fetch GET 200 https://registry.npmjs.org/mime-types 70ms (cache miss)
779 silly packumentCache full:https://registry.npmjs.org/mime-types set size:undefined disposed:false
780 silly fetch manifest merge-descriptors@^2.0.0
781 silly packumentCache full:https://registry.npmjs.org/merge-descriptors cache-miss
782 http fetch GET 200 https://registry.npmjs.org/http-errors 61ms (cache miss)
783 silly packumentCache full:https://registry.npmjs.org/http-errors set size:undefined disposed:false
784 silly fetch manifest content-disposition@^1.0.0
785 silly packumentCache full:https://registry.npmjs.org/content-disposition cache-miss
786 http fetch GET 200 https://registry.npmjs.org/escape-html 79ms (cache miss)
787 silly packumentCache full:https://registry.npmjs.org/escape-html set size:undefined disposed:false
788 silly fetch manifest ip-address@10.1.0
789 silly packumentCache full:https://registry.npmjs.org/ip-address cache-miss
790 http fetch GET 200 https://registry.npmjs.org/range-parser 42ms (cache miss)
791 silly packumentCache full:https://registry.npmjs.org/range-parser set size:undefined disposed:false
792 silly fetch manifest bytes@~3.1.2
793 silly packumentCache full:https://registry.npmjs.org/bytes cache-miss
794 http fetch GET 200 https://registry.npmjs.org/finalhandler 75ms (cache miss)
795 silly packumentCache full:https://registry.npmjs.org/finalhandler set size:undefined disposed:false
796 silly fetch manifest unpipe@~1.0.0
797 silly packumentCache full:https://registry.npmjs.org/unpipe cache-miss
798 http fetch GET 200 https://registry.npmjs.org/cookie-signature 60ms (cache miss)
799 silly packumentCache full:https://registry.npmjs.org/cookie-signature set size:undefined disposed:false
800 silly fetch manifest http-errors@~2.0.1
801 silly packumentCache full:https://registry.npmjs.org/http-errors cache-miss
802 http cache https://registry.npmjs.org/http-errors 1ms (cache hit)
803 silly packumentCache full:https://registry.npmjs.org/http-errors set size:71987 disposed:false
804 http fetch GET 200 https://registry.npmjs.org/merge-descriptors 63ms (cache miss)
805 silly packumentCache full:https://registry.npmjs.org/merge-descriptors set size:undefined disposed:false
806 http fetch GET 200 https://registry.npmjs.org/serve-static 90ms (cache miss)
807 silly packumentCache full:https://registry.npmjs.org/serve-static set size:undefined disposed:false
808 http fetch GET 200 https://registry.npmjs.org/ip-address 51ms (cache miss)
809 silly packumentCache full:https://registry.npmjs.org/ip-address set size:undefined disposed:false
810 http fetch GET 200 https://registry.npmjs.org/on-finished 123ms (cache miss)
811 silly packumentCache full:https://registry.npmjs.org/on-finished set size:undefined disposed:false
812 http fetch GET 200 https://registry.npmjs.org/bytes 56ms (cache miss)
813 silly packumentCache full:https://registry.npmjs.org/bytes set size:undefined disposed:false
814 http fetch GET 200 https://registry.npmjs.org/content-disposition 70ms (cache miss)
815 silly packumentCache full:https://registry.npmjs.org/content-disposition set size:undefined disposed:false
816 http fetch GET 200 https://registry.npmjs.org/accepts 199ms (cache miss)
817 silly packumentCache full:https://registry.npmjs.org/accepts set size:undefined disposed:false
818 http fetch GET 200 https://registry.npmjs.org/unpipe 93ms (cache miss)
819 silly packumentCache full:https://registry.npmjs.org/unpipe set size:undefined disposed:false
820 silly placeDep ROOT fast-deep-equal@3.1.3 OK for: ajv@8.18.0 want: ^3.1.3
821 silly placeDep ROOT fast-uri@3.1.0 OK for: ajv@8.18.0 want: ^3.0.1
822 silly placeDep ROOT json-schema-traverse@1.0.0 OK for: ajv@8.18.0 want: ^1.0.0
823 silly placeDep ROOT require-from-string@2.0.2 OK for: ajv@8.18.0 want: ^2.0.2
824 silly placeDep ROOT @algolia/abtesting@1.14.1 OK for: algoliasearch@5.48.1 want: 1.14.1
825 silly placeDep ROOT @algolia/client-abtesting@5.48.1 OK for: algoliasearch@5.48.1 want: 5.48.1
826 silly placeDep ROOT @algolia/client-analytics@5.48.1 OK for: algoliasearch@5.48.1 want: 5.48.1
827 silly placeDep ROOT @algolia/client-common@5.48.1 OK for: algoliasearch@5.48.1 want: 5.48.1
828 silly placeDep ROOT @algolia/client-insights@5.48.1 OK for: algoliasearch@5.48.1 want: 5.48.1
829 silly placeDep ROOT @algolia/client-personalization@5.48.1 OK for: algoliasearch@5.48.1 want: 5.48.1
830 silly placeDep ROOT @algolia/client-query-suggestions@5.48.1 OK for: algoliasearch@5.48.1 want: 5.48.1
831 silly placeDep ROOT @algolia/client-search@5.48.1 OK for: algoliasearch@5.48.1 want: 5.48.1
832 silly placeDep ROOT @algolia/ingestion@1.48.1 OK for: algoliasearch@5.48.1 want: 1.48.1
833 silly placeDep ROOT @algolia/monitoring@1.48.1 OK for: algoliasearch@5.48.1 want: 1.48.1
834 silly placeDep ROOT @algolia/recommend@5.48.1 OK for: algoliasearch@5.48.1 want: 5.48.1
835 silly placeDep ROOT @algolia/requester-browser-xhr@5.48.1 OK for: algoliasearch@5.48.1 want: 5.48.1
836 silly placeDep ROOT @algolia/requester-fetch@5.48.1 OK for: algoliasearch@5.48.1 want: 5.48.1
837 silly placeDep ROOT @algolia/requester-node-http@5.48.1 OK for: algoliasearch@5.48.1 want: 5.48.1
838 silly placeDep ROOT object-assign@4.1.1 OK for: cors@2.8.6 want: ^4
839 silly placeDep ROOT vary@1.1.2 OK for: cors@2.8.6 want: ^1
840 silly placeDep ROOT path-key@3.1.1 OK for: cross-spawn@7.0.6 want: ^3.1.0
841 silly placeDep ROOT shebang-command@2.0.0 OK for: cross-spawn@7.0.6 want: ^2.0.0
842 silly placeDep ROOT which@2.0.2 OK for: cross-spawn@7.0.6 want: ^2.0.1
843 silly fetch manifest shebang-regex@^3.0.0
844 silly packumentCache full:https://registry.npmjs.org/shebang-regex cache-miss
845 silly fetch manifest isexe@^2.0.0
846 silly packumentCache full:https://registry.npmjs.org/isexe cache-miss
847 http fetch GET 200 https://registry.npmjs.org/isexe 45ms (cache miss)
848 silly packumentCache full:https://registry.npmjs.org/isexe set size:undefined disposed:false
849 http fetch GET 200 https://registry.npmjs.org/shebang-regex 59ms (cache miss)
850 silly packumentCache full:https://registry.npmjs.org/shebang-regex set size:undefined disposed:false
851 silly placeDep ROOT accepts@2.0.0 OK for: express@5.2.1 want: ^2.0.0
852 silly placeDep ROOT body-parser@2.2.2 OK for: express@5.2.1 want: ^2.2.1
853 silly placeDep ROOT content-disposition@1.0.1 OK for: express@5.2.1 want: ^1.0.0
854 silly placeDep ROOT cookie@0.7.2 OK for: express@5.2.1 want: ^0.7.1
855 silly placeDep ROOT cookie-signature@1.2.2 OK for: express@5.2.1 want: ^1.2.1
856 silly placeDep ROOT debug@4.4.3 OK for: express@5.2.1 want: ^4.4.0
857 silly placeDep ROOT depd@2.0.0 OK for: express@5.2.1 want: ^2.0.0
858 silly placeDep ROOT encodeurl@2.0.0 OK for: express@5.2.1 want: ^2.0.0
859 silly placeDep ROOT escape-html@1.0.3 OK for: express@5.2.1 want: ^1.0.3
860 silly placeDep ROOT etag@1.8.1 OK for: express@5.2.1 want: ^1.8.1
861 silly placeDep ROOT finalhandler@2.1.1 OK for: express@5.2.1 want: ^2.1.0
862 silly placeDep ROOT fresh@2.0.0 OK for: express@5.2.1 want: ^2.0.0
863 silly placeDep ROOT http-errors@2.0.1 OK for: express@5.2.1 want: ^2.0.0
864 silly placeDep ROOT merge-descriptors@2.0.0 OK for: express@5.2.1 want: ^2.0.0
865 silly placeDep ROOT mime-types@3.0.2 OK for: express@5.2.1 want: ^3.0.0
866 silly placeDep ROOT on-finished@2.4.1 OK for: express@5.2.1 want: ^2.4.1
867 silly placeDep ROOT once@1.4.0 OK for: express@5.2.1 want: ^1.4.0
868 silly placeDep ROOT parseurl@1.3.3 OK for: express@5.2.1 want: ^1.3.3
869 silly placeDep ROOT proxy-addr@2.0.7 OK for: express@5.2.1 want: ^2.0.7
870 silly placeDep ROOT qs@6.15.0 OK for: express@5.2.1 want: ^6.14.0
871 silly placeDep ROOT range-parser@1.2.1 OK for: express@5.2.1 want: ^1.2.1
872 silly placeDep ROOT router@2.2.0 OK for: express@5.2.1 want: ^2.2.0
873 silly placeDep ROOT send@1.2.1 OK for: express@5.2.1 want: ^1.1.0
874 silly placeDep ROOT serve-static@2.2.1 OK for: express@5.2.1 want: ^2.2.0
875 silly placeDep ROOT statuses@2.0.2 OK for: express@5.2.1 want: ^2.0.1
876 silly placeDep ROOT type-is@2.0.1 OK for: express@5.2.1 want: ^2.0.1
877 silly fetch manifest negotiator@^1.0.0
878 silly packumentCache full:https://registry.npmjs.org/negotiator cache-miss
879 silly fetch manifest bytes@^3.1.2
880 silly packumentCache full:https://registry.npmjs.org/bytes cache-miss
881 silly fetch manifest debug@^4.4.3
882 silly packumentCache full:https://registry.npmjs.org/debug cache-miss
883 silly fetch manifest qs@^6.14.1
884 silly packumentCache full:https://registry.npmjs.org/qs cache-miss
885 silly fetch manifest ms@^2.1.3
886 silly packumentCache full:https://registry.npmjs.org/ms cache-miss
887 silly fetch manifest inherits@~2.0.4
888 silly packumentCache full:https://registry.npmjs.org/inherits cache-miss
889 silly fetch manifest setprototypeof@~1.2.0
890 silly packumentCache full:https://registry.npmjs.org/setprototypeof cache-miss
891 silly fetch manifest statuses@~2.0.2
892 silly packumentCache full:https://registry.npmjs.org/statuses cache-miss
893 silly fetch manifest toidentifier@~1.0.1
894 silly packumentCache full:https://registry.npmjs.org/toidentifier cache-miss
895 http cache https://registry.npmjs.org/statuses 4ms (cache hit)
896 silly packumentCache full:https://registry.npmjs.org/statuses set size:37117 disposed:false
897 silly fetch manifest mime-db@^1.54.0
898 silly packumentCache full:https://registry.npmjs.org/mime-db cache-miss
899 http cache https://registry.npmjs.org/qs 5ms (cache hit)
900 silly packumentCache full:https://registry.npmjs.org/qs set size:350258 disposed:false
901 silly fetch manifest ee-first@1.1.1
902 silly packumentCache full:https://registry.npmjs.org/ee-first cache-miss
903 http cache https://registry.npmjs.org/bytes 8ms (cache hit)
904 silly packumentCache full:https://registry.npmjs.org/bytes set size:37018 disposed:false
905 silly fetch manifest wrappy@1
906 silly packumentCache full:https://registry.npmjs.org/wrappy cache-miss
907 http cache https://registry.npmjs.org/debug 8ms (cache hit)
908 silly packumentCache full:https://registry.npmjs.org/debug set size:195840 disposed:false
909 silly fetch manifest forwarded@0.2.0
910 silly packumentCache full:https://registry.npmjs.org/forwarded cache-miss
911 http fetch GET 200 https://registry.npmjs.org/toidentifier 44ms (cache miss)
912 silly packumentCache full:https://registry.npmjs.org/toidentifier set size:undefined disposed:false
913 silly fetch manifest ipaddr.js@1.9.1
914 silly packumentCache full:https://registry.npmjs.org/ipaddr.js cache-miss
915 http fetch GET 200 https://registry.npmjs.org/inherits 46ms (cache miss)
916 silly packumentCache full:https://registry.npmjs.org/inherits set size:undefined disposed:false
917 silly fetch manifest side-channel@^1.1.0
918 silly packumentCache full:https://registry.npmjs.org/side-channel cache-miss
919 http fetch GET 200 https://registry.npmjs.org/wrappy 50ms (cache miss)
920 silly packumentCache full:https://registry.npmjs.org/wrappy set size:undefined disposed:false
921 silly fetch manifest is-promise@^4.0.0
922 silly packumentCache full:https://registry.npmjs.org/is-promise cache-miss
923 http fetch GET 200 https://registry.npmjs.org/forwarded 53ms (cache miss)
924 silly packumentCache full:https://registry.npmjs.org/forwarded set size:undefined disposed:false
925 silly fetch manifest path-to-regexp@^8.0.0
926 silly packumentCache full:https://registry.npmjs.org/path-to-regexp cache-miss
927 http fetch GET 200 https://registry.npmjs.org/mime-db 58ms (cache miss)
928 silly packumentCache full:https://registry.npmjs.org/mime-db set size:undefined disposed:false
929 silly fetch manifest ms@^2.1.3
930 silly packumentCache full:https://registry.npmjs.org/ms cache-miss
931 http fetch GET 200 https://registry.npmjs.org/ee-first 59ms (cache miss)
932 silly packumentCache full:https://registry.npmjs.org/ee-first set size:undefined disposed:false
933 silly fetch manifest statuses@^2.0.2
934 silly packumentCache full:https://registry.npmjs.org/statuses cache-hit
935 silly fetch manifest media-typer@^1.1.0
936 silly packumentCache full:https://registry.npmjs.org/media-typer cache-miss
937 http fetch GET 200 https://registry.npmjs.org/ms 65ms (cache miss)
938 silly packumentCache full:https://registry.npmjs.org/ms set size:undefined disposed:false
939 http fetch GET 200 https://registry.npmjs.org/setprototypeof 67ms (cache miss)
940 silly packumentCache full:https://registry.npmjs.org/setprototypeof set size:undefined disposed:false
941 http fetch GET 200 https://registry.npmjs.org/negotiator 82ms (cache miss)
942 silly packumentCache full:https://registry.npmjs.org/negotiator set size:undefined disposed:false
943 http fetch GET 200 https://registry.npmjs.org/is-promise 42ms (cache miss)
944 silly packumentCache full:https://registry.npmjs.org/is-promise set size:undefined disposed:false
945 http fetch GET 200 https://registry.npmjs.org/ms 53ms (cache miss)
946 silly packumentCache full:https://registry.npmjs.org/ms set size:undefined disposed:false
947 http fetch GET 200 https://registry.npmjs.org/media-typer 56ms (cache miss)
948 silly packumentCache full:https://registry.npmjs.org/media-typer set size:undefined disposed:false
949 http fetch GET 200 https://registry.npmjs.org/ipaddr.js 97ms (cache miss)
950 silly packumentCache full:https://registry.npmjs.org/ipaddr.js set size:undefined disposed:false
951 http fetch GET 200 https://registry.npmjs.org/path-to-regexp 81ms (cache miss)
952 silly packumentCache full:https://registry.npmjs.org/path-to-regexp set size:undefined disposed:false
953 http fetch GET 200 https://registry.npmjs.org/side-channel 206ms (cache miss)
954 silly packumentCache full:https://registry.npmjs.org/side-channel set size:undefined disposed:false
955 silly placeDep ROOT negotiator@1.0.0 OK for: accepts@2.0.0 want: ^1.0.0
956 silly placeDep ROOT bytes@3.1.2 OK for: body-parser@2.2.2 want: ^3.1.2
957 silly placeDep ROOT ms@2.1.3 OK for: debug@4.4.3 want: ^2.1.3
958 silly placeDep ROOT ip-address@10.1.0 OK for: express-rate-limit@8.3.1 want: 10.1.0
959 silly placeDep ROOT inherits@2.0.4 OK for: http-errors@2.0.1 want: ~2.0.4
960 silly placeDep ROOT setprototypeof@1.2.0 OK for: http-errors@2.0.1 want: ~1.2.0
961 silly placeDep ROOT toidentifier@1.0.1 OK for: http-errors@2.0.1 want: ~1.0.1
962 silly placeDep ROOT safer-buffer@2.1.2 OK for: iconv-lite@0.7.2 want: >= 2.1.2 < 3.0.0
963 silly placeDep ROOT cli-truncate@5.2.0 OK for: listr2@9.0.5 want: ^5.0.0
964 silly placeDep ROOT colorette@2.0.20 OK for: listr2@9.0.5 want: ^2.0.20
965 silly placeDep ROOT eventemitter3@5.0.4 OK for: listr2@9.0.5 want: ^5.0.1
966 silly placeDep ROOT log-update@6.1.0 OK for: listr2@9.0.5 want: ^6.1.0
967 silly placeDep ROOT rfdc@1.4.1 OK for: listr2@9.0.5 want: ^1.4.1
968 silly placeDep node_modules/listr2 wrap-ansi@9.0.2 OK for: listr2@9.0.5 want: ^9.0.0
969 silly fetch manifest slice-ansi@^8.0.0
970 silly packumentCache full:https://registry.npmjs.org/slice-ansi cache-miss
971 silly fetch manifest string-width@^8.2.0
972 silly packumentCache full:https://registry.npmjs.org/string-width cache-hit
973 silly fetch manifest slice-ansi@^7.1.0
974 silly packumentCache full:https://registry.npmjs.org/slice-ansi cache-miss
975 silly fetch manifest strip-ansi@^7.1.0
976 silly packumentCache full:https://registry.npmjs.org/strip-ansi cache-miss
977 silly fetch manifest ansi-escapes@^7.0.0
978 silly packumentCache full:https://registry.npmjs.org/ansi-escapes cache-miss
979 silly fetch manifest strip-ansi@^7.1.0
980 silly packumentCache full:https://registry.npmjs.org/strip-ansi cache-miss
981 silly fetch manifest ansi-styles@^6.2.1
982 silly packumentCache full:https://registry.npmjs.org/ansi-styles cache-miss
983 silly fetch manifest string-width@^7.0.0
984 silly packumentCache full:https://registry.npmjs.org/string-width cache-hit
985 http cache https://registry.npmjs.org/ansi-styles 3ms (cache hit)
986 silly packumentCache full:https://registry.npmjs.org/ansi-styles set size:63233 disposed:false
987 http cache https://registry.npmjs.org/strip-ansi 3ms (cache hit)
988 silly packumentCache full:https://registry.npmjs.org/strip-ansi set size:44998 disposed:false
989 http cache https://registry.npmjs.org/strip-ansi 4ms (cache hit)
990 silly packumentCache full:https://registry.npmjs.org/strip-ansi set size:44998 disposed:false
991 silly packumentCache full:https://registry.npmjs.org/strip-ansi dispose
992 http fetch GET 200 https://registry.npmjs.org/slice-ansi 35ms (cache miss)
993 silly packumentCache full:https://registry.npmjs.org/slice-ansi set size:undefined disposed:false
994 http fetch GET 200 https://registry.npmjs.org/slice-ansi 60ms (cache miss)
995 silly packumentCache full:https://registry.npmjs.org/slice-ansi set size:undefined disposed:false
996 http fetch GET 200 https://registry.npmjs.org/ansi-escapes 85ms (cache miss)
997 silly packumentCache full:https://registry.npmjs.org/ansi-escapes set size:undefined disposed:false
998 silly placeDep ROOT slice-ansi@8.0.0 OK for: cli-truncate@5.2.0 want: ^8.0.0
999 silly placeDep ROOT string-width@8.2.0 OK for: cli-truncate@5.2.0 want: ^8.2.0
1000 silly fetch manifest ansi-styles@^6.2.3
1001 silly packumentCache full:https://registry.npmjs.org/ansi-styles cache-hit
1002 silly fetch manifest is-fullwidth-code-point@^5.1.0
1003 silly packumentCache full:https://registry.npmjs.org/is-fullwidth-code-point cache-miss
1004 silly fetch manifest get-east-asian-width@^1.5.0
1005 silly packumentCache full:https://registry.npmjs.org/get-east-asian-width cache-miss
1006 silly fetch manifest strip-ansi@^7.1.2
1007 silly packumentCache full:https://registry.npmjs.org/strip-ansi cache-hit
1008 http fetch GET 200 https://registry.npmjs.org/get-east-asian-width 48ms (cache miss)
1009 silly packumentCache full:https://registry.npmjs.org/get-east-asian-width set size:undefined disposed:false
1010 http fetch GET 200 https://registry.npmjs.org/is-fullwidth-code-point 75ms (cache miss)
1011 silly packumentCache full:https://registry.npmjs.org/is-fullwidth-code-point set size:undefined disposed:false
1012 silly placeDep ROOT ansi-escapes@7.3.0 OK for: log-update@6.1.0 want: ^7.0.0
1013 silly placeDep ROOT cli-cursor@5.0.0 OK for: log-update@6.1.0 want: ^5.0.0
1014 silly placeDep node_modules/log-update slice-ansi@7.1.2 OK for: log-update@6.1.0 want: ^7.1.0
1015 silly placeDep ROOT strip-ansi@7.2.0 OK for: log-update@6.1.0 want: ^7.1.0
1016 silly placeDep node_modules/log-update wrap-ansi@9.0.2 OK for: log-update@6.1.0 want: ^9.0.0
1017 silly fetch manifest environment@^1.0.0
1018 silly packumentCache full:https://registry.npmjs.org/environment cache-miss
1019 silly fetch manifest restore-cursor@^5.0.0
1020 silly packumentCache full:https://registry.npmjs.org/restore-cursor cache-miss
1021 silly fetch manifest is-fullwidth-code-point@^5.0.0
1022 silly packumentCache full:https://registry.npmjs.org/is-fullwidth-code-point cache-miss
1023 silly fetch manifest ansi-regex@^6.2.2
1024 silly packumentCache full:https://registry.npmjs.org/ansi-regex cache-miss
1025 http cache https://registry.npmjs.org/is-fullwidth-code-point 2ms (cache hit)
1026 silly packumentCache full:https://registry.npmjs.org/is-fullwidth-code-point set size:14578 disposed:false
1027 http fetch GET 200 https://registry.npmjs.org/environment 47ms (cache miss)
1028 silly packumentCache full:https://registry.npmjs.org/environment set size:undefined disposed:false
1029 http fetch GET 200 https://registry.npmjs.org/restore-cursor 48ms (cache miss)
1030 silly packumentCache full:https://registry.npmjs.org/restore-cursor set size:undefined disposed:false
1031 http fetch GET 200 https://registry.npmjs.org/ansi-regex 55ms (cache miss)
1032 silly packumentCache full:https://registry.npmjs.org/ansi-regex set size:undefined disposed:false
1033 silly placeDep ROOT environment@1.1.0 OK for: ansi-escapes@7.3.0 want: ^1.0.0
1034 silly placeDep ROOT restore-cursor@5.1.0 OK for: cli-cursor@5.0.0 want: ^5.0.0
1035 silly fetch manifest onetime@^7.0.0
1036 silly packumentCache full:https://registry.npmjs.org/onetime cache-miss
1037 http fetch GET 200 https://registry.npmjs.org/onetime 63ms (cache miss)
1038 silly packumentCache full:https://registry.npmjs.org/onetime set size:undefined disposed:false
1039 silly placeDep ROOT @jridgewell/sourcemap-codec@1.5.5 OK for: magic-string@0.30.21 want: ^1.5.5
1040 silly placeDep ROOT mime-db@1.54.0 OK for: mime-types@3.0.2 want: ^1.54.0
1041 silly placeDep ROOT hosted-git-info@9.0.2 OK for: npm-package-arg@13.0.2 want: ^9.0.0
1042 silly placeDep ROOT proc-log@6.1.0 OK for: npm-package-arg@13.0.2 want: ^6.0.0
1043 silly placeDep ROOT validate-npm-package-name@7.0.2 OK for: npm-package-arg@13.0.2 want: ^7.0.0
1044 silly fetch manifest lru-cache@^11.1.0
1045 silly packumentCache full:https://registry.npmjs.org/lru-cache cache-miss
1046 http fetch GET 200 https://registry.npmjs.org/lru-cache 58ms (cache miss)
1047 silly packumentCache full:https://registry.npmjs.org/lru-cache set size:undefined disposed:false
1048 silly placeDep ROOT lru-cache@11.2.7 OK for: hosted-git-info@9.0.2 want: ^11.1.0
1049 silly placeDep ROOT ee-first@1.1.1 OK for: on-finished@2.4.1 want: 1.1.1
1050 silly placeDep ROOT wrappy@1.0.2 OK for: once@1.4.0 want: 1
1051 silly placeDep ROOT chalk@5.6.2 OK for: ora@9.3.0 want: ^5.6.2
1052 silly placeDep ROOT cli-spinners@3.4.0 OK for: ora@9.3.0 want: ^3.2.0
1053 silly placeDep ROOT is-interactive@2.0.0 OK for: ora@9.3.0 want: ^2.0.0
1054 silly placeDep ROOT is-unicode-supported@2.1.0 OK for: ora@9.3.0 want: ^2.1.0
1055 silly placeDep ROOT log-symbols@7.0.1 OK for: ora@9.3.0 want: ^7.0.1
1056 silly placeDep ROOT stdin-discarder@0.3.1 OK for: ora@9.3.0 want: ^0.3.1
1057 silly fetch manifest yoctocolors@^2.1.1
1058 silly packumentCache full:https://registry.npmjs.org/yoctocolors cache-miss
1059 http fetch GET 200 https://registry.npmjs.org/yoctocolors 181ms (cache miss)
1060 silly packumentCache full:https://registry.npmjs.org/yoctocolors set size:undefined disposed:false
1061 silly placeDep ROOT yoctocolors@2.1.2 OK for: log-symbols@7.0.1 want: ^2.1.1
1062 silly placeDep ROOT @npmcli/git@7.0.2 OK for: pacote@21.3.1 want: ^7.0.0
1063 silly placeDep ROOT @npmcli/installed-package-contents@4.0.0 OK for: pacote@21.3.1 want: ^4.0.0
1064 silly placeDep ROOT @npmcli/package-json@7.0.5 OK for: pacote@21.3.1 want: ^7.0.0
1065 silly placeDep ROOT @npmcli/promise-spawn@9.0.1 OK for: pacote@21.3.1 want: ^9.0.0
1066 silly placeDep ROOT @npmcli/run-script@10.0.4 OK for: pacote@21.3.1 want: ^10.0.0
1067 silly placeDep ROOT cacache@20.0.4 OK for: pacote@21.3.1 want: ^20.0.0
1068 silly placeDep ROOT fs-minipass@3.0.3 OK for: pacote@21.3.1 want: ^3.0.0
1069 silly placeDep ROOT minipass@7.1.3 OK for: pacote@21.3.1 want: ^7.0.2
1070 silly placeDep ROOT npm-packlist@10.0.4 OK for: pacote@21.3.1 want: ^10.0.1
1071 silly placeDep ROOT npm-pick-manifest@11.0.3 OK for: pacote@21.3.1 want: ^11.0.1
1072 silly placeDep ROOT npm-registry-fetch@19.1.1 OK for: pacote@21.3.1 want: ^19.0.0
1073 silly placeDep ROOT promise-retry@2.0.1 OK for: pacote@21.3.1 want: ^2.0.1
1074 silly placeDep ROOT sigstore@4.1.0 OK for: pacote@21.3.1 want: ^4.0.0
1075 silly placeDep ROOT ssri@13.0.1 OK for: pacote@21.3.1 want: ^13.0.0
1076 silly placeDep ROOT tar@7.5.11 OK for: pacote@21.3.1 want: ^7.4.3
1077 silly fetch manifest @gar/promise-retry@^1.0.0
1078 silly packumentCache full:https://registry.npmjs.org/@gar%2fpromise-retry cache-miss
1079 silly fetch manifest which@^6.0.0
1080 silly packumentCache full:https://registry.npmjs.org/which cache-miss
1081 silly fetch manifest npm-bundled@^5.0.0
1082 silly packumentCache full:https://registry.npmjs.org/npm-bundled cache-miss
1083 silly fetch manifest npm-normalize-package-bin@^5.0.0
1084 silly packumentCache full:https://registry.npmjs.org/npm-normalize-package-bin cache-miss
1085 silly fetch manifest glob@^13.0.0
1086 silly packumentCache full:https://registry.npmjs.org/glob cache-miss
1087 silly fetch manifest json-parse-even-better-errors@^5.0.0
1088 silly packumentCache full:https://registry.npmjs.org/json-parse-even-better-errors cache-miss
1089 silly fetch manifest spdx-expression-parse@^4.0.0
1090 silly packumentCache full:https://registry.npmjs.org/spdx-expression-parse cache-miss
1091 silly fetch manifest which@^6.0.0
1092 silly packumentCache full:https://registry.npmjs.org/which cache-miss
1093 silly fetch manifest @npmcli/node-gyp@^5.0.0
1094 silly packumentCache full:https://registry.npmjs.org/@npmcli%2fnode-gyp cache-miss
1095 http cache https://registry.npmjs.org/which 4ms (cache hit)
1096 silly packumentCache full:https://registry.npmjs.org/which set size:67805 disposed:false
1097 silly fetch manifest node-gyp@^12.1.0
1098 silly packumentCache full:https://registry.npmjs.org/node-gyp cache-miss
1099 http cache https://registry.npmjs.org/which 4ms (cache hit)
1100 silly packumentCache full:https://registry.npmjs.org/which set size:67805 disposed:false
1101 silly packumentCache full:https://registry.npmjs.org/which dispose
1102 silly fetch manifest @npmcli/fs@^5.0.0
1103 silly packumentCache full:https://registry.npmjs.org/@npmcli%2ffs cache-miss
1104 http fetch GET 200 https://registry.npmjs.org/spdx-expression-parse 52ms (cache miss)
1105 silly packumentCache full:https://registry.npmjs.org/spdx-expression-parse set size:undefined disposed:false
1106 silly fetch manifest glob@^13.0.0
1107 silly packumentCache full:https://registry.npmjs.org/glob cache-miss
1108 http fetch GET 200 https://registry.npmjs.org/json-parse-even-better-errors 58ms (cache miss)
1109 silly packumentCache full:https://registry.npmjs.org/json-parse-even-better-errors set size:undefined disposed:false
1110 silly fetch manifest minipass@^7.0.3
1111 silly packumentCache full:https://registry.npmjs.org/minipass cache-miss
1112 http cache https://registry.npmjs.org/minipass 1ms (cache hit)
1113 silly packumentCache full:https://registry.npmjs.org/minipass set size:276925 disposed:false
1114 silly fetch manifest minipass-collect@^2.0.1
1115 silly packumentCache full:https://registry.npmjs.org/minipass-collect cache-miss
1116 http fetch GET 200 https://registry.npmjs.org/node-gyp 62ms (cache miss)
1117 silly packumentCache full:https://registry.npmjs.org/node-gyp set size:undefined disposed:false
1118 silly fetch manifest minipass-flush@^1.0.5
1119 silly packumentCache full:https://registry.npmjs.org/minipass-flush cache-miss
1120 http fetch GET 200 https://registry.npmjs.org/npm-normalize-package-bin 72ms (cache miss)
1121 silly packumentCache full:https://registry.npmjs.org/npm-normalize-package-bin set size:undefined disposed:false
1122 silly fetch manifest minipass-pipeline@^1.2.4
1123 silly packumentCache full:https://registry.npmjs.org/minipass-pipeline cache-miss
1124 http fetch GET 200 https://registry.npmjs.org/glob 73ms (cache miss)
1125 silly packumentCache full:https://registry.npmjs.org/glob set size:undefined disposed:false
1126 silly fetch manifest p-map@^7.0.2
1127 silly packumentCache full:https://registry.npmjs.org/p-map cache-miss
1128 http fetch GET 200 https://registry.npmjs.org/@npmcli%2ffs 78ms (cache miss)
1129 silly packumentCache full:https://registry.npmjs.org/@npmcli%2ffs set size:undefined disposed:false
1130 silly fetch manifest ignore-walk@^8.0.0
1131 silly packumentCache full:https://registry.npmjs.org/ignore-walk cache-miss
1132 http fetch GET 200 https://registry.npmjs.org/glob 42ms (cache miss)
1133 silly packumentCache full:https://registry.npmjs.org/glob set size:undefined disposed:false
1134 silly fetch manifest npm-install-checks@^8.0.0
1135 silly packumentCache full:https://registry.npmjs.org/npm-install-checks cache-miss
1136 http fetch GET 200 https://registry.npmjs.org/minipass-pipeline 34ms (cache miss)
1137 silly packumentCache full:https://registry.npmjs.org/minipass-pipeline set size:undefined disposed:false
1138 silly fetch manifest @npmcli/redact@^4.0.0
1139 silly packumentCache full:https://registry.npmjs.org/@npmcli%2fredact cache-miss
1140 http fetch GET 200 https://registry.npmjs.org/minipass-collect 45ms (cache miss)
1141 silly packumentCache full:https://registry.npmjs.org/minipass-collect set size:undefined disposed:false
1142 silly fetch manifest jsonparse@^1.3.1
1143 silly packumentCache full:https://registry.npmjs.org/jsonparse cache-miss
1144 http fetch GET 200 https://registry.npmjs.org/minipass-flush 62ms (cache miss)
1145 silly packumentCache full:https://registry.npmjs.org/minipass-flush set size:undefined disposed:false
1146 silly fetch manifest make-fetch-happen@^15.0.0
1147 silly packumentCache full:https://registry.npmjs.org/make-fetch-happen cache-miss
1148 http fetch GET 200 https://registry.npmjs.org/p-map 56ms (cache miss)
1149 silly packumentCache full:https://registry.npmjs.org/p-map set size:undefined disposed:false
1150 silly fetch manifest minipass-fetch@^5.0.0
1151 silly packumentCache full:https://registry.npmjs.org/minipass-fetch cache-miss
1152 http fetch GET 200 https://registry.npmjs.org/npm-install-checks 42ms (cache miss)
1153 silly packumentCache full:https://registry.npmjs.org/npm-install-checks set size:undefined disposed:false
1154 silly fetch manifest minizlib@^3.0.1
1155 silly packumentCache full:https://registry.npmjs.org/minizlib cache-miss
1156 http fetch GET 200 https://registry.npmjs.org/ignore-walk 54ms (cache miss)
1157 silly packumentCache full:https://registry.npmjs.org/ignore-walk set size:undefined disposed:false
1158 silly fetch manifest err-code@^2.0.2
1159 silly packumentCache full:https://registry.npmjs.org/err-code cache-miss
1160 http fetch GET 200 https://registry.npmjs.org/jsonparse 51ms (cache miss)
1161 silly packumentCache full:https://registry.npmjs.org/jsonparse set size:undefined disposed:false
1162 silly fetch manifest retry@^0.12.0
1163 silly packumentCache full:https://registry.npmjs.org/retry cache-miss
1164 http fetch GET 200 https://registry.npmjs.org/minipass-fetch 42ms (cache miss)
1165 silly packumentCache full:https://registry.npmjs.org/minipass-fetch set size:undefined disposed:false
1166 silly fetch manifest @sigstore/bundle@^4.0.0
1167 silly packumentCache full:https://registry.npmjs.org/@sigstore%2fbundle cache-miss
1168 http fetch GET 200 https://registry.npmjs.org/@npmcli%2fredact 76ms (cache miss)
1169 silly packumentCache full:https://registry.npmjs.org/@npmcli%2fredact set size:undefined disposed:false
1170 silly fetch manifest @sigstore/core@^3.1.0
1171 silly packumentCache full:https://registry.npmjs.org/@sigstore%2fcore cache-miss
1172 http fetch GET 200 https://registry.npmjs.org/npm-bundled 195ms (cache miss)
1173 silly packumentCache full:https://registry.npmjs.org/npm-bundled set size:undefined disposed:false
1174 silly fetch manifest @sigstore/protobuf-specs@^0.5.0
1175 silly packumentCache full:https://registry.npmjs.org/@sigstore%2fprotobuf-specs cache-miss
1176 http fetch GET 200 https://registry.npmjs.org/err-code 64ms (cache miss)
1177 silly packumentCache full:https://registry.npmjs.org/err-code set size:undefined disposed:false
1178 silly fetch manifest @sigstore/sign@^4.1.0
1179 silly packumentCache full:https://registry.npmjs.org/@sigstore%2fsign cache-miss
1180 http fetch GET 200 https://registry.npmjs.org/retry 46ms (cache miss)
1181 silly packumentCache full:https://registry.npmjs.org/retry set size:undefined disposed:false
1182 silly fetch manifest @sigstore/tuf@^4.0.1
1183 silly packumentCache full:https://registry.npmjs.org/@sigstore%2ftuf cache-miss
1184 http fetch GET 200 https://registry.npmjs.org/minizlib 78ms (cache miss)
1185 silly packumentCache full:https://registry.npmjs.org/minizlib set size:undefined disposed:false
1186 silly fetch manifest @sigstore/verify@^3.1.0
1187 silly packumentCache full:https://registry.npmjs.org/@sigstore%2fverify cache-miss
1188 http fetch GET 200 https://registry.npmjs.org/make-fetch-happen 86ms (cache miss)
1189 silly packumentCache full:https://registry.npmjs.org/make-fetch-happen set size:undefined disposed:false
1190 silly fetch manifest @isaacs/fs-minipass@^4.0.0
1191 silly packumentCache full:https://registry.npmjs.org/@isaacs%2ffs-minipass cache-miss
1192 http fetch GET 200 https://registry.npmjs.org/@gar%2fpromise-retry 233ms (cache miss)
1193 silly packumentCache full:https://registry.npmjs.org/@gar%2fpromise-retry set size:undefined disposed:false
1194 silly fetch manifest chownr@^3.0.0
1195 silly packumentCache full:https://registry.npmjs.org/chownr cache-miss
1196 http fetch GET 200 https://registry.npmjs.org/@npmcli%2fnode-gyp 281ms (cache miss)
1197 silly packumentCache full:https://registry.npmjs.org/@npmcli%2fnode-gyp set size:undefined disposed:false
1198 silly fetch manifest minizlib@^3.1.0
1199 silly packumentCache full:https://registry.npmjs.org/minizlib cache-miss
1200 http cache https://registry.npmjs.org/minizlib 1ms (cache hit)
1201 silly packumentCache full:https://registry.npmjs.org/minizlib set size:62862 disposed:false
1202 silly fetch manifest yallist@^5.0.0
1203 silly packumentCache full:https://registry.npmjs.org/yallist cache-miss
1204 http fetch GET 200 https://registry.npmjs.org/chownr 106ms (cache miss)
1205 silly packumentCache full:https://registry.npmjs.org/chownr set size:undefined disposed:false
1206 http fetch GET 200 https://registry.npmjs.org/@sigstore%2fprotobuf-specs 197ms (cache miss)
1207 silly packumentCache full:https://registry.npmjs.org/@sigstore%2fprotobuf-specs set size:undefined disposed:false
1208 http fetch GET 200 https://registry.npmjs.org/@sigstore%2fsign 209ms (cache miss)
1209 silly packumentCache full:https://registry.npmjs.org/@sigstore%2fsign set size:undefined disposed:false
1210 http fetch GET 200 https://registry.npmjs.org/yallist 233ms (cache miss)
1211 silly packumentCache full:https://registry.npmjs.org/yallist set size:undefined disposed:false
1212 http fetch GET 200 https://registry.npmjs.org/@sigstore%2fbundle 360ms (cache miss)
1213 silly packumentCache full:https://registry.npmjs.org/@sigstore%2fbundle set size:undefined disposed:false
1214 http fetch GET 200 https://registry.npmjs.org/@isaacs%2ffs-minipass 317ms (cache miss)
1215 silly packumentCache full:https://registry.npmjs.org/@isaacs%2ffs-minipass set size:undefined disposed:false
1216 http fetch GET 200 https://registry.npmjs.org/@sigstore%2ftuf 477ms (cache miss)
1217 silly packumentCache full:https://registry.npmjs.org/@sigstore%2ftuf set size:undefined disposed:false
1218 http fetch GET 200 https://registry.npmjs.org/@sigstore%2fcore 499ms (cache miss)
1219 silly packumentCache full:https://registry.npmjs.org/@sigstore%2fcore set size:undefined disposed:false
1220 http fetch GET 200 https://registry.npmjs.org/@sigstore%2fverify 498ms (cache miss)
1221 silly packumentCache full:https://registry.npmjs.org/@sigstore%2fverify set size:undefined disposed:false
1222 silly placeDep ROOT @gar/promise-retry@1.0.3 OK for: @npmcli/git@7.0.2 want: ^1.0.0
1223 silly placeDep node_modules/@npmcli/git which@6.0.1 OK for: @npmcli/git@7.0.2 want: ^6.0.0
1224 silly fetch manifest isexe@^4.0.0
1225 silly packumentCache full:https://registry.npmjs.org/isexe cache-miss
1226 http cache https://registry.npmjs.org/isexe 1ms (cache hit)
1227 silly packumentCache full:https://registry.npmjs.org/isexe set size:31756 disposed:false
1228 silly placeDep ROOT npm-bundled@5.0.0 OK for: @npmcli/installed-package-contents@4.0.0 want: ^5.0.0
1229 silly placeDep ROOT npm-normalize-package-bin@5.0.0 OK for: @npmcli/installed-package-contents@4.0.0 want: ^5.0.0
1230 silly placeDep ROOT glob@13.0.6 OK for: @npmcli/package-json@7.0.5 want: ^13.0.0
1231 silly placeDep ROOT json-parse-even-better-errors@5.0.0 OK for: @npmcli/package-json@7.0.5 want: ^5.0.0
1232 silly placeDep ROOT spdx-expression-parse@4.0.0 OK for: @npmcli/package-json@7.0.5 want: ^4.0.0
1233 silly fetch manifest minimatch@^10.2.2
1234 silly packumentCache full:https://registry.npmjs.org/minimatch cache-miss
1235 silly fetch manifest path-scurry@^2.0.2
1236 silly packumentCache full:https://registry.npmjs.org/path-scurry cache-miss
1237 silly fetch manifest spdx-exceptions@^2.1.0
1238 silly packumentCache full:https://registry.npmjs.org/spdx-exceptions cache-miss
1239 silly fetch manifest spdx-license-ids@^3.0.0
1240 silly packumentCache full:https://registry.npmjs.org/spdx-license-ids cache-miss
1241 http fetch GET 200 https://registry.npmjs.org/path-scurry 47ms (cache miss)
1242 silly packumentCache full:https://registry.npmjs.org/path-scurry set size:undefined disposed:false
1243 http fetch GET 200 https://registry.npmjs.org/spdx-exceptions 51ms (cache miss)
1244 silly packumentCache full:https://registry.npmjs.org/spdx-exceptions set size:undefined disposed:false
1245 http fetch GET 200 https://registry.npmjs.org/spdx-license-ids 54ms (cache miss)
1246 silly packumentCache full:https://registry.npmjs.org/spdx-license-ids set size:undefined disposed:false
1247 http fetch GET 200 https://registry.npmjs.org/minimatch 98ms (cache miss)
1248 silly packumentCache full:https://registry.npmjs.org/minimatch set size:undefined disposed:false
1249 silly placeDep node_modules/@npmcli/promise-spawn which@6.0.1 OK for: @npmcli/promise-spawn@9.0.1 want: ^6.0.0
1250 silly placeDep ROOT @npmcli/node-gyp@5.0.0 OK for: @npmcli/run-script@10.0.4 want: ^5.0.0
1251 silly placeDep ROOT node-gyp@12.2.0 OK for: @npmcli/run-script@10.0.4 want: ^12.1.0
1252 silly fetch manifest env-paths@^2.2.0
1253 silly packumentCache full:https://registry.npmjs.org/env-paths cache-miss
1254 silly fetch manifest exponential-backoff@^3.1.1
1255 silly packumentCache full:https://registry.npmjs.org/exponential-backoff cache-miss
1256 silly fetch manifest graceful-fs@^4.2.6
1257 silly packumentCache full:https://registry.npmjs.org/graceful-fs cache-miss
1258 silly fetch manifest nopt@^9.0.0
1259 silly packumentCache full:https://registry.npmjs.org/nopt cache-miss
1260 silly fetch manifest tinyglobby@^0.2.12
1261 silly packumentCache full:https://registry.npmjs.org/tinyglobby cache-miss
1262 http fetch GET 200 https://registry.npmjs.org/tinyglobby 79ms (cache miss)
1263 silly packumentCache full:https://registry.npmjs.org/tinyglobby set size:undefined disposed:false
1264 http fetch GET 200 https://registry.npmjs.org/exponential-backoff 80ms (cache miss)
1265 silly packumentCache full:https://registry.npmjs.org/exponential-backoff set size:undefined disposed:false
1266 http fetch GET 200 https://registry.npmjs.org/graceful-fs 80ms (cache miss)
1267 silly packumentCache full:https://registry.npmjs.org/graceful-fs set size:undefined disposed:false
1268 http fetch GET 200 https://registry.npmjs.org/env-paths 82ms (cache miss)
1269 silly packumentCache full:https://registry.npmjs.org/env-paths set size:undefined disposed:false
1270 http fetch GET 200 https://registry.npmjs.org/nopt 83ms (cache miss)
1271 silly packumentCache full:https://registry.npmjs.org/nopt set size:undefined disposed:false
1272 silly placeDep ROOT @npmcli/fs@5.0.0 OK for: cacache@20.0.4 want: ^5.0.0
1273 silly placeDep ROOT minipass-collect@2.0.1 OK for: cacache@20.0.4 want: ^2.0.1
1274 silly placeDep ROOT minipass-flush@1.0.5 OK for: cacache@20.0.4 want: ^1.0.5
1275 silly placeDep ROOT minipass-pipeline@1.2.4 OK for: cacache@20.0.4 want: ^1.2.4
1276 silly placeDep ROOT p-map@7.0.4 OK for: cacache@20.0.4 want: ^7.0.2
1277 silly fetch manifest minipass@^3.0.0
1278 silly packumentCache full:https://registry.npmjs.org/minipass cache-hit
1279 silly fetch manifest minipass@^3.0.0
1280 silly packumentCache full:https://registry.npmjs.org/minipass cache-hit
1281 silly placeDep ROOT minimatch@10.2.4 OK for: glob@13.0.6 want: ^10.2.2
1282 silly placeDep ROOT path-scurry@2.0.2 OK for: glob@13.0.6 want: ^2.0.2
1283 silly fetch manifest brace-expansion@^5.0.2
1284 silly packumentCache full:https://registry.npmjs.org/brace-expansion cache-miss
1285 http fetch GET 200 https://registry.npmjs.org/brace-expansion 41ms (cache miss)
1286 silly packumentCache full:https://registry.npmjs.org/brace-expansion set size:undefined disposed:false
1287 silly placeDep ROOT brace-expansion@5.0.4 OK for: minimatch@10.2.4 want: ^5.0.2
1288 silly fetch manifest balanced-match@^4.0.2
1289 silly packumentCache full:https://registry.npmjs.org/balanced-match cache-miss
1290 http fetch GET 200 https://registry.npmjs.org/balanced-match 40ms (cache miss)
1291 silly packumentCache full:https://registry.npmjs.org/balanced-match set size:undefined disposed:false
1292 silly placeDep ROOT balanced-match@4.0.4 OK for: brace-expansion@5.0.4 want: ^4.0.2
1293 silly placeDep node_modules/minipass-flush minipass@3.3.6 OK for: minipass-flush@1.0.5 want: ^3.0.0
1294 silly fetch manifest yallist@^4.0.0
1295 silly packumentCache full:https://registry.npmjs.org/yallist cache-miss
1296 http cache https://registry.npmjs.org/yallist 1ms (cache hit)
1297 silly packumentCache full:https://registry.npmjs.org/yallist set size:34610 disposed:false
1298 silly placeDep node_modules/minipass-pipeline minipass@3.3.6 OK for: minipass-pipeline@1.2.4 want: ^3.0.0
1299 silly placeDep ROOT env-paths@2.2.1 OK for: node-gyp@12.2.0 want: ^2.2.0
1300 silly placeDep ROOT exponential-backoff@3.1.3 OK for: node-gyp@12.2.0 want: ^3.1.1
1301 silly placeDep ROOT graceful-fs@4.2.11 OK for: node-gyp@12.2.0 want: ^4.2.6
1302 silly placeDep ROOT make-fetch-happen@15.0.5 OK for: node-gyp@12.2.0 want: ^15.0.0
1303 silly placeDep ROOT nopt@9.0.0 OK for: node-gyp@12.2.0 want: ^9.0.0
1304 silly placeDep ROOT tinyglobby@0.2.15 OK for: node-gyp@12.2.0 want: ^0.2.12
1305 silly placeDep node_modules/node-gyp which@6.0.1 OK for: node-gyp@12.2.0 want: ^6.0.0
1306 silly fetch manifest @npmcli/agent@^4.0.0
1307 silly packumentCache full:https://registry.npmjs.org/@npmcli%2fagent cache-miss
1308 silly fetch manifest http-cache-semantics@^4.1.1
1309 silly packumentCache full:https://registry.npmjs.org/http-cache-semantics cache-miss
1310 silly fetch manifest abbrev@^4.0.0
1311 silly packumentCache full:https://registry.npmjs.org/abbrev cache-miss
1312 silly fetch manifest fdir@^6.5.0
1313 silly packumentCache full:https://registry.npmjs.org/fdir cache-miss
1314 http fetch GET 200 https://registry.npmjs.org/http-cache-semantics 67ms (cache miss)
1315 silly packumentCache full:https://registry.npmjs.org/http-cache-semantics set size:undefined disposed:false
1316 http fetch GET 200 https://registry.npmjs.org/fdir 78ms (cache miss)
1317 silly packumentCache full:https://registry.npmjs.org/fdir set size:undefined disposed:false
1318 http fetch GET 200 https://registry.npmjs.org/abbrev 80ms (cache miss)
1319 silly packumentCache full:https://registry.npmjs.org/abbrev set size:undefined disposed:false
1320 http fetch GET 200 https://registry.npmjs.org/@npmcli%2fagent 619ms (cache miss)
1321 silly packumentCache full:https://registry.npmjs.org/@npmcli%2fagent set size:undefined disposed:false
1322 silly placeDep ROOT @npmcli/agent@4.0.0 OK for: make-fetch-happen@15.0.5 want: ^4.0.0
1323 silly placeDep ROOT @npmcli/redact@4.0.0 OK for: make-fetch-happen@15.0.5 want: ^4.0.0
1324 silly placeDep ROOT http-cache-semantics@4.2.0 OK for: make-fetch-happen@15.0.5 want: ^4.1.1
1325 silly placeDep ROOT minipass-fetch@5.0.2 OK for: make-fetch-happen@15.0.5 want: ^5.0.0
1326 silly fetch manifest agent-base@^7.1.0
1327 silly packumentCache full:https://registry.npmjs.org/agent-base cache-miss
1328 silly fetch manifest http-proxy-agent@^7.0.0
1329 silly packumentCache full:https://registry.npmjs.org/http-proxy-agent cache-miss
1330 silly fetch manifest https-proxy-agent@^7.0.1
1331 silly packumentCache full:https://registry.npmjs.org/https-proxy-agent cache-miss
1332 silly fetch manifest socks-proxy-agent@^8.0.3
1333 silly packumentCache full:https://registry.npmjs.org/socks-proxy-agent cache-miss
1334 silly fetch manifest minipass-sized@^2.0.0
1335 silly packumentCache full:https://registry.npmjs.org/minipass-sized cache-miss
1336 http fetch GET 200 https://registry.npmjs.org/minipass-sized 66ms (cache miss)
1337 silly packumentCache full:https://registry.npmjs.org/minipass-sized set size:undefined disposed:false
1338 http fetch GET 200 https://registry.npmjs.org/http-proxy-agent 68ms (cache miss)
1339 silly packumentCache full:https://registry.npmjs.org/http-proxy-agent set size:undefined disposed:false
1340 http fetch GET 200 https://registry.npmjs.org/socks-proxy-agent 69ms (cache miss)
1341 silly packumentCache full:https://registry.npmjs.org/socks-proxy-agent set size:undefined disposed:false
1342 http fetch GET 200 https://registry.npmjs.org/agent-base 72ms (cache miss)
1343 silly packumentCache full:https://registry.npmjs.org/agent-base set size:undefined disposed:false
1344 http fetch GET 200 https://registry.npmjs.org/https-proxy-agent 83ms (cache miss)
1345 silly packumentCache full:https://registry.npmjs.org/https-proxy-agent set size:undefined disposed:false
1346 silly placeDep ROOT agent-base@7.1.4 OK for: @npmcli/agent@4.0.0 want: ^7.1.0
1347 silly placeDep ROOT http-proxy-agent@7.0.2 OK for: @npmcli/agent@4.0.0 want: ^7.0.0
1348 silly placeDep ROOT https-proxy-agent@7.0.6 OK for: @npmcli/agent@4.0.0 want: ^7.0.1
1349 silly placeDep ROOT socks-proxy-agent@8.0.5 OK for: @npmcli/agent@4.0.0 want: ^8.0.3
1350 silly fetch manifest socks@^2.8.3
1351 silly packumentCache full:https://registry.npmjs.org/socks cache-miss
1352 http fetch GET 200 https://registry.npmjs.org/socks 68ms (cache miss)
1353 silly packumentCache full:https://registry.npmjs.org/socks set size:undefined disposed:false
1354 silly placeDep ROOT minipass-sized@2.0.0 OK for: minipass-fetch@5.0.2 want: ^2.0.0
1355 silly placeDep ROOT minizlib@3.1.0 OK for: minipass-fetch@5.0.2 want: ^3.0.1
1356 silly placeDep ROOT abbrev@4.0.0 OK for: nopt@9.0.0 want: ^4.0.0
1357 silly placeDep ROOT ignore-walk@8.0.0 OK for: npm-packlist@10.0.4 want: ^8.0.0
1358 silly placeDep ROOT npm-install-checks@8.0.0 OK for: npm-pick-manifest@11.0.3 want: ^8.0.0
1359 silly placeDep ROOT jsonparse@1.3.1 OK for: npm-registry-fetch@19.1.1 want: ^1.3.1
1360 silly placeDep ROOT entities@6.0.1 OK for: parse5-html-rewriting-stream@8.0.0 want: ^6.0.0
1361 silly placeDep ROOT parse5@8.0.0 OK for: parse5-html-rewriting-stream@8.0.0 want: ^8.0.0
1362 silly placeDep ROOT parse5-sax-parser@8.0.0 OK for: parse5-html-rewriting-stream@8.0.0 want: ^8.0.0
1363 silly placeDep ROOT err-code@2.0.3 OK for: promise-retry@2.0.1 want: ^2.0.2
1364 silly placeDep ROOT retry@0.12.0 OK for: promise-retry@2.0.1 want: ^0.12.0
1365 silly placeDep ROOT forwarded@0.2.0 OK for: proxy-addr@2.0.7 want: 0.2.0
1366 silly placeDep ROOT ipaddr.js@1.9.1 OK for: proxy-addr@2.0.7 want: 1.9.1
1367 silly placeDep ROOT side-channel@1.1.0 OK for: qs@6.15.0 want: ^1.1.0
1368 silly fetch manifest es-errors@^1.3.0
1369 silly packumentCache full:https://registry.npmjs.org/es-errors cache-miss
1370 silly fetch manifest object-inspect@^1.13.3
1371 silly packumentCache full:https://registry.npmjs.org/object-inspect cache-miss
1372 silly fetch manifest side-channel-list@^1.0.0
1373 silly packumentCache full:https://registry.npmjs.org/side-channel-list cache-miss
1374 silly fetch manifest side-channel-map@^1.0.1
1375 silly packumentCache full:https://registry.npmjs.org/side-channel-map cache-miss
1376 silly fetch manifest side-channel-weakmap@^1.0.2
1377 silly packumentCache full:https://registry.npmjs.org/side-channel-weakmap cache-miss
1378 http fetch GET 200 https://registry.npmjs.org/es-errors 40ms (cache miss)
1379 silly packumentCache full:https://registry.npmjs.org/es-errors set size:undefined disposed:false
1380 http fetch GET 200 https://registry.npmjs.org/side-channel-weakmap 46ms (cache miss)
1381 silly packumentCache full:https://registry.npmjs.org/side-channel-weakmap set size:undefined disposed:false
1382 http fetch GET 200 https://registry.npmjs.org/side-channel-list 74ms (cache miss)
1383 silly packumentCache full:https://registry.npmjs.org/side-channel-list set size:undefined disposed:false
1384 http fetch GET 200 https://registry.npmjs.org/side-channel-map 182ms (cache miss)
1385 silly packumentCache full:https://registry.npmjs.org/side-channel-map set size:undefined disposed:false
1386 http fetch GET 200 https://registry.npmjs.org/object-inspect 256ms (cache miss)
1387 silly packumentCache full:https://registry.npmjs.org/object-inspect set size:undefined disposed:false
1388 silly placeDep ROOT unpipe@1.0.0 OK for: raw-body@3.0.2 want: ~1.0.0
1389 silly placeDep ROOT onetime@7.0.0 OK for: restore-cursor@5.1.0 want: ^7.0.0
1390 silly fetch manifest mimic-function@^5.0.0
1391 silly packumentCache full:https://registry.npmjs.org/mimic-function cache-miss
1392 http fetch GET 200 https://registry.npmjs.org/mimic-function 51ms (cache miss)
1393 silly packumentCache full:https://registry.npmjs.org/mimic-function set size:undefined disposed:false
1394 silly placeDep ROOT mimic-function@5.0.1 OK for: onetime@7.0.0 want: ^5.0.0
1395 silly placeDep ROOT is-promise@4.0.0 OK for: router@2.2.0 want: ^4.0.0
1396 silly placeDep ROOT path-to-regexp@8.3.0 OK for: router@2.2.0 want: ^8.0.0
1397 silly placeDep ROOT tslib@2.8.1 OK for: rxjs@7.8.2 want: ^2.1.0
1398 silly placeDep ROOT shebang-regex@3.0.0 OK for: shebang-command@2.0.0 want: ^3.0.0
1399 silly placeDep ROOT es-errors@1.3.0 OK for: side-channel@1.1.0 want: ^1.3.0
1400 silly placeDep ROOT object-inspect@1.13.4 OK for: side-channel@1.1.0 want: ^1.13.3
1401 silly placeDep ROOT side-channel-list@1.0.0 OK for: side-channel@1.1.0 want: ^1.0.0
1402 silly placeDep ROOT side-channel-map@1.0.1 OK for: side-channel@1.1.0 want: ^1.0.1
1403 silly placeDep ROOT side-channel-weakmap@1.0.2 OK for: side-channel@1.1.0 want: ^1.0.2
1404 silly fetch manifest call-bound@^1.0.2
1405 silly packumentCache full:https://registry.npmjs.org/call-bound cache-miss
1406 silly fetch manifest get-intrinsic@^1.2.5
1407 silly packumentCache full:https://registry.npmjs.org/get-intrinsic cache-miss
1408 silly fetch manifest call-bound@^1.0.2
1409 silly packumentCache full:https://registry.npmjs.org/call-bound cache-miss
1410 silly fetch manifest get-intrinsic@^1.2.5
1411 silly packumentCache full:https://registry.npmjs.org/get-intrinsic cache-miss
1412 http fetch GET 200 https://registry.npmjs.org/get-intrinsic 32ms (cache miss)
1413 silly packumentCache full:https://registry.npmjs.org/get-intrinsic set size:undefined disposed:false
1414 http fetch GET 200 https://registry.npmjs.org/call-bound 40ms (cache miss)
1415 silly packumentCache full:https://registry.npmjs.org/call-bound set size:undefined disposed:false
1416 http fetch GET 200 https://registry.npmjs.org/get-intrinsic 72ms (cache miss)
1417 silly packumentCache full:https://registry.npmjs.org/get-intrinsic set size:undefined disposed:false
1418 http fetch GET 200 https://registry.npmjs.org/call-bound 82ms (cache miss)
1419 silly packumentCache full:https://registry.npmjs.org/call-bound set size:undefined disposed:false
1420 silly placeDep ROOT call-bound@1.0.4 OK for: side-channel-map@1.0.1 want: ^1.0.2
1421 silly placeDep ROOT get-intrinsic@1.3.0 OK for: side-channel-map@1.0.1 want: ^1.2.5
1422 silly fetch manifest call-bind-apply-helpers@^1.0.2
1423 silly packumentCache full:https://registry.npmjs.org/call-bind-apply-helpers cache-miss
1424 silly fetch manifest get-intrinsic@^1.3.0
1425 silly packumentCache full:https://registry.npmjs.org/get-intrinsic cache-miss
1426 silly fetch manifest gopd@^1.2.0
1427 silly packumentCache full:https://registry.npmjs.org/gopd cache-miss
1428 silly fetch manifest hasown@^2.0.2
1429 silly packumentCache full:https://registry.npmjs.org/hasown cache-miss
1430 silly fetch manifest get-proto@^1.0.1
1431 silly packumentCache full:https://registry.npmjs.org/get-proto cache-miss
1432 silly fetch manifest has-symbols@^1.1.0
1433 silly packumentCache full:https://registry.npmjs.org/has-symbols cache-miss
1434 silly fetch manifest function-bind@^1.1.2
1435 silly packumentCache full:https://registry.npmjs.org/function-bind cache-miss
1436 silly fetch manifest es-object-atoms@^1.1.1
1437 silly packumentCache full:https://registry.npmjs.org/es-object-atoms cache-miss
1438 silly fetch manifest math-intrinsics@^1.1.0
1439 silly packumentCache full:https://registry.npmjs.org/math-intrinsics cache-miss
1440 http cache https://registry.npmjs.org/get-intrinsic 5ms (cache hit)
1441 silly packumentCache full:https://registry.npmjs.org/get-intrinsic set size:60985 disposed:false
1442 silly fetch manifest es-define-property@^1.0.1
1443 silly packumentCache full:https://registry.npmjs.org/es-define-property cache-miss
1444 http fetch GET 200 https://registry.npmjs.org/call-bind-apply-helpers 42ms (cache miss)
1445 silly packumentCache full:https://registry.npmjs.org/call-bind-apply-helpers set size:undefined disposed:false
1446 http fetch GET 200 https://registry.npmjs.org/has-symbols 44ms (cache miss)
1447 silly packumentCache full:https://registry.npmjs.org/has-symbols set size:undefined disposed:false
1448 http fetch GET 200 https://registry.npmjs.org/get-proto 45ms (cache miss)
1449 silly packumentCache full:https://registry.npmjs.org/get-proto set size:undefined disposed:false
1450 http fetch GET 200 https://registry.npmjs.org/function-bind 48ms (cache miss)
1451 silly packumentCache full:https://registry.npmjs.org/function-bind set size:undefined disposed:false
1452 http fetch GET 200 https://registry.npmjs.org/hasown 58ms (cache miss)
1453 silly packumentCache full:https://registry.npmjs.org/hasown set size:undefined disposed:false
1454 http fetch GET 200 https://registry.npmjs.org/gopd 63ms (cache miss)
1455 silly packumentCache full:https://registry.npmjs.org/gopd set size:undefined disposed:false
1456 http fetch GET 200 https://registry.npmjs.org/es-object-atoms 75ms (cache miss)
1457 silly packumentCache full:https://registry.npmjs.org/es-object-atoms set size:undefined disposed:false
1458 http fetch GET 200 https://registry.npmjs.org/es-define-property 80ms (cache miss)
1459 silly packumentCache full:https://registry.npmjs.org/es-define-property set size:undefined disposed:false
1460 http fetch GET 200 https://registry.npmjs.org/math-intrinsics 100ms (cache miss)
1461 silly packumentCache full:https://registry.npmjs.org/math-intrinsics set size:undefined disposed:false
1462 silly placeDep ROOT call-bind-apply-helpers@1.0.2 OK for: call-bound@1.0.4 want: ^1.0.2
1463 silly placeDep ROOT function-bind@1.1.2 OK for: call-bind-apply-helpers@1.0.2 want: ^1.1.2
1464 silly placeDep ROOT es-define-property@1.0.1 OK for: get-intrinsic@1.3.0 want: ^1.0.1
1465 silly placeDep ROOT es-object-atoms@1.1.1 OK for: get-intrinsic@1.3.0 want: ^1.1.1
1466 silly placeDep ROOT get-proto@1.0.1 OK for: get-intrinsic@1.3.0 want: ^1.0.1
1467 silly placeDep ROOT gopd@1.2.0 OK for: get-intrinsic@1.3.0 want: ^1.2.0
1468 silly placeDep ROOT has-symbols@1.1.0 OK for: get-intrinsic@1.3.0 want: ^1.1.0
1469 silly placeDep ROOT hasown@2.0.2 OK for: get-intrinsic@1.3.0 want: ^2.0.2
1470 silly placeDep ROOT math-intrinsics@1.1.0 OK for: get-intrinsic@1.3.0 want: ^1.1.0
1471 silly fetch manifest dunder-proto@^1.0.1
1472 silly packumentCache full:https://registry.npmjs.org/dunder-proto cache-miss
1473 http fetch GET 200 https://registry.npmjs.org/dunder-proto 44ms (cache miss)
1474 silly packumentCache full:https://registry.npmjs.org/dunder-proto set size:undefined disposed:false
1475 silly placeDep ROOT dunder-proto@1.0.1 OK for: get-proto@1.0.1 want: ^1.0.1
1476 silly placeDep ROOT @sigstore/bundle@4.0.0 OK for: sigstore@4.1.0 want: ^4.0.0
1477 silly placeDep ROOT @sigstore/core@3.2.0 OK for: sigstore@4.1.0 want: ^3.1.0
1478 silly placeDep ROOT @sigstore/protobuf-specs@0.5.0 OK for: sigstore@4.1.0 want: ^0.5.0
1479 silly placeDep ROOT @sigstore/sign@4.1.1 OK for: sigstore@4.1.0 want: ^4.1.0
1480 silly placeDep ROOT @sigstore/tuf@4.0.2 OK for: sigstore@4.1.0 want: ^4.0.1
1481 silly placeDep ROOT @sigstore/verify@3.1.0 OK for: sigstore@4.1.0 want: ^3.1.0
1482 silly fetch manifest tuf-js@^4.1.0
1483 silly packumentCache full:https://registry.npmjs.org/tuf-js cache-miss
1484 http fetch GET 200 https://registry.npmjs.org/tuf-js 501ms (cache miss)
1485 silly packumentCache full:https://registry.npmjs.org/tuf-js set size:undefined disposed:false
1486 silly placeDep ROOT tuf-js@4.1.0 OK for: @sigstore/tuf@4.0.2 want: ^4.1.0
1487 silly fetch manifest @tufjs/models@4.1.0
1488 silly packumentCache full:https://registry.npmjs.org/@tufjs%2fmodels cache-miss
1489 http fetch GET 200 https://registry.npmjs.org/@tufjs%2fmodels 228ms (cache miss)
1490 silly packumentCache full:https://registry.npmjs.org/@tufjs%2fmodels set size:undefined disposed:false
1491 silly placeDep ROOT ansi-styles@6.2.3 OK for: slice-ansi@8.0.0 want: ^6.2.3
1492 silly placeDep ROOT is-fullwidth-code-point@5.1.0 OK for: slice-ansi@8.0.0 want: ^5.1.0
1493 silly fetch manifest get-east-asian-width@^1.3.1
1494 silly packumentCache full:https://registry.npmjs.org/get-east-asian-width cache-miss
1495 http cache https://registry.npmjs.org/get-east-asian-width 2ms (cache hit)
1496 silly packumentCache full:https://registry.npmjs.org/get-east-asian-width set size:18337 disposed:false
1497 silly placeDep ROOT get-east-asian-width@1.5.0 OK for: is-fullwidth-code-point@5.1.0 want: ^1.3.1
1498 silly placeDep ROOT socks@2.8.7 OK for: socks-proxy-agent@8.0.5 want: ^2.8.3
1499 silly fetch manifest smart-buffer@^4.2.0
1500 silly packumentCache full:https://registry.npmjs.org/smart-buffer cache-miss
1501 http fetch GET 200 https://registry.npmjs.org/smart-buffer 54ms (cache miss)
1502 silly packumentCache full:https://registry.npmjs.org/smart-buffer set size:undefined disposed:false
1503 silly placeDep ROOT smart-buffer@4.2.0 OK for: socks@2.8.7 want: ^4.2.0
1504 silly placeDep ROOT spdx-exceptions@2.5.0 OK for: spdx-expression-parse@4.0.0 want: ^2.1.0
1505 silly placeDep ROOT spdx-license-ids@3.0.23 OK for: spdx-expression-parse@4.0.0 want: ^3.0.0
1506 silly placeDep ROOT ansi-regex@6.2.2 OK for: strip-ansi@7.2.0 want: ^6.2.2
1507 silly placeDep ROOT @isaacs/fs-minipass@4.0.1 OK for: tar@7.5.11 want: ^4.0.0
1508 silly placeDep ROOT chownr@3.0.0 OK for: tar@7.5.11 want: ^3.0.0
1509 silly placeDep ROOT yallist@5.0.0 OK for: tar@7.5.11 want: ^5.0.0
1510 silly fetch manifest picomatch@^4.0.3
1511 silly packumentCache full:https://registry.npmjs.org/picomatch cache-miss
1512 http cache https://registry.npmjs.org/picomatch 2ms (cache hit)
1513 silly packumentCache full:https://registry.npmjs.org/picomatch set size:118818 disposed:false
1514 silly placeDep ROOT fdir@6.5.0 OK for: tinyglobby@0.2.15 want: ^6.5.0
1515 silly placeDep ROOT @tufjs/models@4.1.0 OK for: tuf-js@4.1.0 want: 4.1.0
1516 silly fetch manifest @tufjs/canonical-json@2.0.0
1517 silly packumentCache full:https://registry.npmjs.org/@tufjs%2fcanonical-json cache-miss
1518 http fetch GET 200 https://registry.npmjs.org/@tufjs%2fcanonical-json 238ms (cache miss)
1519 silly packumentCache full:https://registry.npmjs.org/@tufjs%2fcanonical-json set size:undefined disposed:false
1520 silly placeDep ROOT @tufjs/canonical-json@2.0.0 OK for: @tufjs/models@4.1.0 want: 2.0.0
1521 silly placeDep ROOT media-typer@1.1.0 OK for: type-is@2.0.1 want: ^1.1.0
1522 silly placeDep ROOT isexe@2.0.0 OK for: which@2.0.2 want: ^2.0.0
1523 silly placeDep node_modules/wrap-ansi ansi-styles@4.3.0 OK for: wrap-ansi@6.2.0 want: ^4.0.0
1524 silly placeDep node_modules/wrap-ansi string-width@4.2.3 OK for: wrap-ansi@6.2.0 want: ^4.1.0
1525 silly placeDep node_modules/wrap-ansi strip-ansi@6.0.1 OK for: wrap-ansi@6.2.0 want: ^6.0.0
1526 silly fetch manifest color-convert@^2.0.1
1527 silly packumentCache full:https://registry.npmjs.org/color-convert cache-miss
1528 silly fetch manifest strip-ansi@^6.0.1
1529 silly packumentCache full:https://registry.npmjs.org/strip-ansi cache-hit
1530 silly fetch manifest emoji-regex@^8.0.0
1531 silly packumentCache full:https://registry.npmjs.org/emoji-regex cache-miss
1532 silly fetch manifest is-fullwidth-code-point@^3.0.0
1533 silly packumentCache full:https://registry.npmjs.org/is-fullwidth-code-point cache-hit
1534 silly fetch manifest ansi-regex@^5.0.1
1535 silly packumentCache full:https://registry.npmjs.org/ansi-regex cache-miss
1536 http cache https://registry.npmjs.org/ansi-regex 4ms (cache hit)
1537 silly packumentCache full:https://registry.npmjs.org/ansi-regex set size:43572 disposed:false
1538 http fetch GET 200 https://registry.npmjs.org/color-convert 48ms (cache miss)
1539 silly packumentCache full:https://registry.npmjs.org/color-convert set size:undefined disposed:false
1540 http fetch GET 200 https://registry.npmjs.org/emoji-regex 51ms (cache miss)
1541 silly packumentCache full:https://registry.npmjs.org/emoji-regex set size:undefined disposed:false
1542 silly placeDep ROOT cliui@9.0.1 OK for: yargs@18.0.0 want: ^9.0.1
1543 silly placeDep ROOT escalade@3.2.0 OK for: yargs@18.0.0 want: ^3.1.1
1544 silly placeDep ROOT get-caller-file@2.0.5 OK for: yargs@18.0.0 want: ^2.0.5
1545 silly placeDep node_modules/yargs string-width@7.2.0 OK for: yargs@18.0.0 want: ^7.2.0
1546 silly placeDep ROOT y18n@5.0.8 OK for: yargs@18.0.0 want: ^5.0.5
1547 silly placeDep ROOT yargs-parser@22.0.0 OK for: yargs@18.0.0 want: ^22.0.0
1548 silly fetch manifest emoji-regex@^10.3.0
1549 silly packumentCache full:https://registry.npmjs.org/emoji-regex cache-miss
1550 http cache https://registry.npmjs.org/emoji-regex 1ms (cache hit)
1551 silly packumentCache full:https://registry.npmjs.org/emoji-regex set size:89088 disposed:false
1552 silly placeDep node_modules/cliui string-width@7.2.0 OK for: cliui@9.0.1 want: ^7.2.0
1553 silly placeDep node_modules/cliui wrap-ansi@9.0.2 OK for: cliui@9.0.1 want: ^9.0.0
1554 silly placeDep node_modules/@npmcli/git isexe@4.0.0 OK for: which@6.0.1 want: ^4.0.0
1555 silly placeDep node_modules/@npmcli/promise-spawn isexe@4.0.0 OK for: which@6.0.1 want: ^4.0.0
1556 silly placeDep ROOT emoji-regex@10.6.0 OK for: string-width@7.2.0 want: ^10.3.0
1557 silly placeDep node_modules/listr2 string-width@7.2.0 OK for: wrap-ansi@9.0.2 want: ^7.0.0
1558 silly placeDep node_modules/log-update string-width@7.2.0 OK for: wrap-ansi@9.0.2 want: ^7.0.0
1559 silly placeDep node_modules/minipass-flush yallist@4.0.0 OK for: minipass@3.3.6 want: ^4.0.0
1560 silly placeDep node_modules/minipass-pipeline yallist@4.0.0 OK for: minipass@3.3.6 want: ^4.0.0
1561 silly placeDep node_modules/node-gyp isexe@4.0.0 OK for: which@6.0.1 want: ^4.0.0
1562 silly placeDep ROOT color-convert@2.0.1 OK for: ansi-styles@4.3.0 want: ^2.0.1
1563 silly fetch manifest color-name@~1.1.4
1564 silly packumentCache full:https://registry.npmjs.org/color-name cache-miss
1565 http fetch GET 200 https://registry.npmjs.org/color-name 60ms (cache miss)
1566 silly packumentCache full:https://registry.npmjs.org/color-name set size:undefined disposed:false
1567 silly placeDep ROOT color-name@1.1.4 OK for: color-convert@2.0.1 want: ~1.1.4
1568 silly placeDep node_modules/wrap-ansi emoji-regex@8.0.0 OK for: string-width@4.2.3 want: ^8.0.0
1569 silly placeDep node_modules/wrap-ansi is-fullwidth-code-point@3.0.0 OK for: string-width@4.2.3 want: ^3.0.0
1570 silly placeDep node_modules/wrap-ansi ansi-regex@5.0.1 OK for: strip-ansi@6.0.1 want: ^5.0.1
1571 silly reify moves {}
1572 silly audit bulk request {
1572 silly audit   '@angular/cli': [ '21.2.3' ],
1572 silly audit   '@angular-devkit/architect': [ '0.2102.3' ],
1572 silly audit   '@angular-devkit/core': [ '21.2.3' ],
1572 silly audit   '@angular-devkit/schematics': [ '21.2.3' ],
1572 silly audit   '@inquirer/prompts': [ '7.10.1' ],
1572 silly audit   '@listr2/prompt-adapter-inquirer': [ '3.0.5' ],
1572 silly audit   listr2: [ '9.0.5' ],
1572 silly audit   '@modelcontextprotocol/sdk': [ '1.26.0' ],
1572 silly audit   '@schematics/angular': [ '21.2.3' ],
1572 silly audit   '@yarnpkg/lockfile': [ '1.1.0' ],
1572 silly audit   algoliasearch: [ '5.48.1' ],
1572 silly audit   ini: [ '6.0.0' ],
1572 silly audit   'jsonc-parser': [ '3.3.1' ],
1572 silly audit   'npm-package-arg': [ '13.0.2' ],
1572 silly audit   pacote: [ '21.3.1' ],
1572 silly audit   'parse5-html-rewriting-stream': [ '8.0.0' ],
1572 silly audit   semver: [ '7.7.4' ],
1572 silly audit   yargs: [ '18.0.0' ],
1572 silly audit   zod: [ '4.3.6' ],
1572 silly audit   rxjs: [ '7.8.2' ],
1572 silly audit   ajv: [ '8.18.0' ],
1572 silly audit   'ajv-formats': [ '3.0.1' ],
1572 silly audit   picomatch: [ '4.0.3' ],
1572 silly audit   'source-map': [ '0.7.6' ],
1572 silly audit   'magic-string': [ '0.30.21' ],
1572 silly audit   ora: [ '9.3.0' ],
1572 silly audit   '@inquirer/checkbox': [ '4.3.2' ],
1572 silly audit   '@inquirer/confirm': [ '5.1.21' ],
1572 silly audit   '@inquirer/editor': [ '4.2.23' ],
1572 silly audit   '@inquirer/expand': [ '4.0.23' ],
1572 silly audit   '@inquirer/input': [ '4.3.1' ],
1572 silly audit   '@inquirer/number': [ '3.0.23' ],
1572 silly audit   '@inquirer/password': [ '4.0.23' ],
1572 silly audit   '@inquirer/rawlist': [ '4.1.11' ],
1572 silly audit   '@inquirer/search': [ '3.2.2' ],
1572 silly audit   '@inquirer/select': [ '4.4.2' ],
1572 silly audit   '@inquirer/ansi': [ '1.0.2' ],
1572 silly audit   '@inquirer/core': [ '10.3.2' ],
1572 silly audit   '@inquirer/figures': [ '1.0.15' ],
1572 silly audit   '@inquirer/type': [ '3.0.10' ],
1572 silly audit   'yoctocolors-cjs': [ '2.1.3' ],
1572 silly audit   'cli-width': [ '4.1.0' ],
1572 silly audit   'mute-stream': [ '2.0.0' ],
1572 silly audit   'signal-exit': [ '4.1.0' ],
1572 silly audit   'wrap-ansi': [ '6.2.0', '9.0.2' ],
1572 silly audit   '@inquirer/external-editor': [ '1.0.3' ],
1572 silly audit   chardet: [ '2.1.1' ],
1572 silly audit   'iconv-lite': [ '0.7.2' ],
1572 silly audit   '@hono/node-server': [ '1.19.11' ],
1572 silly audit   hono: [ '4.12.8' ],
1572 silly audit   'content-type': [ '1.0.5' ],
1572 silly audit   cors: [ '2.8.6' ],
1572 silly audit   'cross-spawn': [ '7.0.6' ],
1572 silly audit   eventsource: [ '3.0.7' ],
1572 silly audit   'eventsource-parser': [ '3.0.6' ],
1572 silly audit   express: [ '5.2.1' ],
1572 silly audit   'express-rate-limit': [ '8.3.1' ],
1572 silly audit   jose: [ '6.2.2' ],
1572 silly audit   'json-schema-typed': [ '8.0.2' ],
1572 silly audit   'pkce-challenge': [ '5.0.1' ],
1572 silly audit   'raw-body': [ '3.0.2' ],
1572 silly audit   'zod-to-json-schema': [ '3.25.1' ],
1572 silly audit   'fast-deep-equal': [ '3.1.3' ],
1572 silly audit   'fast-uri': [ '3.1.0' ],
1572 silly audit   'json-schema-traverse': [ '1.0.0' ],
1572 silly audit   'require-from-string': [ '2.0.2' ],
1572 silly audit   '@algolia/abtesting': [ '1.14.1' ],
1572 silly audit   '@algolia/client-abtesting': [ '5.48.1' ],
1572 silly audit   '@algolia/client-analytics': [ '5.48.1' ],
1572 silly audit   '@algolia/client-common': [ '5.48.1' ],
1572 silly audit   '@algolia/client-insights': [ '5.48.1' ],
1572 silly audit   '@algolia/client-personalization': [ '5.48.1' ],
1572 silly audit   '@algolia/client-query-suggestions': [ '5.48.1' ],
1572 silly audit   '@algolia/client-search': [ '5.48.1' ],
1572 silly audit   '@algolia/ingestion': [ '1.48.1' ],
1572 silly audit   '@algolia/monitoring': [ '1.48.1' ],
1572 silly audit   '@algolia/recommend': [ '5.48.1' ],
1572 silly audit   '@algolia/requester-browser-xhr': [ '5.48.1' ],
1572 silly audit   '@algolia/requester-fetch': [ '5.48.1' ],
1572 silly audit   '@algolia/requester-node-http': [ '5.48.1' ],
1572 silly audit   'object-assign': [ '4.1.1' ],
1572 silly audit   vary: [ '1.1.2' ],
1572 silly audit   'path-key': [ '3.1.1' ],
1572 silly audit   'shebang-command': [ '2.0.0' ],
1572 silly audit   which: [ '2.0.2', '6.0.1' ],
1572 silly audit   accepts: [ '2.0.0' ],
1572 silly audit   'body-parser': [ '2.2.2' ],
1572 silly audit   'content-disposition': [ '1.0.1' ],
1572 silly audit   cookie: [ '0.7.2' ],
1572 silly audit   'cookie-signature': [ '1.2.2' ],
1572 silly audit   debug: [ '4.4.3' ],
1572 silly audit   depd: [ '2.0.0' ],
1572 silly audit   encodeurl: [ '2.0.0' ],
1572 silly audit   'escape-html': [ '1.0.3' ],
1572 silly audit   etag: [ '1.8.1' ],
1572 silly audit   finalhandler: [ '2.1.1' ],
1572 silly audit   fresh: [ '2.0.0' ],
1572 silly audit   'http-errors': [ '2.0.1' ],
1572 silly audit   'merge-descriptors': [ '2.0.0' ],
1572 silly audit   'mime-types': [ '3.0.2' ],
1572 silly audit   'on-finished': [ '2.4.1' ],
1572 silly audit   once: [ '1.4.0' ],
1572 silly audit   parseurl: [ '1.3.3' ],
1572 silly audit   'proxy-addr': [ '2.0.7' ],
1572 silly audit   qs: [ '6.15.0' ],
1572 silly audit   'range-parser': [ '1.2.1' ],
1572 silly audit   router: [ '2.2.0' ],
1572 silly audit   send: [ '1.2.1' ],
1572 silly audit   'serve-static': [ '2.2.1' ],
1572 silly audit   statuses: [ '2.0.2' ],
1572 silly audit   'type-is': [ '2.0.1' ],
1572 silly audit   negotiator: [ '1.0.0' ],
1572 silly audit   bytes: [ '3.1.2' ],
1572 silly audit   ms: [ '2.1.3' ],
1572 silly audit   'ip-address': [ '10.1.0' ],
1572 silly audit   inherits: [ '2.0.4' ],
1572 silly audit   setprototypeof: [ '1.2.0' ],
1572 silly audit   toidentifier: [ '1.0.1' ],
1572 silly audit   'safer-buffer': [ '2.1.2' ],
1572 silly audit   'cli-truncate': [ '5.2.0' ],
1572 silly audit   colorette: [ '2.0.20' ],
1572 silly audit   eventemitter3: [ '5.0.4' ],
1572 silly audit   'log-update': [ '6.1.0' ],
1572 silly audit   rfdc: [ '1.4.1' ],
1572 silly audit   'slice-ansi': [ '8.0.0', '7.1.2' ],
1572 silly audit   'string-width': [ '8.2.0', '4.2.3', '7.2.0' ],
1572 silly audit   'ansi-escapes': [ '7.3.0' ],
1572 silly audit   'cli-cursor': [ '5.0.0' ],
1572 silly audit   'strip-ansi': [ '7.2.0', '6.0.1' ],
1572 silly audit   environment: [ '1.1.0' ],
1572 silly audit   'restore-cursor': [ '5.1.0' ],
1572 silly audit   '@jridgewell/sourcemap-codec': [ '1.5.5' ],
1572 silly audit   'mime-db': [ '1.54.0' ],
1572 silly audit   'hosted-git-info': [ '9.0.2' ],
1572 silly audit   'proc-log': [ '6.1.0' ],
1572 silly audit   'validate-npm-package-name': [ '7.0.2' ],
1572 silly audit   'lru-cache': [ '11.2.7' ],
1572 silly audit   'ee-first': [ '1.1.1' ],
1572 silly audit   wrappy: [ '1.0.2' ],
1572 silly audit   chalk: [ '5.6.2' ],
1572 silly audit   'cli-spinners': [ '3.4.0' ],
1572 silly audit   'is-interactive': [ '2.0.0' ],
1572 silly audit   'is-unicode-supported': [ '2.1.0' ],
1572 silly audit   'log-symbols': [ '7.0.1' ],
1572 silly audit   'stdin-discarder': [ '0.3.1' ],
1572 silly audit   yoctocolors: [ '2.1.2' ],
1572 silly audit   '@npmcli/git': [ '7.0.2' ],
1572 silly audit   '@npmcli/installed-package-contents': [ '4.0.0' ],
1572 silly audit   '@npmcli/package-json': [ '7.0.5' ],
1572 silly audit   '@npmcli/promise-spawn': [ '9.0.1' ],
1572 silly audit   '@npmcli/run-script': [ '10.0.4' ],
1572 silly audit   cacache: [ '20.0.4' ],
1572 silly audit   'fs-minipass': [ '3.0.3' ],
1572 silly audit   minipass: [ '7.1.3', '3.3.6' ],
1572 silly audit   'npm-packlist': [ '10.0.4' ],
1572 silly audit   'npm-pick-manifest': [ '11.0.3' ],
1572 silly audit   'npm-registry-fetch': [ '19.1.1' ],
1572 silly audit   'promise-retry': [ '2.0.1' ],
1572 silly audit   sigstore: [ '4.1.0' ],
1572 silly audit   ssri: [ '13.0.1' ],
1572 silly audit   tar: [ '7.5.11' ],
1572 silly audit   '@gar/promise-retry': [ '1.0.3' ],
1572 silly audit   'npm-bundled': [ '5.0.0' ],
1572 silly audit   'npm-normalize-package-bin': [ '5.0.0' ],
1572 silly audit   glob: [ '13.0.6' ],
1572 silly audit   'json-parse-even-better-errors': [ '5.0.0' ],
1572 silly audit   'spdx-expression-parse': [ '4.0.0' ],
1572 silly audit   '@npmcli/node-gyp': [ '5.0.0' ],
1572 silly audit   'node-gyp': [ '12.2.0' ],
1572 silly audit   '@npmcli/fs': [ '5.0.0' ],
1572 silly audit   'minipass-collect': [ '2.0.1' ],
1572 silly audit   'minipass-flush': [ '1.0.5' ],
1572 silly audit   'minipass-pipeline': [ '1.2.4' ],
1572 silly audit   'p-map': [ '7.0.4' ],
1572 silly audit   minimatch: [ '10.2.4' ],
1572 silly audit   'path-scurry': [ '2.0.2' ],
1572 silly audit   'brace-expansion': [ '5.0.4' ],
1572 silly audit   'balanced-match': [ '4.0.4' ],
1572 silly audit   'env-paths': [ '2.2.1' ],
1572 silly audit   'exponential-backoff': [ '3.1.3' ],
1572 silly audit   'graceful-fs': [ '4.2.11' ],
1572 silly audit   'make-fetch-happen': [ '15.0.5' ],
1572 silly audit   nopt: [ '9.0.0' ],
1572 silly audit   tinyglobby: [ '0.2.15' ],
1572 silly audit   '@npmcli/agent': [ '4.0.0' ],
1572 silly audit   '@npmcli/redact': [ '4.0.0' ],
1572 silly audit   'http-cache-semantics': [ '4.2.0' ],
1572 silly audit   'minipass-fetch': [ '5.0.2' ],
1572 silly audit   'agent-base': [ '7.1.4' ],
1572 silly audit   'http-proxy-agent': [ '7.0.2' ],
1572 silly audit   'https-proxy-agent': [ '7.0.6' ],
1572 silly audit   'socks-proxy-agent': [ '8.0.5' ],
1572 silly audit   'minipass-sized': [ '2.0.0' ],
1572 silly audit   minizlib: [ '3.1.0' ],
1572 silly audit   abbrev: [ '4.0.0' ],
1572 silly audit   'ignore-walk': [ '8.0.0' ],
1572 silly audit   'npm-install-checks': [ '8.0.0' ],
1572 silly audit   jsonparse: [ '1.3.1' ],
1572 silly audit   entities: [ '6.0.1' ],
1572 silly audit   parse5: [ '8.0.0' ],
1572 silly audit   'parse5-sax-parser': [ '8.0.0' ],
1572 silly audit   'err-code': [ '2.0.3' ],
1572 silly audit   retry: [ '0.12.0' ],
1572 silly audit   forwarded: [ '0.2.0' ],
1572 silly audit   'ipaddr.js': [ '1.9.1' ],
1572 silly audit   'side-channel': [ '1.1.0' ],
1572 silly audit   unpipe: [ '1.0.0' ],
1572 silly audit   onetime: [ '7.0.0' ],
1572 silly audit   'mimic-function': [ '5.0.1' ],
1572 silly audit   'is-promise': [ '4.0.0' ],
1572 silly audit   'path-to-regexp': [ '8.3.0' ],
1572 silly audit   tslib: [ '2.8.1' ],
1572 silly audit   'shebang-regex': [ '3.0.0' ],
1572 silly audit   'es-errors': [ '1.3.0' ],
1572 silly audit   'object-inspect': [ '1.13.4' ],
1572 silly audit   'side-channel-list': [ '1.0.0' ],
1572 silly audit   'side-channel-map': [ '1.0.1' ],
1572 silly audit   'side-channel-weakmap': [ '1.0.2' ],
1572 silly audit   'call-bound': [ '1.0.4' ],
1572 silly audit   'get-intrinsic': [ '1.3.0' ],
1572 silly audit   'call-bind-apply-helpers': [ '1.0.2' ],
1572 silly audit   'function-bind': [ '1.1.2' ],
1572 silly audit   'es-define-property': [ '1.0.1' ],
1572 silly audit   'es-object-atoms': [ '1.1.1' ],
1572 silly audit   'get-proto': [ '1.0.1' ],
1572 silly audit   gopd: [ '1.2.0' ],
1572 silly audit   'has-symbols': [ '1.1.0' ],
1572 silly audit   hasown: [ '2.0.2' ],
1572 silly audit   'math-intrinsics': [ '1.1.0' ],
1572 silly audit   'dunder-proto': [ '1.0.1' ],
1572 silly audit   '@sigstore/bundle': [ '4.0.0' ],
1572 silly audit   '@sigstore/core': [ '3.2.0' ],
1572 silly audit   '@sigstore/protobuf-specs': [ '0.5.0' ],
1572 silly audit   '@sigstore/sign': [ '4.1.1' ],
1572 silly audit   '@sigstore/tuf': [ '4.0.2' ],
1572 silly audit   '@sigstore/verify': [ '3.1.0' ],
1572 silly audit   'tuf-js': [ '4.1.0' ],
1572 silly audit   'ansi-styles': [ '6.2.3', '4.3.0' ],
1572 silly audit   'is-fullwidth-code-point': [ '5.1.0', '3.0.0' ],
1572 silly audit   'get-east-asian-width': [ '1.5.0' ],
1572 silly audit   socks: [ '2.8.7' ],
1572 silly audit   'smart-buffer': [ '4.2.0' ],
1572 silly audit   'spdx-exceptions': [ '2.5.0' ],
1572 silly audit   'spdx-license-ids': [ '3.0.23' ],
1572 silly audit   'ansi-regex': [ '6.2.2', '5.0.1' ],
1572 silly audit   '@isaacs/fs-minipass': [ '4.0.1' ],
1572 silly audit   chownr: [ '3.0.0' ],
1572 silly audit   yallist: [ '5.0.0', '4.0.0' ],
1572 silly audit   fdir: [ '6.5.0' ],
1572 silly audit   '@tufjs/models': [ '4.1.0' ],
1572 silly audit   '@tufjs/canonical-json': [ '2.0.0' ],
1572 silly audit   'media-typer': [ '1.1.0' ],
1572 silly audit   isexe: [ '2.0.0', '4.0.0' ],
1572 silly audit   cliui: [ '9.0.1' ],
1572 silly audit   escalade: [ '3.2.0' ],
1572 silly audit   'get-caller-file': [ '2.0.5' ],
1572 silly audit   y18n: [ '5.0.8' ],
1572 silly audit   'yargs-parser': [ '22.0.0' ],
1572 silly audit   'emoji-regex': [ '10.6.0', '8.0.0' ],
1572 silly audit   'color-convert': [ '2.0.1' ],
1572 silly audit   'color-name': [ '1.1.4' ]
1572 silly audit }
1573 http cache color-name@https://registry.npmjs.org/color-name/-/color-name-1.1.4.tgz 1ms (cache hit)
1574 http cache emoji-regex@https://registry.npmjs.org/emoji-regex/-/emoji-regex-10.6.0.tgz 0ms (cache hit)
1575 http cache get-caller-file@https://registry.npmjs.org/get-caller-file/-/get-caller-file-2.0.5.tgz 0ms (cache hit)
1576 http cache color-convert@https://registry.npmjs.org/color-convert/-/color-convert-2.0.1.tgz 0ms (cache hit)
1577 http cache yargs-parser@https://registry.npmjs.org/yargs-parser/-/yargs-parser-22.0.0.tgz 0ms (cache hit)
1578 http cache y18n@https://registry.npmjs.org/y18n/-/y18n-5.0.8.tgz 0ms (cache hit)
1579 http cache escalade@https://registry.npmjs.org/escalade/-/escalade-3.2.0.tgz 0ms (cache hit)
1580 http cache cliui@https://registry.npmjs.org/cliui/-/cliui-9.0.1.tgz 0ms (cache hit)
1581 http cache @tufjs/models@https://registry.npmjs.org/@tufjs/models/-/models-4.1.0.tgz 0ms (cache hit)
1582 http cache fdir@https://registry.npmjs.org/fdir/-/fdir-6.5.0.tgz 0ms (cache hit)
1583 http cache isexe@https://registry.npmjs.org/isexe/-/isexe-2.0.0.tgz 0ms (cache hit)
1584 http cache media-typer@https://registry.npmjs.org/media-typer/-/media-typer-1.1.0.tgz 0ms (cache hit)
1585 http cache @tufjs/canonical-json@https://registry.npmjs.org/@tufjs/canonical-json/-/canonical-json-2.0.0.tgz 0ms (cache hit)
1586 http cache chownr@https://registry.npmjs.org/chownr/-/chownr-3.0.0.tgz 0ms (cache hit)
1587 http cache @isaacs/fs-minipass@https://registry.npmjs.org/@isaacs/fs-minipass/-/fs-minipass-4.0.1.tgz 0ms (cache hit)
1588 http cache ansi-regex@https://registry.npmjs.org/ansi-regex/-/ansi-regex-6.2.2.tgz 0ms (cache hit)
1589 http cache spdx-license-ids@https://registry.npmjs.org/spdx-license-ids/-/spdx-license-ids-3.0.23.tgz 0ms (cache hit)
1590 http cache yallist@https://registry.npmjs.org/yallist/-/yallist-5.0.0.tgz 0ms (cache hit)
1591 http cache is-fullwidth-code-point@https://registry.npmjs.org/is-fullwidth-code-point/-/is-fullwidth-code-point-5.1.0.tgz 0ms (cache hit)
1592 http cache spdx-exceptions@https://registry.npmjs.org/spdx-exceptions/-/spdx-exceptions-2.5.0.tgz 0ms (cache hit)
1593 http cache get-east-asian-width@https://registry.npmjs.org/get-east-asian-width/-/get-east-asian-width-1.5.0.tgz 0ms (cache hit)
1594 http cache smart-buffer@https://registry.npmjs.org/smart-buffer/-/smart-buffer-4.2.0.tgz 0ms (cache hit)
1595 http cache socks@https://registry.npmjs.org/socks/-/socks-2.8.7.tgz 0ms (cache hit)
1596 http cache ansi-styles@https://registry.npmjs.org/ansi-styles/-/ansi-styles-6.2.3.tgz 0ms (cache hit)
1597 http cache @sigstore/verify@https://registry.npmjs.org/@sigstore/verify/-/verify-3.1.0.tgz 0ms (cache hit)
1598 http cache tuf-js@https://registry.npmjs.org/tuf-js/-/tuf-js-4.1.0.tgz 0ms (cache hit)
1599 http cache @sigstore/tuf@https://registry.npmjs.org/@sigstore/tuf/-/tuf-4.0.2.tgz 0ms (cache hit)
1600 http cache @sigstore/bundle@https://registry.npmjs.org/@sigstore/bundle/-/bundle-4.0.0.tgz 0ms (cache hit)
1601 http cache math-intrinsics@https://registry.npmjs.org/math-intrinsics/-/math-intrinsics-1.1.0.tgz 0ms (cache hit)
1602 http cache @sigstore/protobuf-specs@https://registry.npmjs.org/@sigstore/protobuf-specs/-/protobuf-specs-0.5.0.tgz 0ms (cache hit)
1603 http cache dunder-proto@https://registry.npmjs.org/dunder-proto/-/dunder-proto-1.0.1.tgz 0ms (cache hit)
1604 http cache @sigstore/sign@https://registry.npmjs.org/@sigstore/sign/-/sign-4.1.1.tgz 0ms (cache hit)
1605 http cache hasown@https://registry.npmjs.org/hasown/-/hasown-2.0.2.tgz 0ms (cache hit)
1606 http cache has-symbols@https://registry.npmjs.org/has-symbols/-/has-symbols-1.1.0.tgz 0ms (cache hit)
1607 http cache get-proto@https://registry.npmjs.org/get-proto/-/get-proto-1.0.1.tgz 0ms (cache hit)
1608 http cache es-object-atoms@https://registry.npmjs.org/es-object-atoms/-/es-object-atoms-1.1.1.tgz 0ms (cache hit)
1609 http cache @sigstore/core@https://registry.npmjs.org/@sigstore/core/-/core-3.2.0.tgz 0ms (cache hit)
1610 http cache gopd@https://registry.npmjs.org/gopd/-/gopd-1.2.0.tgz 0ms (cache hit)
1611 http cache function-bind@https://registry.npmjs.org/function-bind/-/function-bind-1.1.2.tgz 0ms (cache hit)
1612 http cache call-bind-apply-helpers@https://registry.npmjs.org/call-bind-apply-helpers/-/call-bind-apply-helpers-1.0.2.tgz 0ms (cache hit)
1613 http cache es-define-property@https://registry.npmjs.org/es-define-property/-/es-define-property-1.0.1.tgz 0ms (cache hit)
1614 http cache call-bound@https://registry.npmjs.org/call-bound/-/call-bound-1.0.4.tgz 0ms (cache hit)
1615 http cache side-channel-weakmap@https://registry.npmjs.org/side-channel-weakmap/-/side-channel-weakmap-1.0.2.tgz 0ms (cache hit)
1616 http cache get-intrinsic@https://registry.npmjs.org/get-intrinsic/-/get-intrinsic-1.3.0.tgz 0ms (cache hit)
1617 http cache side-channel-map@https://registry.npmjs.org/side-channel-map/-/side-channel-map-1.0.1.tgz 0ms (cache hit)
1618 http cache side-channel-list@https://registry.npmjs.org/side-channel-list/-/side-channel-list-1.0.0.tgz 0ms (cache hit)
1619 http cache is-promise@https://registry.npmjs.org/is-promise/-/is-promise-4.0.0.tgz 0ms (cache hit)
1620 http cache es-errors@https://registry.npmjs.org/es-errors/-/es-errors-1.3.0.tgz 0ms (cache hit)
1621 http cache object-inspect@https://registry.npmjs.org/object-inspect/-/object-inspect-1.13.4.tgz 0ms (cache hit)
1622 http cache shebang-regex@https://registry.npmjs.org/shebang-regex/-/shebang-regex-3.0.0.tgz 0ms (cache hit)
1623 http cache tslib@https://registry.npmjs.org/tslib/-/tslib-2.8.1.tgz 0ms (cache hit)
1624 http cache mimic-function@https://registry.npmjs.org/mimic-function/-/mimic-function-5.0.1.tgz 0ms (cache hit)
1625 http cache unpipe@https://registry.npmjs.org/unpipe/-/unpipe-1.0.0.tgz 0ms (cache hit)
1626 http cache path-to-regexp@https://registry.npmjs.org/path-to-regexp/-/path-to-regexp-8.3.0.tgz 0ms (cache hit)
1627 http cache side-channel@https://registry.npmjs.org/side-channel/-/side-channel-1.1.0.tgz 0ms (cache hit)
1628 http cache onetime@https://registry.npmjs.org/onetime/-/onetime-7.0.0.tgz 0ms (cache hit)
1629 http cache ipaddr.js@https://registry.npmjs.org/ipaddr.js/-/ipaddr.js-1.9.1.tgz 0ms (cache hit)
1630 http cache err-code@https://registry.npmjs.org/err-code/-/err-code-2.0.3.tgz 0ms (cache hit)
1631 http cache retry@https://registry.npmjs.org/retry/-/retry-0.12.0.tgz 0ms (cache hit)
1632 http cache forwarded@https://registry.npmjs.org/forwarded/-/forwarded-0.2.0.tgz 0ms (cache hit)
1633 http cache parse5-sax-parser@https://registry.npmjs.org/parse5-sax-parser/-/parse5-sax-parser-8.0.0.tgz 0ms (cache hit)
1634 http cache parse5@https://registry.npmjs.org/parse5/-/parse5-8.0.0.tgz 0ms (cache hit)
1635 http cache jsonparse@https://registry.npmjs.org/jsonparse/-/jsonparse-1.3.1.tgz 0ms (cache hit)
1636 http cache npm-install-checks@https://registry.npmjs.org/npm-install-checks/-/npm-install-checks-8.0.0.tgz 0ms (cache hit)
1637 http cache ignore-walk@https://registry.npmjs.org/ignore-walk/-/ignore-walk-8.0.0.tgz 0ms (cache hit)
1638 http cache minipass-sized@https://registry.npmjs.org/minipass-sized/-/minipass-sized-2.0.0.tgz 0ms (cache hit)
1639 http cache entities@https://registry.npmjs.org/entities/-/entities-6.0.1.tgz 0ms (cache hit)
1640 http cache abbrev@https://registry.npmjs.org/abbrev/-/abbrev-4.0.0.tgz 0ms (cache hit)
1641 http cache socks-proxy-agent@https://registry.npmjs.org/socks-proxy-agent/-/socks-proxy-agent-8.0.5.tgz 0ms (cache hit)
1642 http cache http-proxy-agent@https://registry.npmjs.org/http-proxy-agent/-/http-proxy-agent-7.0.2.tgz 0ms (cache hit)
1643 http cache https-proxy-agent@https://registry.npmjs.org/https-proxy-agent/-/https-proxy-agent-7.0.6.tgz 0ms (cache hit)
1644 http cache agent-base@https://registry.npmjs.org/agent-base/-/agent-base-7.1.4.tgz 0ms (cache hit)
1645 http cache http-cache-semantics@https://registry.npmjs.org/http-cache-semantics/-/http-cache-semantics-4.2.0.tgz 0ms (cache hit)
1646 http cache minizlib@https://registry.npmjs.org/minizlib/-/minizlib-3.1.0.tgz 0ms (cache hit)
1647 http cache @npmcli/agent@https://registry.npmjs.org/@npmcli/agent/-/agent-4.0.0.tgz 0ms (cache hit)
1648 http cache @npmcli/redact@https://registry.npmjs.org/@npmcli/redact/-/redact-4.0.0.tgz 0ms (cache hit)
1649 http cache minipass-fetch@https://registry.npmjs.org/minipass-fetch/-/minipass-fetch-5.0.2.tgz 0ms (cache hit)
1650 http cache tinyglobby@https://registry.npmjs.org/tinyglobby/-/tinyglobby-0.2.15.tgz 0ms (cache hit)
1651 http cache make-fetch-happen@https://registry.npmjs.org/make-fetch-happen/-/make-fetch-happen-15.0.5.tgz 0ms (cache hit)
1652 http cache graceful-fs@https://registry.npmjs.org/graceful-fs/-/graceful-fs-4.2.11.tgz 0ms (cache hit)
1653 http cache nopt@https://registry.npmjs.org/nopt/-/nopt-9.0.0.tgz 0ms (cache hit)
1654 http cache env-paths@https://registry.npmjs.org/env-paths/-/env-paths-2.2.1.tgz 0ms (cache hit)
1655 http cache exponential-backoff@https://registry.npmjs.org/exponential-backoff/-/exponential-backoff-3.1.3.tgz 0ms (cache hit)
1656 http cache balanced-match@https://registry.npmjs.org/balanced-match/-/balanced-match-4.0.4.tgz 0ms (cache hit)
1657 http cache brace-expansion@https://registry.npmjs.org/brace-expansion/-/brace-expansion-5.0.4.tgz 0ms (cache hit)
1658 http cache path-scurry@https://registry.npmjs.org/path-scurry/-/path-scurry-2.0.2.tgz 0ms (cache hit)
1659 http cache @npmcli/fs@https://registry.npmjs.org/@npmcli/fs/-/fs-5.0.0.tgz 0ms (cache hit)
1660 http cache minimatch@https://registry.npmjs.org/minimatch/-/minimatch-10.2.4.tgz 0ms (cache hit)
1661 http cache p-map@https://registry.npmjs.org/p-map/-/p-map-7.0.4.tgz 0ms (cache hit)
1662 http cache minipass-pipeline@https://registry.npmjs.org/minipass-pipeline/-/minipass-pipeline-1.2.4.tgz 0ms (cache hit)
1663 http cache minipass-collect@https://registry.npmjs.org/minipass-collect/-/minipass-collect-2.0.1.tgz 0ms (cache hit)
1664 http cache minipass-flush@https://registry.npmjs.org/minipass-flush/-/minipass-flush-1.0.5.tgz 0ms (cache hit)
1665 http cache node-gyp@https://registry.npmjs.org/node-gyp/-/node-gyp-12.2.0.tgz 0ms (cache hit)
1666 http cache @npmcli/node-gyp@https://registry.npmjs.org/@npmcli/node-gyp/-/node-gyp-5.0.0.tgz 0ms (cache hit)
1667 http cache npm-normalize-package-bin@https://registry.npmjs.org/npm-normalize-package-bin/-/npm-normalize-package-bin-5.0.0.tgz 0ms (cache hit)
1668 http cache glob@https://registry.npmjs.org/glob/-/glob-13.0.6.tgz 0ms (cache hit)
1669 http cache npm-bundled@https://registry.npmjs.org/npm-bundled/-/npm-bundled-5.0.0.tgz 0ms (cache hit)
1670 http cache json-parse-even-better-errors@https://registry.npmjs.org/json-parse-even-better-errors/-/json-parse-even-better-errors-5.0.0.tgz 0ms (cache hit)
1671 http cache tar@https://registry.npmjs.org/tar/-/tar-7.5.11.tgz 0ms (cache hit)
1672 http cache ssri@https://registry.npmjs.org/ssri/-/ssri-13.0.1.tgz 0ms (cache hit)
1673 http cache @gar/promise-retry@https://registry.npmjs.org/@gar/promise-retry/-/promise-retry-1.0.3.tgz 0ms (cache hit)
1674 http cache spdx-expression-parse@https://registry.npmjs.org/spdx-expression-parse/-/spdx-expression-parse-4.0.0.tgz 0ms (cache hit)
1675 http cache promise-retry@https://registry.npmjs.org/promise-retry/-/promise-retry-2.0.1.tgz 0ms (cache hit)
1676 http cache minipass@https://registry.npmjs.org/minipass/-/minipass-7.1.3.tgz 0ms (cache hit)
1677 http cache cacache@https://registry.npmjs.org/cacache/-/cacache-20.0.4.tgz 0ms (cache hit)
1678 http cache npm-registry-fetch@https://registry.npmjs.org/npm-registry-fetch/-/npm-registry-fetch-19.1.1.tgz 0ms (cache hit)
1679 http cache fs-minipass@https://registry.npmjs.org/fs-minipass/-/fs-minipass-3.0.3.tgz 0ms (cache hit)
1680 http cache @npmcli/run-script@https://registry.npmjs.org/@npmcli/run-script/-/run-script-10.0.4.tgz 0ms (cache hit)
1681 http cache npm-packlist@https://registry.npmjs.org/npm-packlist/-/npm-packlist-10.0.4.tgz 0ms (cache hit)
1682 http cache npm-pick-manifest@https://registry.npmjs.org/npm-pick-manifest/-/npm-pick-manifest-11.0.3.tgz 0ms (cache hit)
1683 http cache @npmcli/package-json@https://registry.npmjs.org/@npmcli/package-json/-/package-json-7.0.5.tgz 0ms (cache hit)
1684 http cache @npmcli/promise-spawn@https://registry.npmjs.org/@npmcli/promise-spawn/-/promise-spawn-9.0.1.tgz 0ms (cache hit)
1685 http cache yoctocolors@https://registry.npmjs.org/yoctocolors/-/yoctocolors-2.1.2.tgz 0ms (cache hit)
1686 http cache sigstore@https://registry.npmjs.org/sigstore/-/sigstore-4.1.0.tgz 0ms (cache hit)
1687 http cache log-symbols@https://registry.npmjs.org/log-symbols/-/log-symbols-7.0.1.tgz 0ms (cache hit)
1688 http cache @npmcli/git@https://registry.npmjs.org/@npmcli/git/-/git-7.0.2.tgz 0ms (cache hit)
1689 http cache stdin-discarder@https://registry.npmjs.org/stdin-discarder/-/stdin-discarder-0.3.1.tgz 0ms (cache hit)
1690 http cache @npmcli/installed-package-contents@https://registry.npmjs.org/@npmcli/installed-package-contents/-/installed-package-contents-4.0.0.tgz 0ms (cache hit)
1691 http cache is-interactive@https://registry.npmjs.org/is-interactive/-/is-interactive-2.0.0.tgz 0ms (cache hit)
1692 http cache cli-spinners@https://registry.npmjs.org/cli-spinners/-/cli-spinners-3.4.0.tgz 0ms (cache hit)
1693 http cache is-unicode-supported@https://registry.npmjs.org/is-unicode-supported/-/is-unicode-supported-2.1.0.tgz 0ms (cache hit)
1694 http cache wrappy@https://registry.npmjs.org/wrappy/-/wrappy-1.0.2.tgz 0ms (cache hit)
1695 http cache ee-first@https://registry.npmjs.org/ee-first/-/ee-first-1.1.1.tgz 0ms (cache hit)
1696 http cache lru-cache@https://registry.npmjs.org/lru-cache/-/lru-cache-11.2.7.tgz 0ms (cache hit)
1697 http cache chalk@https://registry.npmjs.org/chalk/-/chalk-5.6.2.tgz 0ms (cache hit)
1698 http cache validate-npm-package-name@https://registry.npmjs.org/validate-npm-package-name/-/validate-npm-package-name-7.0.2.tgz 0ms (cache hit)
1699 http cache proc-log@https://registry.npmjs.org/proc-log/-/proc-log-6.1.0.tgz 0ms (cache hit)
1700 http cache hosted-git-info@https://registry.npmjs.org/hosted-git-info/-/hosted-git-info-9.0.2.tgz 0ms (cache hit)
1701 http cache restore-cursor@https://registry.npmjs.org/restore-cursor/-/restore-cursor-5.1.0.tgz 0ms (cache hit)
1702 http cache @jridgewell/sourcemap-codec@https://registry.npmjs.org/@jridgewell/sourcemap-codec/-/sourcemap-codec-1.5.5.tgz 0ms (cache hit)
1703 http cache environment@https://registry.npmjs.org/environment/-/environment-1.1.0.tgz 0ms (cache hit)
1704 http cache mime-db@https://registry.npmjs.org/mime-db/-/mime-db-1.54.0.tgz 0ms (cache hit)
1705 http cache cli-cursor@https://registry.npmjs.org/cli-cursor/-/cli-cursor-5.0.0.tgz 0ms (cache hit)
1706 http cache strip-ansi@https://registry.npmjs.org/strip-ansi/-/strip-ansi-7.2.0.tgz 0ms (cache hit)
1707 http cache rfdc@https://registry.npmjs.org/rfdc/-/rfdc-1.4.1.tgz 0ms (cache hit)
1708 http cache slice-ansi@https://registry.npmjs.org/slice-ansi/-/slice-ansi-8.0.0.tgz 0ms (cache hit)
1709 http cache string-width@https://registry.npmjs.org/string-width/-/string-width-8.2.0.tgz 0ms (cache hit)
1710 http cache ansi-escapes@https://registry.npmjs.org/ansi-escapes/-/ansi-escapes-7.3.0.tgz 0ms (cache hit)
1711 http cache log-update@https://registry.npmjs.org/log-update/-/log-update-6.1.0.tgz 0ms (cache hit)
1712 http cache eventemitter3@https://registry.npmjs.org/eventemitter3/-/eventemitter3-5.0.4.tgz 0ms (cache hit)
1713 http cache colorette@https://registry.npmjs.org/colorette/-/colorette-2.0.20.tgz 0ms (cache hit)
1714 http cache cli-truncate@https://registry.npmjs.org/cli-truncate/-/cli-truncate-5.2.0.tgz 0ms (cache hit)
1715 http cache safer-buffer@https://registry.npmjs.org/safer-buffer/-/safer-buffer-2.1.2.tgz 0ms (cache hit)
1716 http cache setprototypeof@https://registry.npmjs.org/setprototypeof/-/setprototypeof-1.2.0.tgz 0ms (cache hit)
1717 http cache toidentifier@https://registry.npmjs.org/toidentifier/-/toidentifier-1.0.1.tgz 0ms (cache hit)
1718 http cache inherits@https://registry.npmjs.org/inherits/-/inherits-2.0.4.tgz 0ms (cache hit)
1719 http cache bytes@https://registry.npmjs.org/bytes/-/bytes-3.1.2.tgz 0ms (cache hit)
1720 http cache ms@https://registry.npmjs.org/ms/-/ms-2.1.3.tgz 0ms (cache hit)
1721 http cache ip-address@https://registry.npmjs.org/ip-address/-/ip-address-10.1.0.tgz 0ms (cache hit)
1722 http cache negotiator@https://registry.npmjs.org/negotiator/-/negotiator-1.0.0.tgz 0ms (cache hit)
1723 http cache type-is@https://registry.npmjs.org/type-is/-/type-is-2.0.1.tgz 0ms (cache hit)
1724 http cache statuses@https://registry.npmjs.org/statuses/-/statuses-2.0.2.tgz 0ms (cache hit)
1725 http cache serve-static@https://registry.npmjs.org/serve-static/-/serve-static-2.2.1.tgz 0ms (cache hit)
1726 http cache send@https://registry.npmjs.org/send/-/send-1.2.1.tgz 0ms (cache hit)
1727 http cache range-parser@https://registry.npmjs.org/range-parser/-/range-parser-1.2.1.tgz 0ms (cache hit)
1728 http cache router@https://registry.npmjs.org/router/-/router-2.2.0.tgz 0ms (cache hit)
1729 http cache once@https://registry.npmjs.org/once/-/once-1.4.0.tgz 0ms (cache hit)
1730 http cache parseurl@https://registry.npmjs.org/parseurl/-/parseurl-1.3.3.tgz 0ms (cache hit)
1731 http cache proxy-addr@https://registry.npmjs.org/proxy-addr/-/proxy-addr-2.0.7.tgz 0ms (cache hit)
1732 http cache qs@https://registry.npmjs.org/qs/-/qs-6.15.0.tgz 0ms (cache hit)
1733 http cache on-finished@https://registry.npmjs.org/on-finished/-/on-finished-2.4.1.tgz 0ms (cache hit)
1734 http cache mime-types@https://registry.npmjs.org/mime-types/-/mime-types-3.0.2.tgz 0ms (cache hit)
1735 http cache fresh@https://registry.npmjs.org/fresh/-/fresh-2.0.0.tgz 0ms (cache hit)
1736 http cache finalhandler@https://registry.npmjs.org/finalhandler/-/finalhandler-2.1.1.tgz 0ms (cache hit)
1737 http cache merge-descriptors@https://registry.npmjs.org/merge-descriptors/-/merge-descriptors-2.0.0.tgz 0ms (cache hit)
1738 http cache http-errors@https://registry.npmjs.org/http-errors/-/http-errors-2.0.1.tgz 0ms (cache hit)
1739 http cache etag@https://registry.npmjs.org/etag/-/etag-1.8.1.tgz 0ms (cache hit)
1740 http cache escape-html@https://registry.npmjs.org/escape-html/-/escape-html-1.0.3.tgz 0ms (cache hit)
1741 http cache debug@https://registry.npmjs.org/debug/-/debug-4.4.3.tgz 0ms (cache hit)
1742 http cache cookie-signature@https://registry.npmjs.org/cookie-signature/-/cookie-signature-1.2.2.tgz 0ms (cache hit)
1743 http cache encodeurl@https://registry.npmjs.org/encodeurl/-/encodeurl-2.0.0.tgz 0ms (cache hit)
1744 http cache depd@https://registry.npmjs.org/depd/-/depd-2.0.0.tgz 0ms (cache hit)
1745 http cache content-disposition@https://registry.npmjs.org/content-disposition/-/content-disposition-1.0.1.tgz 0ms (cache hit)
1746 http cache accepts@https://registry.npmjs.org/accepts/-/accepts-2.0.0.tgz 0ms (cache hit)
1747 http cache cookie@https://registry.npmjs.org/cookie/-/cookie-0.7.2.tgz 0ms (cache hit)
1748 http cache body-parser@https://registry.npmjs.org/body-parser/-/body-parser-2.2.2.tgz 0ms (cache hit)
1749 http cache which@https://registry.npmjs.org/which/-/which-2.0.2.tgz 0ms (cache hit)
1750 http cache shebang-command@https://registry.npmjs.org/shebang-command/-/shebang-command-2.0.0.tgz 0ms (cache hit)
1751 http cache object-assign@https://registry.npmjs.org/object-assign/-/object-assign-4.1.1.tgz 0ms (cache hit)
1752 http cache vary@https://registry.npmjs.org/vary/-/vary-1.1.2.tgz 0ms (cache hit)
1753 http cache @algolia/requester-fetch@https://registry.npmjs.org/@algolia/requester-fetch/-/requester-fetch-5.48.1.tgz 0ms (cache hit)
1754 http cache path-key@https://registry.npmjs.org/path-key/-/path-key-3.1.1.tgz 0ms (cache hit)
1755 http cache @algolia/requester-node-http@https://registry.npmjs.org/@algolia/requester-node-http/-/requester-node-http-5.48.1.tgz 0ms (cache hit)
1756 http cache @algolia/requester-browser-xhr@https://registry.npmjs.org/@algolia/requester-browser-xhr/-/requester-browser-xhr-5.48.1.tgz 0ms (cache hit)
1757 http cache @algolia/monitoring@https://registry.npmjs.org/@algolia/monitoring/-/monitoring-1.48.1.tgz 0ms (cache hit)
1758 http cache @algolia/client-search@https://registry.npmjs.org/@algolia/client-search/-/client-search-5.48.1.tgz 0ms (cache hit)
1759 http cache @algolia/client-query-suggestions@https://registry.npmjs.org/@algolia/client-query-suggestions/-/client-query-suggestions-5.48.1.tgz 0ms (cache hit)
1760 http cache @algolia/recommend@https://registry.npmjs.org/@algolia/recommend/-/recommend-5.48.1.tgz 0ms (cache hit)
1761 http cache @algolia/client-personalization@https://registry.npmjs.org/@algolia/client-personalization/-/client-personalization-5.48.1.tgz 0ms (cache hit)
1762 http cache @algolia/ingestion@https://registry.npmjs.org/@algolia/ingestion/-/ingestion-1.48.1.tgz 0ms (cache hit)
1763 http cache @algolia/client-insights@https://registry.npmjs.org/@algolia/client-insights/-/client-insights-5.48.1.tgz 0ms (cache hit)
1764 http cache @algolia/client-analytics@https://registry.npmjs.org/@algolia/client-analytics/-/client-analytics-5.48.1.tgz 0ms (cache hit)
1765 http cache @algolia/abtesting@https://registry.npmjs.org/@algolia/abtesting/-/abtesting-1.14.1.tgz 0ms (cache hit)
1766 http cache require-from-string@https://registry.npmjs.org/require-from-string/-/require-from-string-2.0.2.tgz 0ms (cache hit)
1767 http cache @algolia/client-common@https://registry.npmjs.org/@algolia/client-common/-/client-common-5.48.1.tgz 0ms (cache hit)
1768 http cache @algolia/client-abtesting@https://registry.npmjs.org/@algolia/client-abtesting/-/client-abtesting-5.48.1.tgz 0ms (cache hit)
1769 http cache json-schema-traverse@https://registry.npmjs.org/json-schema-traverse/-/json-schema-traverse-1.0.0.tgz 0ms (cache hit)
1770 http cache fast-uri@https://registry.npmjs.org/fast-uri/-/fast-uri-3.1.0.tgz 0ms (cache hit)
1771 http cache pkce-challenge@https://registry.npmjs.org/pkce-challenge/-/pkce-challenge-5.0.1.tgz 0ms (cache hit)
1772 http cache raw-body@https://registry.npmjs.org/raw-body/-/raw-body-3.0.2.tgz 0ms (cache hit)
1773 http cache fast-deep-equal@https://registry.npmjs.org/fast-deep-equal/-/fast-deep-equal-3.1.3.tgz 0ms (cache hit)
1774 http cache zod-to-json-schema@https://registry.npmjs.org/zod-to-json-schema/-/zod-to-json-schema-3.25.1.tgz 0ms (cache hit)
1775 http cache json-schema-typed@https://registry.npmjs.org/json-schema-typed/-/json-schema-typed-8.0.2.tgz 0ms (cache hit)
1776 http cache jose@https://registry.npmjs.org/jose/-/jose-6.2.2.tgz 0ms (cache hit)
1777 http cache express-rate-limit@https://registry.npmjs.org/express-rate-limit/-/express-rate-limit-8.3.1.tgz 0ms (cache hit)
1778 http cache express@https://registry.npmjs.org/express/-/express-5.2.1.tgz 0ms (cache hit)
1779 http cache eventsource@https://registry.npmjs.org/eventsource/-/eventsource-3.0.7.tgz 0ms (cache hit)
1780 http cache eventsource-parser@https://registry.npmjs.org/eventsource-parser/-/eventsource-parser-3.0.6.tgz 0ms (cache hit)
1781 http cache cross-spawn@https://registry.npmjs.org/cross-spawn/-/cross-spawn-7.0.6.tgz 0ms (cache hit)
1782 http cache content-type@https://registry.npmjs.org/content-type/-/content-type-1.0.5.tgz 0ms (cache hit)
1783 http cache hono@https://registry.npmjs.org/hono/-/hono-4.12.8.tgz 0ms (cache hit)
1784 http cache cors@https://registry.npmjs.org/cors/-/cors-2.8.6.tgz 0ms (cache hit)
1785 http cache @hono/node-server@https://registry.npmjs.org/@hono/node-server/-/node-server-1.19.11.tgz 0ms (cache hit)
1786 http cache iconv-lite@https://registry.npmjs.org/iconv-lite/-/iconv-lite-0.7.2.tgz 0ms (cache hit)
1787 http cache chardet@https://registry.npmjs.org/chardet/-/chardet-2.1.1.tgz 0ms (cache hit)
1788 http cache @inquirer/external-editor@https://registry.npmjs.org/@inquirer/external-editor/-/external-editor-1.0.3.tgz 0ms (cache hit)
1789 http cache wrap-ansi@https://registry.npmjs.org/wrap-ansi/-/wrap-ansi-6.2.0.tgz 0ms (cache hit)
1790 http cache signal-exit@https://registry.npmjs.org/signal-exit/-/signal-exit-4.1.0.tgz 0ms (cache hit)
1791 http cache mute-stream@https://registry.npmjs.org/mute-stream/-/mute-stream-2.0.0.tgz 0ms (cache hit)
1792 http cache cli-width@https://registry.npmjs.org/cli-width/-/cli-width-4.1.0.tgz 0ms (cache hit)
1793 http cache yoctocolors-cjs@https://registry.npmjs.org/yoctocolors-cjs/-/yoctocolors-cjs-2.1.3.tgz 0ms (cache hit)
1794 http cache @inquirer/type@https://registry.npmjs.org/@inquirer/type/-/type-3.0.10.tgz 0ms (cache hit)
1795 http cache @inquirer/figures@https://registry.npmjs.org/@inquirer/figures/-/figures-1.0.15.tgz 0ms (cache hit)
1796 http cache @inquirer/ansi@https://registry.npmjs.org/@inquirer/ansi/-/ansi-1.0.2.tgz 0ms (cache hit)
1797 http cache @inquirer/core@https://registry.npmjs.org/@inquirer/core/-/core-10.3.2.tgz 0ms (cache hit)
1798 http cache @inquirer/search@https://registry.npmjs.org/@inquirer/search/-/search-3.2.2.tgz 0ms (cache hit)
1799 http cache @inquirer/select@https://registry.npmjs.org/@inquirer/select/-/select-4.4.2.tgz 0ms (cache hit)
1800 http cache @inquirer/input@https://registry.npmjs.org/@inquirer/input/-/input-4.3.1.tgz 0ms (cache hit)
1801 http cache @inquirer/number@https://registry.npmjs.org/@inquirer/number/-/number-3.0.23.tgz 0ms (cache hit)
1802 http cache @inquirer/password@https://registry.npmjs.org/@inquirer/password/-/password-4.0.23.tgz 0ms (cache hit)
1803 http cache @inquirer/rawlist@https://registry.npmjs.org/@inquirer/rawlist/-/rawlist-4.1.11.tgz 0ms (cache hit)
1804 http cache @inquirer/expand@https://registry.npmjs.org/@inquirer/expand/-/expand-4.0.23.tgz 0ms (cache hit)
1805 http cache @inquirer/editor@https://registry.npmjs.org/@inquirer/editor/-/editor-4.2.23.tgz 0ms (cache hit)
1806 http cache @inquirer/confirm@https://registry.npmjs.org/@inquirer/confirm/-/confirm-5.1.21.tgz 0ms (cache hit)
1807 http cache @inquirer/checkbox@https://registry.npmjs.org/@inquirer/checkbox/-/checkbox-4.3.2.tgz 0ms (cache hit)
1808 http cache magic-string@https://registry.npmjs.org/magic-string/-/magic-string-0.30.21.tgz 0ms (cache hit)
1809 http cache ora@https://registry.npmjs.org/ora/-/ora-9.3.0.tgz 0ms (cache hit)
1810 http cache source-map@https://registry.npmjs.org/source-map/-/source-map-0.7.6.tgz 0ms (cache hit)
1811 http cache picomatch@https://registry.npmjs.org/picomatch/-/picomatch-4.0.3.tgz 0ms (cache hit)
1812 http cache ajv@https://registry.npmjs.org/ajv/-/ajv-8.18.0.tgz 0ms (cache hit)
1813 http cache ajv-formats@https://registry.npmjs.org/ajv-formats/-/ajv-formats-3.0.1.tgz 0ms (cache hit)
1814 http cache semver@https://registry.npmjs.org/semver/-/semver-7.7.4.tgz 0ms (cache hit)
1815 http cache yargs@https://registry.npmjs.org/yargs/-/yargs-18.0.0.tgz 0ms (cache hit)
1816 http cache parse5-html-rewriting-stream@https://registry.npmjs.org/parse5-html-rewriting-stream/-/parse5-html-rewriting-stream-8.0.0.tgz 0ms (cache hit)
1817 http cache rxjs@https://registry.npmjs.org/rxjs/-/rxjs-7.8.2.tgz 0ms (cache hit)
1818 http cache pacote@https://registry.npmjs.org/pacote/-/pacote-21.3.1.tgz 0ms (cache hit)
1819 http cache zod@https://registry.npmjs.org/zod/-/zod-4.3.6.tgz 0ms (cache hit)
1820 http cache npm-package-arg@https://registry.npmjs.org/npm-package-arg/-/npm-package-arg-13.0.2.tgz 0ms (cache hit)
1821 http cache jsonc-parser@https://registry.npmjs.org/jsonc-parser/-/jsonc-parser-3.3.1.tgz 0ms (cache hit)
1822 http cache ini@https://registry.npmjs.org/ini/-/ini-6.0.0.tgz 0ms (cache hit)
1823 http cache @yarnpkg/lockfile@https://registry.npmjs.org/@yarnpkg/lockfile/-/lockfile-1.1.0.tgz 0ms (cache hit)
1824 http cache @modelcontextprotocol/sdk@https://registry.npmjs.org/@modelcontextprotocol/sdk/-/sdk-1.26.0.tgz 0ms (cache hit)
1825 http cache listr2@https://registry.npmjs.org/listr2/-/listr2-9.0.5.tgz 0ms (cache hit)
1826 http cache algoliasearch@https://registry.npmjs.org/algoliasearch/-/algoliasearch-5.48.1.tgz 0ms (cache hit)
1827 http cache @schematics/angular@https://registry.npmjs.org/@schematics/angular/-/angular-21.2.3.tgz 0ms (cache hit)
1828 http cache @listr2/prompt-adapter-inquirer@https://registry.npmjs.org/@listr2/prompt-adapter-inquirer/-/prompt-adapter-inquirer-3.0.5.tgz 0ms (cache hit)
1829 http cache @angular-devkit/schematics@https://registry.npmjs.org/@angular-devkit/schematics/-/schematics-21.2.3.tgz 0ms (cache hit)
1830 http cache @inquirer/prompts@https://registry.npmjs.org/@inquirer/prompts/-/prompts-7.10.1.tgz 0ms (cache hit)
1831 http cache @angular-devkit/core@https://registry.npmjs.org/@angular-devkit/core/-/core-21.2.3.tgz 0ms (cache hit)
1832 http cache @angular-devkit/architect@https://registry.npmjs.org/@angular-devkit/architect/-/architect-0.2102.3.tgz 0ms (cache hit)
1833 http cache wrap-ansi@https://registry.npmjs.org/wrap-ansi/-/wrap-ansi-9.0.2.tgz 0ms (cache hit)
1834 http cache string-width@https://registry.npmjs.org/string-width/-/string-width-7.2.0.tgz 0ms (cache hit)
1835 http cache @angular/cli@https://registry.npmjs.org/@angular/cli/-/cli-21.2.3.tgz 0ms (cache hit)
1836 http cache minipass@https://registry.npmjs.org/minipass/-/minipass-3.3.6.tgz 0ms (cache hit)
1837 http cache yallist@https://registry.npmjs.org/yallist/-/yallist-4.0.0.tgz 0ms (cache hit)
1838 http cache minipass@https://registry.npmjs.org/minipass/-/minipass-3.3.6.tgz 0ms (cache hit)
1839 http cache isexe@https://registry.npmjs.org/isexe/-/isexe-4.0.0.tgz 0ms (cache hit)
1840 http cache which@https://registry.npmjs.org/which/-/which-6.0.1.tgz 0ms (cache hit)
1841 http cache yallist@https://registry.npmjs.org/yallist/-/yallist-4.0.0.tgz 0ms (cache hit)
1842 http cache isexe@https://registry.npmjs.org/isexe/-/isexe-4.0.0.tgz 0ms (cache hit)
1843 http cache which@https://registry.npmjs.org/which/-/which-6.0.1.tgz 0ms (cache hit)
1844 http cache which@https://registry.npmjs.org/which/-/which-6.0.1.tgz 0ms (cache hit)
1845 http cache isexe@https://registry.npmjs.org/isexe/-/isexe-4.0.0.tgz 0ms (cache hit)
1846 http cache slice-ansi@https://registry.npmjs.org/slice-ansi/-/slice-ansi-7.1.2.tgz 0ms (cache hit)
1847 http cache string-width@https://registry.npmjs.org/string-width/-/string-width-7.2.0.tgz 0ms (cache hit)
1848 http cache wrap-ansi@https://registry.npmjs.org/wrap-ansi/-/wrap-ansi-9.0.2.tgz 0ms (cache hit)
1849 http cache ansi-regex@https://registry.npmjs.org/ansi-regex/-/ansi-regex-5.0.1.tgz 0ms (cache hit)
1850 http cache is-fullwidth-code-point@https://registry.npmjs.org/is-fullwidth-code-point/-/is-fullwidth-code-point-3.0.0.tgz 0ms (cache hit)
1851 http cache strip-ansi@https://registry.npmjs.org/strip-ansi/-/strip-ansi-6.0.1.tgz 0ms (cache hit)
1852 http cache emoji-regex@https://registry.npmjs.org/emoji-regex/-/emoji-regex-8.0.0.tgz 0ms (cache hit)
1853 http cache ansi-styles@https://registry.npmjs.org/ansi-styles/-/ansi-styles-4.3.0.tgz 0ms (cache hit)
1854 http cache string-width@https://registry.npmjs.org/string-width/-/string-width-4.2.3.tgz 0ms (cache hit)
1855 silly tarball no local data for color-name@https://registry.npmjs.org/color-name/-/color-name-1.1.4.tgz. Extracting by manifest.
1856 silly tarball no local data for emoji-regex@https://registry.npmjs.org/emoji-regex/-/emoji-regex-10.6.0.tgz. Extracting by manifest.
1857 silly tarball no local data for get-caller-file@https://registry.npmjs.org/get-caller-file/-/get-caller-file-2.0.5.tgz. Extracting by manifest.
1858 silly tarball no local data for color-convert@https://registry.npmjs.org/color-convert/-/color-convert-2.0.1.tgz. Extracting by manifest.
1859 silly tarball no local data for yargs-parser@https://registry.npmjs.org/yargs-parser/-/yargs-parser-22.0.0.tgz. Extracting by manifest.
1860 http cache string-width@https://registry.npmjs.org/string-width/-/string-width-7.2.0.tgz 0ms (cache hit)
1861 silly tarball no local data for y18n@https://registry.npmjs.org/y18n/-/y18n-5.0.8.tgz. Extracting by manifest.
1862 http cache string-width@https://registry.npmjs.org/string-width/-/string-width-7.2.0.tgz 0ms (cache hit)
1863 silly tarball no local data for escalade@https://registry.npmjs.org/escalade/-/escalade-3.2.0.tgz. Extracting by manifest.
1864 silly tarball no local data for cliui@https://registry.npmjs.org/cliui/-/cliui-9.0.1.tgz. Extracting by manifest.
1865 silly tarball no local data for @tufjs/models@https://registry.npmjs.org/@tufjs/models/-/models-4.1.0.tgz. Extracting by manifest.
1866 silly tarball no local data for fdir@https://registry.npmjs.org/fdir/-/fdir-6.5.0.tgz. Extracting by manifest.
1867 silly tarball no local data for isexe@https://registry.npmjs.org/isexe/-/isexe-2.0.0.tgz. Extracting by manifest.
1868 silly tarball no local data for media-typer@https://registry.npmjs.org/media-typer/-/media-typer-1.1.0.tgz. Extracting by manifest.
1869 silly tarball no local data for @tufjs/canonical-json@https://registry.npmjs.org/@tufjs/canonical-json/-/canonical-json-2.0.0.tgz. Extracting by manifest.
1870 silly tarball no local data for chownr@https://registry.npmjs.org/chownr/-/chownr-3.0.0.tgz. Extracting by manifest.
1871 silly tarball no local data for @isaacs/fs-minipass@https://registry.npmjs.org/@isaacs/fs-minipass/-/fs-minipass-4.0.1.tgz. Extracting by manifest.
1872 silly tarball no local data for ansi-regex@https://registry.npmjs.org/ansi-regex/-/ansi-regex-6.2.2.tgz. Extracting by manifest.
1873 silly tarball no local data for spdx-license-ids@https://registry.npmjs.org/spdx-license-ids/-/spdx-license-ids-3.0.23.tgz. Extracting by manifest.
1874 silly tarball no local data for yallist@https://registry.npmjs.org/yallist/-/yallist-5.0.0.tgz. Extracting by manifest.
1875 http cache wrap-ansi@https://registry.npmjs.org/wrap-ansi/-/wrap-ansi-9.0.2.tgz 0ms (cache hit)
1876 silly tarball no local data for is-fullwidth-code-point@https://registry.npmjs.org/is-fullwidth-code-point/-/is-fullwidth-code-point-5.1.0.tgz. Extracting by manifest.
1877 silly tarball no local data for spdx-exceptions@https://registry.npmjs.org/spdx-exceptions/-/spdx-exceptions-2.5.0.tgz. Extracting by manifest.
1878 silly tarball no local data for get-east-asian-width@https://registry.npmjs.org/get-east-asian-width/-/get-east-asian-width-1.5.0.tgz. Extracting by manifest.
1879 silly tarball no local data for smart-buffer@https://registry.npmjs.org/smart-buffer/-/smart-buffer-4.2.0.tgz. Extracting by manifest.
1880 silly tarball no local data for socks@https://registry.npmjs.org/socks/-/socks-2.8.7.tgz. Extracting by manifest.
1881 silly tarball no local data for ansi-styles@https://registry.npmjs.org/ansi-styles/-/ansi-styles-6.2.3.tgz. Extracting by manifest.
1882 silly tarball no local data for @sigstore/verify@https://registry.npmjs.org/@sigstore/verify/-/verify-3.1.0.tgz. Extracting by manifest.
1883 silly tarball no local data for tuf-js@https://registry.npmjs.org/tuf-js/-/tuf-js-4.1.0.tgz. Extracting by manifest.
1884 silly tarball no local data for @sigstore/tuf@https://registry.npmjs.org/@sigstore/tuf/-/tuf-4.0.2.tgz. Extracting by manifest.
1885 silly tarball no local data for @sigstore/bundle@https://registry.npmjs.org/@sigstore/bundle/-/bundle-4.0.0.tgz. Extracting by manifest.
1886 silly tarball no local data for math-intrinsics@https://registry.npmjs.org/math-intrinsics/-/math-intrinsics-1.1.0.tgz. Extracting by manifest.
1887 silly tarball no local data for @sigstore/protobuf-specs@https://registry.npmjs.org/@sigstore/protobuf-specs/-/protobuf-specs-0.5.0.tgz. Extracting by manifest.
1888 silly tarball no local data for dunder-proto@https://registry.npmjs.org/dunder-proto/-/dunder-proto-1.0.1.tgz. Extracting by manifest.
1889 silly tarball no local data for @sigstore/sign@https://registry.npmjs.org/@sigstore/sign/-/sign-4.1.1.tgz. Extracting by manifest.
1890 silly tarball no local data for hasown@https://registry.npmjs.org/hasown/-/hasown-2.0.2.tgz. Extracting by manifest.
1891 silly tarball no local data for has-symbols@https://registry.npmjs.org/has-symbols/-/has-symbols-1.1.0.tgz. Extracting by manifest.
1892 silly tarball no local data for get-proto@https://registry.npmjs.org/get-proto/-/get-proto-1.0.1.tgz. Extracting by manifest.
1893 silly tarball no local data for es-object-atoms@https://registry.npmjs.org/es-object-atoms/-/es-object-atoms-1.1.1.tgz. Extracting by manifest.
1894 silly tarball no local data for @sigstore/core@https://registry.npmjs.org/@sigstore/core/-/core-3.2.0.tgz. Extracting by manifest.
1895 silly tarball no local data for gopd@https://registry.npmjs.org/gopd/-/gopd-1.2.0.tgz. Extracting by manifest.
1896 silly tarball no local data for function-bind@https://registry.npmjs.org/function-bind/-/function-bind-1.1.2.tgz. Extracting by manifest.
1897 silly tarball no local data for call-bind-apply-helpers@https://registry.npmjs.org/call-bind-apply-helpers/-/call-bind-apply-helpers-1.0.2.tgz. Extracting by manifest.
1898 silly tarball no local data for es-define-property@https://registry.npmjs.org/es-define-property/-/es-define-property-1.0.1.tgz. Extracting by manifest.
1899 silly tarball no local data for call-bound@https://registry.npmjs.org/call-bound/-/call-bound-1.0.4.tgz. Extracting by manifest.
1900 silly tarball no local data for side-channel-weakmap@https://registry.npmjs.org/side-channel-weakmap/-/side-channel-weakmap-1.0.2.tgz. Extracting by manifest.
1901 silly tarball no local data for get-intrinsic@https://registry.npmjs.org/get-intrinsic/-/get-intrinsic-1.3.0.tgz. Extracting by manifest.
1902 silly tarball no local data for side-channel-map@https://registry.npmjs.org/side-channel-map/-/side-channel-map-1.0.1.tgz. Extracting by manifest.
1903 silly tarball no local data for side-channel-list@https://registry.npmjs.org/side-channel-list/-/side-channel-list-1.0.0.tgz. Extracting by manifest.
1904 silly tarball no local data for is-promise@https://registry.npmjs.org/is-promise/-/is-promise-4.0.0.tgz. Extracting by manifest.
1905 silly tarball no local data for es-errors@https://registry.npmjs.org/es-errors/-/es-errors-1.3.0.tgz. Extracting by manifest.
1906 silly tarball no local data for object-inspect@https://registry.npmjs.org/object-inspect/-/object-inspect-1.13.4.tgz. Extracting by manifest.
1907 silly tarball no local data for shebang-regex@https://registry.npmjs.org/shebang-regex/-/shebang-regex-3.0.0.tgz. Extracting by manifest.
1908 silly tarball no local data for tslib@https://registry.npmjs.org/tslib/-/tslib-2.8.1.tgz. Extracting by manifest.
1909 silly tarball no local data for mimic-function@https://registry.npmjs.org/mimic-function/-/mimic-function-5.0.1.tgz. Extracting by manifest.
1910 silly tarball no local data for unpipe@https://registry.npmjs.org/unpipe/-/unpipe-1.0.0.tgz. Extracting by manifest.
1911 silly tarball no local data for path-to-regexp@https://registry.npmjs.org/path-to-regexp/-/path-to-regexp-8.3.0.tgz. Extracting by manifest.
1912 silly tarball no local data for side-channel@https://registry.npmjs.org/side-channel/-/side-channel-1.1.0.tgz. Extracting by manifest.
1913 silly tarball no local data for onetime@https://registry.npmjs.org/onetime/-/onetime-7.0.0.tgz. Extracting by manifest.
1914 silly tarball no local data for ipaddr.js@https://registry.npmjs.org/ipaddr.js/-/ipaddr.js-1.9.1.tgz. Extracting by manifest.
1915 silly tarball no local data for err-code@https://registry.npmjs.org/err-code/-/err-code-2.0.3.tgz. Extracting by manifest.
1916 silly tarball no local data for retry@https://registry.npmjs.org/retry/-/retry-0.12.0.tgz. Extracting by manifest.
1917 silly tarball no local data for forwarded@https://registry.npmjs.org/forwarded/-/forwarded-0.2.0.tgz. Extracting by manifest.
1918 silly tarball no local data for parse5-sax-parser@https://registry.npmjs.org/parse5-sax-parser/-/parse5-sax-parser-8.0.0.tgz. Extracting by manifest.
1919 silly tarball no local data for parse5@https://registry.npmjs.org/parse5/-/parse5-8.0.0.tgz. Extracting by manifest.
1920 silly tarball no local data for jsonparse@https://registry.npmjs.org/jsonparse/-/jsonparse-1.3.1.tgz. Extracting by manifest.
1921 silly tarball no local data for npm-install-checks@https://registry.npmjs.org/npm-install-checks/-/npm-install-checks-8.0.0.tgz. Extracting by manifest.
1922 silly tarball no local data for ignore-walk@https://registry.npmjs.org/ignore-walk/-/ignore-walk-8.0.0.tgz. Extracting by manifest.
1923 silly tarball no local data for minipass-sized@https://registry.npmjs.org/minipass-sized/-/minipass-sized-2.0.0.tgz. Extracting by manifest.
1924 silly tarball no local data for entities@https://registry.npmjs.org/entities/-/entities-6.0.1.tgz. Extracting by manifest.
1925 silly tarball no local data for abbrev@https://registry.npmjs.org/abbrev/-/abbrev-4.0.0.tgz. Extracting by manifest.
1926 silly tarball no local data for socks-proxy-agent@https://registry.npmjs.org/socks-proxy-agent/-/socks-proxy-agent-8.0.5.tgz. Extracting by manifest.
1927 silly tarball no local data for http-proxy-agent@https://registry.npmjs.org/http-proxy-agent/-/http-proxy-agent-7.0.2.tgz. Extracting by manifest.
1928 silly tarball no local data for https-proxy-agent@https://registry.npmjs.org/https-proxy-agent/-/https-proxy-agent-7.0.6.tgz. Extracting by manifest.
1929 silly tarball no local data for agent-base@https://registry.npmjs.org/agent-base/-/agent-base-7.1.4.tgz. Extracting by manifest.
1930 silly tarball no local data for http-cache-semantics@https://registry.npmjs.org/http-cache-semantics/-/http-cache-semantics-4.2.0.tgz. Extracting by manifest.
1931 silly tarball no local data for minizlib@https://registry.npmjs.org/minizlib/-/minizlib-3.1.0.tgz. Extracting by manifest.
1932 silly tarball no local data for @npmcli/agent@https://registry.npmjs.org/@npmcli/agent/-/agent-4.0.0.tgz. Extracting by manifest.
1933 silly tarball no local data for @npmcli/redact@https://registry.npmjs.org/@npmcli/redact/-/redact-4.0.0.tgz. Extracting by manifest.
1934 silly tarball no local data for minipass-fetch@https://registry.npmjs.org/minipass-fetch/-/minipass-fetch-5.0.2.tgz. Extracting by manifest.
1935 silly tarball no local data for tinyglobby@https://registry.npmjs.org/tinyglobby/-/tinyglobby-0.2.15.tgz. Extracting by manifest.
1936 silly tarball no local data for make-fetch-happen@https://registry.npmjs.org/make-fetch-happen/-/make-fetch-happen-15.0.5.tgz. Extracting by manifest.
1937 silly tarball no local data for graceful-fs@https://registry.npmjs.org/graceful-fs/-/graceful-fs-4.2.11.tgz. Extracting by manifest.
1938 silly tarball no local data for nopt@https://registry.npmjs.org/nopt/-/nopt-9.0.0.tgz. Extracting by manifest.
1939 silly tarball no local data for env-paths@https://registry.npmjs.org/env-paths/-/env-paths-2.2.1.tgz. Extracting by manifest.
1940 silly tarball no local data for exponential-backoff@https://registry.npmjs.org/exponential-backoff/-/exponential-backoff-3.1.3.tgz. Extracting by manifest.
1941 silly tarball no local data for balanced-match@https://registry.npmjs.org/balanced-match/-/balanced-match-4.0.4.tgz. Extracting by manifest.
1942 silly tarball no local data for brace-expansion@https://registry.npmjs.org/brace-expansion/-/brace-expansion-5.0.4.tgz. Extracting by manifest.
1943 silly tarball no local data for path-scurry@https://registry.npmjs.org/path-scurry/-/path-scurry-2.0.2.tgz. Extracting by manifest.
1944 silly tarball no local data for @npmcli/fs@https://registry.npmjs.org/@npmcli/fs/-/fs-5.0.0.tgz. Extracting by manifest.
1945 silly tarball no local data for minimatch@https://registry.npmjs.org/minimatch/-/minimatch-10.2.4.tgz. Extracting by manifest.
1946 silly tarball no local data for p-map@https://registry.npmjs.org/p-map/-/p-map-7.0.4.tgz. Extracting by manifest.
1947 silly tarball no local data for minipass-pipeline@https://registry.npmjs.org/minipass-pipeline/-/minipass-pipeline-1.2.4.tgz. Extracting by manifest.
1948 silly tarball no local data for minipass-collect@https://registry.npmjs.org/minipass-collect/-/minipass-collect-2.0.1.tgz. Extracting by manifest.
1949 silly tarball no local data for minipass-flush@https://registry.npmjs.org/minipass-flush/-/minipass-flush-1.0.5.tgz. Extracting by manifest.
1950 silly tarball no local data for node-gyp@https://registry.npmjs.org/node-gyp/-/node-gyp-12.2.0.tgz. Extracting by manifest.
1951 silly tarball no local data for @npmcli/node-gyp@https://registry.npmjs.org/@npmcli/node-gyp/-/node-gyp-5.0.0.tgz. Extracting by manifest.
1952 silly tarball no local data for npm-normalize-package-bin@https://registry.npmjs.org/npm-normalize-package-bin/-/npm-normalize-package-bin-5.0.0.tgz. Extracting by manifest.
1953 silly tarball no local data for glob@https://registry.npmjs.org/glob/-/glob-13.0.6.tgz. Extracting by manifest.
1954 silly tarball no local data for npm-bundled@https://registry.npmjs.org/npm-bundled/-/npm-bundled-5.0.0.tgz. Extracting by manifest.
1955 silly tarball no local data for json-parse-even-better-errors@https://registry.npmjs.org/json-parse-even-better-errors/-/json-parse-even-better-errors-5.0.0.tgz. Extracting by manifest.
1956 silly tarball no local data for tar@https://registry.npmjs.org/tar/-/tar-7.5.11.tgz. Extracting by manifest.
1957 silly tarball no local data for ssri@https://registry.npmjs.org/ssri/-/ssri-13.0.1.tgz. Extracting by manifest.
1958 silly tarball no local data for @gar/promise-retry@https://registry.npmjs.org/@gar/promise-retry/-/promise-retry-1.0.3.tgz. Extracting by manifest.
1959 silly tarball no local data for spdx-expression-parse@https://registry.npmjs.org/spdx-expression-parse/-/spdx-expression-parse-4.0.0.tgz. Extracting by manifest.
1960 silly tarball no local data for promise-retry@https://registry.npmjs.org/promise-retry/-/promise-retry-2.0.1.tgz. Extracting by manifest.
1961 silly tarball no local data for minipass@https://registry.npmjs.org/minipass/-/minipass-7.1.3.tgz. Extracting by manifest.
1962 silly tarball no local data for cacache@https://registry.npmjs.org/cacache/-/cacache-20.0.4.tgz. Extracting by manifest.
1963 silly tarball no local data for npm-registry-fetch@https://registry.npmjs.org/npm-registry-fetch/-/npm-registry-fetch-19.1.1.tgz. Extracting by manifest.
1964 silly tarball no local data for fs-minipass@https://registry.npmjs.org/fs-minipass/-/fs-minipass-3.0.3.tgz. Extracting by manifest.
1965 silly tarball no local data for @npmcli/run-script@https://registry.npmjs.org/@npmcli/run-script/-/run-script-10.0.4.tgz. Extracting by manifest.
1966 silly tarball no local data for npm-packlist@https://registry.npmjs.org/npm-packlist/-/npm-packlist-10.0.4.tgz. Extracting by manifest.
1967 silly tarball no local data for npm-pick-manifest@https://registry.npmjs.org/npm-pick-manifest/-/npm-pick-manifest-11.0.3.tgz. Extracting by manifest.
1968 silly tarball no local data for @npmcli/package-json@https://registry.npmjs.org/@npmcli/package-json/-/package-json-7.0.5.tgz. Extracting by manifest.
1969 silly tarball no local data for @npmcli/promise-spawn@https://registry.npmjs.org/@npmcli/promise-spawn/-/promise-spawn-9.0.1.tgz. Extracting by manifest.
1970 silly tarball no local data for yoctocolors@https://registry.npmjs.org/yoctocolors/-/yoctocolors-2.1.2.tgz. Extracting by manifest.
1971 silly tarball no local data for sigstore@https://registry.npmjs.org/sigstore/-/sigstore-4.1.0.tgz. Extracting by manifest.
1972 silly tarball no local data for log-symbols@https://registry.npmjs.org/log-symbols/-/log-symbols-7.0.1.tgz. Extracting by manifest.
1973 silly tarball no local data for @npmcli/git@https://registry.npmjs.org/@npmcli/git/-/git-7.0.2.tgz. Extracting by manifest.
1974 silly tarball no local data for stdin-discarder@https://registry.npmjs.org/stdin-discarder/-/stdin-discarder-0.3.1.tgz. Extracting by manifest.
1975 silly tarball no local data for @npmcli/installed-package-contents@https://registry.npmjs.org/@npmcli/installed-package-contents/-/installed-package-contents-4.0.0.tgz. Extracting by manifest.
1976 silly tarball no local data for is-interactive@https://registry.npmjs.org/is-interactive/-/is-interactive-2.0.0.tgz. Extracting by manifest.
1977 silly tarball no local data for cli-spinners@https://registry.npmjs.org/cli-spinners/-/cli-spinners-3.4.0.tgz. Extracting by manifest.
1978 silly tarball no local data for is-unicode-supported@https://registry.npmjs.org/is-unicode-supported/-/is-unicode-supported-2.1.0.tgz. Extracting by manifest.
1979 silly tarball no local data for wrappy@https://registry.npmjs.org/wrappy/-/wrappy-1.0.2.tgz. Extracting by manifest.
1980 silly tarball no local data for ee-first@https://registry.npmjs.org/ee-first/-/ee-first-1.1.1.tgz. Extracting by manifest.
1981 silly tarball no local data for lru-cache@https://registry.npmjs.org/lru-cache/-/lru-cache-11.2.7.tgz. Extracting by manifest.
1982 silly tarball no local data for chalk@https://registry.npmjs.org/chalk/-/chalk-5.6.2.tgz. Extracting by manifest.
1983 silly tarball no local data for validate-npm-package-name@https://registry.npmjs.org/validate-npm-package-name/-/validate-npm-package-name-7.0.2.tgz. Extracting by manifest.
1984 silly tarball no local data for proc-log@https://registry.npmjs.org/proc-log/-/proc-log-6.1.0.tgz. Extracting by manifest.
1985 silly tarball no local data for hosted-git-info@https://registry.npmjs.org/hosted-git-info/-/hosted-git-info-9.0.2.tgz. Extracting by manifest.
1986 silly tarball no local data for restore-cursor@https://registry.npmjs.org/restore-cursor/-/restore-cursor-5.1.0.tgz. Extracting by manifest.
1987 silly tarball no local data for @jridgewell/sourcemap-codec@https://registry.npmjs.org/@jridgewell/sourcemap-codec/-/sourcemap-codec-1.5.5.tgz. Extracting by manifest.
1988 silly tarball no local data for environment@https://registry.npmjs.org/environment/-/environment-1.1.0.tgz. Extracting by manifest.
1989 silly tarball no local data for mime-db@https://registry.npmjs.org/mime-db/-/mime-db-1.54.0.tgz. Extracting by manifest.
1990 silly tarball no local data for cli-cursor@https://registry.npmjs.org/cli-cursor/-/cli-cursor-5.0.0.tgz. Extracting by manifest.
1991 silly tarball no local data for strip-ansi@https://registry.npmjs.org/strip-ansi/-/strip-ansi-7.2.0.tgz. Extracting by manifest.
1992 silly tarball no local data for rfdc@https://registry.npmjs.org/rfdc/-/rfdc-1.4.1.tgz. Extracting by manifest.
1993 silly tarball no local data for slice-ansi@https://registry.npmjs.org/slice-ansi/-/slice-ansi-8.0.0.tgz. Extracting by manifest.
1994 silly tarball no local data for string-width@https://registry.npmjs.org/string-width/-/string-width-8.2.0.tgz. Extracting by manifest.
1995 silly tarball no local data for ansi-escapes@https://registry.npmjs.org/ansi-escapes/-/ansi-escapes-7.3.0.tgz. Extracting by manifest.
1996 silly tarball no local data for log-update@https://registry.npmjs.org/log-update/-/log-update-6.1.0.tgz. Extracting by manifest.
1997 silly tarball no local data for eventemitter3@https://registry.npmjs.org/eventemitter3/-/eventemitter3-5.0.4.tgz. Extracting by manifest.
1998 silly tarball no local data for colorette@https://registry.npmjs.org/colorette/-/colorette-2.0.20.tgz. Extracting by manifest.
1999 silly tarball no local data for cli-truncate@https://registry.npmjs.org/cli-truncate/-/cli-truncate-5.2.0.tgz. Extracting by manifest.
2000 silly tarball no local data for safer-buffer@https://registry.npmjs.org/safer-buffer/-/safer-buffer-2.1.2.tgz. Extracting by manifest.
2001 silly tarball no local data for setprototypeof@https://registry.npmjs.org/setprototypeof/-/setprototypeof-1.2.0.tgz. Extracting by manifest.
2002 silly tarball no local data for toidentifier@https://registry.npmjs.org/toidentifier/-/toidentifier-1.0.1.tgz. Extracting by manifest.
2003 silly tarball no local data for inherits@https://registry.npmjs.org/inherits/-/inherits-2.0.4.tgz. Extracting by manifest.
2004 silly tarball no local data for bytes@https://registry.npmjs.org/bytes/-/bytes-3.1.2.tgz. Extracting by manifest.
2005 silly tarball no local data for ms@https://registry.npmjs.org/ms/-/ms-2.1.3.tgz. Extracting by manifest.
2006 silly tarball no local data for ip-address@https://registry.npmjs.org/ip-address/-/ip-address-10.1.0.tgz. Extracting by manifest.
2007 silly tarball no local data for negotiator@https://registry.npmjs.org/negotiator/-/negotiator-1.0.0.tgz. Extracting by manifest.
2008 silly tarball no local data for type-is@https://registry.npmjs.org/type-is/-/type-is-2.0.1.tgz. Extracting by manifest.
2009 silly tarball no local data for statuses@https://registry.npmjs.org/statuses/-/statuses-2.0.2.tgz. Extracting by manifest.
2010 silly tarball no local data for serve-static@https://registry.npmjs.org/serve-static/-/serve-static-2.2.1.tgz. Extracting by manifest.
2011 silly tarball no local data for send@https://registry.npmjs.org/send/-/send-1.2.1.tgz. Extracting by manifest.
2012 silly tarball no local data for range-parser@https://registry.npmjs.org/range-parser/-/range-parser-1.2.1.tgz. Extracting by manifest.
2013 silly tarball no local data for router@https://registry.npmjs.org/router/-/router-2.2.0.tgz. Extracting by manifest.
2014 silly tarball no local data for once@https://registry.npmjs.org/once/-/once-1.4.0.tgz. Extracting by manifest.
2015 silly tarball no local data for parseurl@https://registry.npmjs.org/parseurl/-/parseurl-1.3.3.tgz. Extracting by manifest.
2016 silly tarball no local data for proxy-addr@https://registry.npmjs.org/proxy-addr/-/proxy-addr-2.0.7.tgz. Extracting by manifest.
2017 silly tarball no local data for qs@https://registry.npmjs.org/qs/-/qs-6.15.0.tgz. Extracting by manifest.
2018 silly tarball no local data for on-finished@https://registry.npmjs.org/on-finished/-/on-finished-2.4.1.tgz. Extracting by manifest.
2019 silly tarball no local data for mime-types@https://registry.npmjs.org/mime-types/-/mime-types-3.0.2.tgz. Extracting by manifest.
2020 silly tarball no local data for fresh@https://registry.npmjs.org/fresh/-/fresh-2.0.0.tgz. Extracting by manifest.
2021 silly tarball no local data for finalhandler@https://registry.npmjs.org/finalhandler/-/finalhandler-2.1.1.tgz. Extracting by manifest.
2022 silly tarball no local data for merge-descriptors@https://registry.npmjs.org/merge-descriptors/-/merge-descriptors-2.0.0.tgz. Extracting by manifest.
2023 silly tarball no local data for http-errors@https://registry.npmjs.org/http-errors/-/http-errors-2.0.1.tgz. Extracting by manifest.
2024 silly tarball no local data for etag@https://registry.npmjs.org/etag/-/etag-1.8.1.tgz. Extracting by manifest.
2025 silly tarball no local data for escape-html@https://registry.npmjs.org/escape-html/-/escape-html-1.0.3.tgz. Extracting by manifest.
2026 silly tarball no local data for debug@https://registry.npmjs.org/debug/-/debug-4.4.3.tgz. Extracting by manifest.
2027 silly tarball no local data for cookie-signature@https://registry.npmjs.org/cookie-signature/-/cookie-signature-1.2.2.tgz. Extracting by manifest.
2028 silly tarball no local data for encodeurl@https://registry.npmjs.org/encodeurl/-/encodeurl-2.0.0.tgz. Extracting by manifest.
2029 silly tarball no local data for depd@https://registry.npmjs.org/depd/-/depd-2.0.0.tgz. Extracting by manifest.
2030 silly tarball no local data for content-disposition@https://registry.npmjs.org/content-disposition/-/content-disposition-1.0.1.tgz. Extracting by manifest.
2031 silly tarball no local data for accepts@https://registry.npmjs.org/accepts/-/accepts-2.0.0.tgz. Extracting by manifest.
2032 silly tarball no local data for cookie@https://registry.npmjs.org/cookie/-/cookie-0.7.2.tgz. Extracting by manifest.
2033 silly tarball no local data for body-parser@https://registry.npmjs.org/body-parser/-/body-parser-2.2.2.tgz. Extracting by manifest.
2034 silly tarball no local data for which@https://registry.npmjs.org/which/-/which-2.0.2.tgz. Extracting by manifest.
2035 silly tarball no local data for shebang-command@https://registry.npmjs.org/shebang-command/-/shebang-command-2.0.0.tgz. Extracting by manifest.
2036 silly tarball no local data for object-assign@https://registry.npmjs.org/object-assign/-/object-assign-4.1.1.tgz. Extracting by manifest.
2037 silly tarball no local data for vary@https://registry.npmjs.org/vary/-/vary-1.1.2.tgz. Extracting by manifest.
2038 silly tarball no local data for @algolia/requester-fetch@https://registry.npmjs.org/@algolia/requester-fetch/-/requester-fetch-5.48.1.tgz. Extracting by manifest.
2039 silly tarball no local data for path-key@https://registry.npmjs.org/path-key/-/path-key-3.1.1.tgz. Extracting by manifest.
2040 silly tarball no local data for @algolia/requester-node-http@https://registry.npmjs.org/@algolia/requester-node-http/-/requester-node-http-5.48.1.tgz. Extracting by manifest.
2041 silly tarball no local data for @algolia/requester-browser-xhr@https://registry.npmjs.org/@algolia/requester-browser-xhr/-/requester-browser-xhr-5.48.1.tgz. Extracting by manifest.
2042 silly tarball no local data for @algolia/monitoring@https://registry.npmjs.org/@algolia/monitoring/-/monitoring-1.48.1.tgz. Extracting by manifest.
2043 silly tarball no local data for @algolia/client-search@https://registry.npmjs.org/@algolia/client-search/-/client-search-5.48.1.tgz. Extracting by manifest.
2044 silly tarball no local data for @algolia/client-query-suggestions@https://registry.npmjs.org/@algolia/client-query-suggestions/-/client-query-suggestions-5.48.1.tgz. Extracting by manifest.
2045 silly tarball no local data for @algolia/recommend@https://registry.npmjs.org/@algolia/recommend/-/recommend-5.48.1.tgz. Extracting by manifest.
2046 silly tarball no local data for @algolia/client-personalization@https://registry.npmjs.org/@algolia/client-personalization/-/client-personalization-5.48.1.tgz. Extracting by manifest.
2047 silly tarball no local data for @algolia/ingestion@https://registry.npmjs.org/@algolia/ingestion/-/ingestion-1.48.1.tgz. Extracting by manifest.
2048 silly tarball no local data for @algolia/client-insights@https://registry.npmjs.org/@algolia/client-insights/-/client-insights-5.48.1.tgz. Extracting by manifest.
2049 silly tarball no local data for @algolia/client-analytics@https://registry.npmjs.org/@algolia/client-analytics/-/client-analytics-5.48.1.tgz. Extracting by manifest.
2050 silly tarball no local data for @algolia/abtesting@https://registry.npmjs.org/@algolia/abtesting/-/abtesting-1.14.1.tgz. Extracting by manifest.
2051 silly tarball no local data for require-from-string@https://registry.npmjs.org/require-from-string/-/require-from-string-2.0.2.tgz. Extracting by manifest.
2052 silly tarball no local data for @algolia/client-common@https://registry.npmjs.org/@algolia/client-common/-/client-common-5.48.1.tgz. Extracting by manifest.
2053 silly tarball no local data for @algolia/client-abtesting@https://registry.npmjs.org/@algolia/client-abtesting/-/client-abtesting-5.48.1.tgz. Extracting by manifest.
2054 silly tarball no local data for json-schema-traverse@https://registry.npmjs.org/json-schema-traverse/-/json-schema-traverse-1.0.0.tgz. Extracting by manifest.
2055 silly tarball no local data for fast-uri@https://registry.npmjs.org/fast-uri/-/fast-uri-3.1.0.tgz. Extracting by manifest.
2056 silly tarball no local data for pkce-challenge@https://registry.npmjs.org/pkce-challenge/-/pkce-challenge-5.0.1.tgz. Extracting by manifest.
2057 silly tarball no local data for raw-body@https://registry.npmjs.org/raw-body/-/raw-body-3.0.2.tgz. Extracting by manifest.
2058 silly tarball no local data for fast-deep-equal@https://registry.npmjs.org/fast-deep-equal/-/fast-deep-equal-3.1.3.tgz. Extracting by manifest.
2059 silly tarball no local data for zod-to-json-schema@https://registry.npmjs.org/zod-to-json-schema/-/zod-to-json-schema-3.25.1.tgz. Extracting by manifest.
2060 silly tarball no local data for json-schema-typed@https://registry.npmjs.org/json-schema-typed/-/json-schema-typed-8.0.2.tgz. Extracting by manifest.
2061 silly tarball no local data for jose@https://registry.npmjs.org/jose/-/jose-6.2.2.tgz. Extracting by manifest.
2062 silly tarball no local data for express-rate-limit@https://registry.npmjs.org/express-rate-limit/-/express-rate-limit-8.3.1.tgz. Extracting by manifest.
2063 silly tarball no local data for express@https://registry.npmjs.org/express/-/express-5.2.1.tgz. Extracting by manifest.
2064 silly tarball no local data for eventsource@https://registry.npmjs.org/eventsource/-/eventsource-3.0.7.tgz. Extracting by manifest.
2065 silly tarball no local data for eventsource-parser@https://registry.npmjs.org/eventsource-parser/-/eventsource-parser-3.0.6.tgz. Extracting by manifest.
2066 silly tarball no local data for cross-spawn@https://registry.npmjs.org/cross-spawn/-/cross-spawn-7.0.6.tgz. Extracting by manifest.
2067 silly tarball no local data for content-type@https://registry.npmjs.org/content-type/-/content-type-1.0.5.tgz. Extracting by manifest.
2068 silly tarball no local data for hono@https://registry.npmjs.org/hono/-/hono-4.12.8.tgz. Extracting by manifest.
2069 silly tarball no local data for cors@https://registry.npmjs.org/cors/-/cors-2.8.6.tgz. Extracting by manifest.
2070 silly tarball no local data for @hono/node-server@https://registry.npmjs.org/@hono/node-server/-/node-server-1.19.11.tgz. Extracting by manifest.
2071 silly tarball no local data for iconv-lite@https://registry.npmjs.org/iconv-lite/-/iconv-lite-0.7.2.tgz. Extracting by manifest.
2072 silly tarball no local data for chardet@https://registry.npmjs.org/chardet/-/chardet-2.1.1.tgz. Extracting by manifest.
2073 silly tarball no local data for @inquirer/external-editor@https://registry.npmjs.org/@inquirer/external-editor/-/external-editor-1.0.3.tgz. Extracting by manifest.
2074 silly tarball no local data for wrap-ansi@https://registry.npmjs.org/wrap-ansi/-/wrap-ansi-6.2.0.tgz. Extracting by manifest.
2075 silly tarball no local data for signal-exit@https://registry.npmjs.org/signal-exit/-/signal-exit-4.1.0.tgz. Extracting by manifest.
2076 silly tarball no local data for mute-stream@https://registry.npmjs.org/mute-stream/-/mute-stream-2.0.0.tgz. Extracting by manifest.
2077 silly tarball no local data for cli-width@https://registry.npmjs.org/cli-width/-/cli-width-4.1.0.tgz. Extracting by manifest.
2078 silly tarball no local data for yoctocolors-cjs@https://registry.npmjs.org/yoctocolors-cjs/-/yoctocolors-cjs-2.1.3.tgz. Extracting by manifest.
2079 silly tarball no local data for @inquirer/type@https://registry.npmjs.org/@inquirer/type/-/type-3.0.10.tgz. Extracting by manifest.
2080 silly tarball no local data for @inquirer/figures@https://registry.npmjs.org/@inquirer/figures/-/figures-1.0.15.tgz. Extracting by manifest.
2081 silly tarball no local data for @inquirer/ansi@https://registry.npmjs.org/@inquirer/ansi/-/ansi-1.0.2.tgz. Extracting by manifest.
2082 silly tarball no local data for @inquirer/core@https://registry.npmjs.org/@inquirer/core/-/core-10.3.2.tgz. Extracting by manifest.
2083 silly tarball no local data for @inquirer/search@https://registry.npmjs.org/@inquirer/search/-/search-3.2.2.tgz. Extracting by manifest.
2084 silly tarball no local data for @inquirer/select@https://registry.npmjs.org/@inquirer/select/-/select-4.4.2.tgz. Extracting by manifest.
2085 silly tarball no local data for @inquirer/input@https://registry.npmjs.org/@inquirer/input/-/input-4.3.1.tgz. Extracting by manifest.
2086 silly tarball no local data for @inquirer/number@https://registry.npmjs.org/@inquirer/number/-/number-3.0.23.tgz. Extracting by manifest.
2087 silly tarball no local data for @inquirer/password@https://registry.npmjs.org/@inquirer/password/-/password-4.0.23.tgz. Extracting by manifest.
2088 silly tarball no local data for @inquirer/rawlist@https://registry.npmjs.org/@inquirer/rawlist/-/rawlist-4.1.11.tgz. Extracting by manifest.
2089 silly tarball no local data for @inquirer/expand@https://registry.npmjs.org/@inquirer/expand/-/expand-4.0.23.tgz. Extracting by manifest.
2090 silly tarball no local data for @inquirer/editor@https://registry.npmjs.org/@inquirer/editor/-/editor-4.2.23.tgz. Extracting by manifest.
2091 silly tarball no local data for @inquirer/confirm@https://registry.npmjs.org/@inquirer/confirm/-/confirm-5.1.21.tgz. Extracting by manifest.
2092 silly tarball no local data for @inquirer/checkbox@https://registry.npmjs.org/@inquirer/checkbox/-/checkbox-4.3.2.tgz. Extracting by manifest.
2093 silly tarball no local data for magic-string@https://registry.npmjs.org/magic-string/-/magic-string-0.30.21.tgz. Extracting by manifest.
2094 silly tarball no local data for ora@https://registry.npmjs.org/ora/-/ora-9.3.0.tgz. Extracting by manifest.
2095 silly tarball no local data for source-map@https://registry.npmjs.org/source-map/-/source-map-0.7.6.tgz. Extracting by manifest.
2096 silly tarball no local data for picomatch@https://registry.npmjs.org/picomatch/-/picomatch-4.0.3.tgz. Extracting by manifest.
2097 silly tarball no local data for ajv@https://registry.npmjs.org/ajv/-/ajv-8.18.0.tgz. Extracting by manifest.
2098 silly tarball no local data for ajv-formats@https://registry.npmjs.org/ajv-formats/-/ajv-formats-3.0.1.tgz. Extracting by manifest.
2099 silly tarball no local data for semver@https://registry.npmjs.org/semver/-/semver-7.7.4.tgz. Extracting by manifest.
2100 silly tarball no local data for yargs@https://registry.npmjs.org/yargs/-/yargs-18.0.0.tgz. Extracting by manifest.
2101 silly tarball no local data for parse5-html-rewriting-stream@https://registry.npmjs.org/parse5-html-rewriting-stream/-/parse5-html-rewriting-stream-8.0.0.tgz. Extracting by manifest.
2102 silly tarball no local data for rxjs@https://registry.npmjs.org/rxjs/-/rxjs-7.8.2.tgz. Extracting by manifest.
2103 silly tarball no local data for pacote@https://registry.npmjs.org/pacote/-/pacote-21.3.1.tgz. Extracting by manifest.
2104 silly tarball no local data for zod@https://registry.npmjs.org/zod/-/zod-4.3.6.tgz. Extracting by manifest.
2105 silly tarball no local data for npm-package-arg@https://registry.npmjs.org/npm-package-arg/-/npm-package-arg-13.0.2.tgz. Extracting by manifest.
2106 silly tarball no local data for jsonc-parser@https://registry.npmjs.org/jsonc-parser/-/jsonc-parser-3.3.1.tgz. Extracting by manifest.
2107 silly tarball no local data for ini@https://registry.npmjs.org/ini/-/ini-6.0.0.tgz. Extracting by manifest.
2108 silly tarball no local data for @yarnpkg/lockfile@https://registry.npmjs.org/@yarnpkg/lockfile/-/lockfile-1.1.0.tgz. Extracting by manifest.
2109 silly tarball no local data for @modelcontextprotocol/sdk@https://registry.npmjs.org/@modelcontextprotocol/sdk/-/sdk-1.26.0.tgz. Extracting by manifest.
2110 silly tarball no local data for listr2@https://registry.npmjs.org/listr2/-/listr2-9.0.5.tgz. Extracting by manifest.
2111 silly tarball no local data for algoliasearch@https://registry.npmjs.org/algoliasearch/-/algoliasearch-5.48.1.tgz. Extracting by manifest.
2112 silly tarball no local data for @schematics/angular@https://registry.npmjs.org/@schematics/angular/-/angular-21.2.3.tgz. Extracting by manifest.
2113 silly tarball no local data for @listr2/prompt-adapter-inquirer@https://registry.npmjs.org/@listr2/prompt-adapter-inquirer/-/prompt-adapter-inquirer-3.0.5.tgz. Extracting by manifest.
2114 silly tarball no local data for @angular-devkit/schematics@https://registry.npmjs.org/@angular-devkit/schematics/-/schematics-21.2.3.tgz. Extracting by manifest.
2115 silly tarball no local data for @inquirer/prompts@https://registry.npmjs.org/@inquirer/prompts/-/prompts-7.10.1.tgz. Extracting by manifest.
2116 silly tarball no local data for @angular-devkit/core@https://registry.npmjs.org/@angular-devkit/core/-/core-21.2.3.tgz. Extracting by manifest.
2117 silly tarball no local data for @angular-devkit/architect@https://registry.npmjs.org/@angular-devkit/architect/-/architect-0.2102.3.tgz. Extracting by manifest.
2118 silly tarball no local data for wrap-ansi@https://registry.npmjs.org/wrap-ansi/-/wrap-ansi-9.0.2.tgz. Extracting by manifest.
2119 silly tarball no local data for string-width@https://registry.npmjs.org/string-width/-/string-width-7.2.0.tgz. Extracting by manifest.
2120 silly tarball no local data for @angular/cli@https://registry.npmjs.org/@angular/cli/-/cli-21.2.3.tgz. Extracting by manifest.
2121 silly tarball no local data for minipass@https://registry.npmjs.org/minipass/-/minipass-3.3.6.tgz. Extracting by manifest.
2122 silly tarball no local data for yallist@https://registry.npmjs.org/yallist/-/yallist-4.0.0.tgz. Extracting by manifest.
2123 silly tarball no local data for minipass@https://registry.npmjs.org/minipass/-/minipass-3.3.6.tgz. Extracting by manifest.
2124 silly tarball no local data for isexe@https://registry.npmjs.org/isexe/-/isexe-4.0.0.tgz. Extracting by manifest.
2125 silly tarball no local data for which@https://registry.npmjs.org/which/-/which-6.0.1.tgz. Extracting by manifest.
2126 silly tarball no local data for yallist@https://registry.npmjs.org/yallist/-/yallist-4.0.0.tgz. Extracting by manifest.
2127 silly tarball no local data for isexe@https://registry.npmjs.org/isexe/-/isexe-4.0.0.tgz. Extracting by manifest.
2128 silly tarball no local data for which@https://registry.npmjs.org/which/-/which-6.0.1.tgz. Extracting by manifest.
2129 silly tarball no local data for which@https://registry.npmjs.org/which/-/which-6.0.1.tgz. Extracting by manifest.
2130 silly tarball no local data for isexe@https://registry.npmjs.org/isexe/-/isexe-4.0.0.tgz. Extracting by manifest.
2131 silly tarball no local data for slice-ansi@https://registry.npmjs.org/slice-ansi/-/slice-ansi-7.1.2.tgz. Extracting by manifest.
2132 silly tarball no local data for string-width@https://registry.npmjs.org/string-width/-/string-width-7.2.0.tgz. Extracting by manifest.
2133 silly tarball no local data for wrap-ansi@https://registry.npmjs.org/wrap-ansi/-/wrap-ansi-9.0.2.tgz. Extracting by manifest.
2134 silly tarball no local data for ansi-regex@https://registry.npmjs.org/ansi-regex/-/ansi-regex-5.0.1.tgz. Extracting by manifest.
2135 silly tarball no local data for is-fullwidth-code-point@https://registry.npmjs.org/is-fullwidth-code-point/-/is-fullwidth-code-point-3.0.0.tgz. Extracting by manifest.
2136 silly tarball no local data for strip-ansi@https://registry.npmjs.org/strip-ansi/-/strip-ansi-6.0.1.tgz. Extracting by manifest.
2137 silly tarball no local data for emoji-regex@https://registry.npmjs.org/emoji-regex/-/emoji-regex-8.0.0.tgz. Extracting by manifest.
2138 silly tarball no local data for ansi-styles@https://registry.npmjs.org/ansi-styles/-/ansi-styles-4.3.0.tgz. Extracting by manifest.
2139 silly tarball no local data for string-width@https://registry.npmjs.org/string-width/-/string-width-4.2.3.tgz. Extracting by manifest.
2140 silly tarball no local data for string-width@https://registry.npmjs.org/string-width/-/string-width-7.2.0.tgz. Extracting by manifest.
2141 silly tarball no local data for string-width@https://registry.npmjs.org/string-width/-/string-width-7.2.0.tgz. Extracting by manifest.
2142 silly tarball no local data for wrap-ansi@https://registry.npmjs.org/wrap-ansi/-/wrap-ansi-9.0.2.tgz. Extracting by manifest.
2143 http fetch GET 200 https://registry.npmjs.org/cliui/-/cliui-9.0.1.tgz 66ms (cache miss)
2144 http fetch GET 200 https://registry.npmjs.org/emoji-regex/-/emoji-regex-10.6.0.tgz 67ms (cache miss)
2145 http fetch GET 200 https://registry.npmjs.org/color-name/-/color-name-1.1.4.tgz 79ms (cache miss)
2146 http fetch GET 200 https://registry.npmjs.org/color-convert/-/color-convert-2.0.1.tgz 79ms (cache miss)
2147 http fetch GET 200 https://registry.npmjs.org/y18n/-/y18n-5.0.8.tgz 78ms (cache miss)
2148 http fetch GET 200 https://registry.npmjs.org/get-caller-file/-/get-caller-file-2.0.5.tgz 79ms (cache miss)
2149 http fetch GET 200 https://registry.npmjs.org/yargs-parser/-/yargs-parser-22.0.0.tgz 80ms (cache miss)
2150 http fetch GET 200 https://registry.npmjs.org/ansi-regex/-/ansi-regex-6.2.2.tgz 102ms (cache miss)
2151 http fetch GET 200 https://registry.npmjs.org/is-fullwidth-code-point/-/is-fullwidth-code-point-5.1.0.tgz 107ms (cache miss)
2152 http fetch GET 200 https://registry.npmjs.org/spdx-exceptions/-/spdx-exceptions-2.5.0.tgz 111ms (cache miss)
2153 http fetch GET 200 https://registry.npmjs.org/yallist/-/yallist-5.0.0.tgz 116ms (cache miss)
2154 http fetch GET 200 https://registry.npmjs.org/escalade/-/escalade-3.2.0.tgz 121ms (cache miss)
2155 http fetch GET 200 https://registry.npmjs.org/@isaacs/fs-minipass/-/fs-minipass-4.0.1.tgz 128ms (cache miss)
2156 http fetch GET 200 https://registry.npmjs.org/media-typer/-/media-typer-1.1.0.tgz 135ms (cache miss)
2157 http fetch GET 200 https://registry.npmjs.org/spdx-license-ids/-/spdx-license-ids-3.0.23.tgz 140ms (cache miss)
2158 http fetch GET 200 https://registry.npmjs.org/chownr/-/chownr-3.0.0.tgz 142ms (cache miss)
2159 http fetch GET 200 https://registry.npmjs.org/socks/-/socks-2.8.7.tgz 150ms (cache miss)
2160 http fetch GET 200 https://registry.npmjs.org/isexe/-/isexe-2.0.0.tgz 157ms (cache miss)
2161 http fetch GET 200 https://registry.npmjs.org/get-east-asian-width/-/get-east-asian-width-1.5.0.tgz 159ms (cache miss)
2162 http fetch GET 200 https://registry.npmjs.org/fdir/-/fdir-6.5.0.tgz 160ms (cache miss)
2163 http fetch GET 200 https://registry.npmjs.org/ansi-styles/-/ansi-styles-6.2.3.tgz 161ms (cache miss)
2164 http fetch GET 200 https://registry.npmjs.org/smart-buffer/-/smart-buffer-4.2.0.tgz 173ms (cache miss)
2165 http fetch POST 200 https://registry.npmjs.org/-/npm/v1/security/advisories/bulk 209ms
2166 silly audit report {}
2167 http fetch GET 200 https://registry.npmjs.org/@sigstore/tuf/-/tuf-4.0.2.tgz 182ms (cache miss)
2168 http fetch GET 200 https://registry.npmjs.org/math-intrinsics/-/math-intrinsics-1.1.0.tgz 186ms (cache miss)
2169 http fetch GET 200 https://registry.npmjs.org/@sigstore/verify/-/verify-3.1.0.tgz 202ms (cache miss)
2170 http fetch GET 200 https://registry.npmjs.org/get-proto/-/get-proto-1.0.1.tgz 209ms (cache miss)
2171 http fetch GET 200 https://registry.npmjs.org/@sigstore/bundle/-/bundle-4.0.0.tgz 211ms (cache miss)
2172 http fetch GET 200 https://registry.npmjs.org/dunder-proto/-/dunder-proto-1.0.1.tgz 215ms (cache miss)
2173 http fetch GET 200 https://registry.npmjs.org/tuf-js/-/tuf-js-4.1.0.tgz 229ms (cache miss)
2174 http fetch GET 200 https://registry.npmjs.org/gopd/-/gopd-1.2.0.tgz 229ms (cache miss)
2175 http fetch GET 200 https://registry.npmjs.org/@sigstore/protobuf-specs/-/protobuf-specs-0.5.0.tgz 230ms (cache miss)
2176 http fetch GET 200 https://registry.npmjs.org/has-symbols/-/has-symbols-1.1.0.tgz 231ms (cache miss)
2177 http fetch GET 200 https://registry.npmjs.org/@sigstore/sign/-/sign-4.1.1.tgz 239ms (cache miss)
2178 http fetch GET 200 https://registry.npmjs.org/function-bind/-/function-bind-1.1.2.tgz 239ms (cache miss)
2179 http fetch GET 200 https://registry.npmjs.org/es-object-atoms/-/es-object-atoms-1.1.1.tgz 240ms (cache miss)
2180 http fetch GET 200 https://registry.npmjs.org/call-bind-apply-helpers/-/call-bind-apply-helpers-1.0.2.tgz 242ms (cache miss)
2181 http fetch GET 200 https://registry.npmjs.org/@sigstore/core/-/core-3.2.0.tgz 257ms (cache miss)
2182 http fetch GET 200 https://registry.npmjs.org/side-channel-weakmap/-/side-channel-weakmap-1.0.2.tgz 261ms (cache miss)
2183 http fetch GET 200 https://registry.npmjs.org/side-channel-map/-/side-channel-map-1.0.1.tgz 265ms (cache miss)
2184 http fetch GET 200 https://registry.npmjs.org/es-define-property/-/es-define-property-1.0.1.tgz 265ms (cache miss)
2185 http fetch GET 200 https://registry.npmjs.org/call-bound/-/call-bound-1.0.4.tgz 275ms (cache miss)
2186 http fetch GET 200 https://registry.npmjs.org/@tufjs/models/-/models-4.1.0.tgz 286ms (cache miss)
2187 http fetch GET 200 https://registry.npmjs.org/is-promise/-/is-promise-4.0.0.tgz 288ms (cache miss)
2188 http fetch GET 200 https://registry.npmjs.org/shebang-regex/-/shebang-regex-3.0.0.tgz 288ms (cache miss)
2189 http fetch GET 200 https://registry.npmjs.org/object-inspect/-/object-inspect-1.13.4.tgz 289ms (cache miss)
2190 http fetch GET 200 https://registry.npmjs.org/hasown/-/hasown-2.0.2.tgz 295ms (cache miss)
2191 http fetch GET 200 https://registry.npmjs.org/side-channel-list/-/side-channel-list-1.0.0.tgz 296ms (cache miss)
2192 http fetch GET 200 https://registry.npmjs.org/get-intrinsic/-/get-intrinsic-1.3.0.tgz 297ms (cache miss)
2193 http fetch GET 200 https://registry.npmjs.org/tslib/-/tslib-2.8.1.tgz 298ms (cache miss)
2194 http fetch GET 200 https://registry.npmjs.org/es-errors/-/es-errors-1.3.0.tgz 299ms (cache miss)
2195 http fetch GET 200 https://registry.npmjs.org/unpipe/-/unpipe-1.0.0.tgz 298ms (cache miss)
2196 http fetch GET 200 https://registry.npmjs.org/path-to-regexp/-/path-to-regexp-8.3.0.tgz 309ms (cache miss)
2197 http fetch GET 200 https://registry.npmjs.org/mimic-function/-/mimic-function-5.0.1.tgz 314ms (cache miss)
2198 http fetch GET 200 https://registry.npmjs.org/side-channel/-/side-channel-1.1.0.tgz 315ms (cache miss)
2199 http fetch GET 200 https://registry.npmjs.org/minipass-sized/-/minipass-sized-2.0.0.tgz 329ms (cache miss)
2200 http fetch GET 200 https://registry.npmjs.org/onetime/-/onetime-7.0.0.tgz 330ms (cache miss)
2201 http fetch GET 200 https://registry.npmjs.org/npm-install-checks/-/npm-install-checks-8.0.0.tgz 335ms (cache miss)
2202 http fetch GET 200 https://registry.npmjs.org/jsonparse/-/jsonparse-1.3.1.tgz 336ms (cache miss)
2203 http fetch GET 200 https://registry.npmjs.org/ipaddr.js/-/ipaddr.js-1.9.1.tgz 337ms (cache miss)
2204 http fetch GET 200 https://registry.npmjs.org/retry/-/retry-0.12.0.tgz 352ms (cache miss)
2205 http fetch GET 200 https://registry.npmjs.org/abbrev/-/abbrev-4.0.0.tgz 360ms (cache miss)
2206 http fetch GET 200 https://registry.npmjs.org/forwarded/-/forwarded-0.2.0.tgz 361ms (cache miss)
2207 http fetch GET 200 https://registry.npmjs.org/parse5/-/parse5-8.0.0.tgz 362ms (cache miss)
2208 http fetch GET 200 https://registry.npmjs.org/socks-proxy-agent/-/socks-proxy-agent-8.0.5.tgz 361ms (cache miss)
2209 http fetch GET 200 https://registry.npmjs.org/err-code/-/err-code-2.0.3.tgz 366ms (cache miss)
2210 http fetch GET 200 https://registry.npmjs.org/ignore-walk/-/ignore-walk-8.0.0.tgz 365ms (cache miss)
2211 http fetch GET 200 https://registry.npmjs.org/entities/-/entities-6.0.1.tgz 371ms (cache miss)
2212 http fetch GET 200 https://registry.npmjs.org/http-proxy-agent/-/http-proxy-agent-7.0.2.tgz 372ms (cache miss)
2213 http fetch GET 200 https://registry.npmjs.org/agent-base/-/agent-base-7.1.4.tgz 374ms (cache miss)
2214 http fetch GET 200 https://registry.npmjs.org/parse5-sax-parser/-/parse5-sax-parser-8.0.0.tgz 395ms (cache miss)
2215 http fetch GET 200 https://registry.npmjs.org/http-cache-semantics/-/http-cache-semantics-4.2.0.tgz 395ms (cache miss)
2216 http fetch GET 200 https://registry.npmjs.org/minizlib/-/minizlib-3.1.0.tgz 397ms (cache miss)
2217 http fetch GET 200 https://registry.npmjs.org/https-proxy-agent/-/https-proxy-agent-7.0.6.tgz 400ms (cache miss)
2218 http fetch GET 200 https://registry.npmjs.org/nopt/-/nopt-9.0.0.tgz 402ms (cache miss)
2219 http fetch GET 200 https://registry.npmjs.org/graceful-fs/-/graceful-fs-4.2.11.tgz 414ms (cache miss)
2220 http fetch GET 200 https://registry.npmjs.org/tinyglobby/-/tinyglobby-0.2.15.tgz 415ms (cache miss)
2221 http fetch GET 200 https://registry.npmjs.org/make-fetch-happen/-/make-fetch-happen-15.0.5.tgz 415ms (cache miss)
2222 http fetch GET 200 https://registry.npmjs.org/exponential-backoff/-/exponential-backoff-3.1.3.tgz 419ms (cache miss)
2223 http fetch GET 200 https://registry.npmjs.org/balanced-match/-/balanced-match-4.0.4.tgz 427ms (cache miss)
2224 http fetch GET 200 https://registry.npmjs.org/minipass-fetch/-/minipass-fetch-5.0.2.tgz 430ms (cache miss)
2225 http fetch GET 200 https://registry.npmjs.org/env-paths/-/env-paths-2.2.1.tgz 430ms (cache miss)
2226 http fetch GET 200 https://registry.npmjs.org/@npmcli/agent/-/agent-4.0.0.tgz 431ms (cache miss)
2227 http fetch GET 200 https://registry.npmjs.org/brace-expansion/-/brace-expansion-5.0.4.tgz 433ms (cache miss)
2228 http fetch GET 200 https://registry.npmjs.org/minipass-collect/-/minipass-collect-2.0.1.tgz 471ms (cache miss)
2229 http fetch GET 200 https://registry.npmjs.org/minipass-pipeline/-/minipass-pipeline-1.2.4.tgz 480ms (cache miss)
2230 http fetch GET 200 https://registry.npmjs.org/minipass-flush/-/minipass-flush-1.0.5.tgz 487ms (cache miss)
2231 http fetch GET 200 https://registry.npmjs.org/p-map/-/p-map-7.0.4.tgz 532ms (cache miss)
2232 http fetch GET 200 https://registry.npmjs.org/@npmcli/node-gyp/-/node-gyp-5.0.0.tgz 533ms (cache miss)
2233 http fetch GET 200 https://registry.npmjs.org/json-parse-even-better-errors/-/json-parse-even-better-errors-5.0.0.tgz 534ms (cache miss)
2234 http fetch GET 200 https://registry.npmjs.org/path-scurry/-/path-scurry-2.0.2.tgz 536ms (cache miss)
2235 http fetch GET 200 https://registry.npmjs.org/npm-normalize-package-bin/-/npm-normalize-package-bin-5.0.0.tgz 535ms (cache miss)
2236 http fetch GET 200 https://registry.npmjs.org/@npmcli/fs/-/fs-5.0.0.tgz 537ms (cache miss)
2237 http fetch GET 200 https://registry.npmjs.org/minimatch/-/minimatch-10.2.4.tgz 537ms (cache miss)
2238 http fetch GET 200 https://registry.npmjs.org/npm-bundled/-/npm-bundled-5.0.0.tgz 540ms (cache miss)
2239 http fetch GET 200 https://registry.npmjs.org/node-gyp/-/node-gyp-12.2.0.tgz 592ms (cache miss)
2240 http fetch GET 200 https://registry.npmjs.org/ssri/-/ssri-13.0.1.tgz 591ms (cache miss)
2241 http fetch GET 200 https://registry.npmjs.org/npm-packlist/-/npm-packlist-10.0.4.tgz 604ms (cache miss)
2242 http fetch GET 200 https://registry.npmjs.org/minipass/-/minipass-7.1.3.tgz 613ms (cache miss)
2243 http fetch GET 200 https://registry.npmjs.org/promise-retry/-/promise-retry-2.0.1.tgz 620ms (cache miss)
2244 http fetch GET 200 https://registry.npmjs.org/@tufjs/canonical-json/-/canonical-json-2.0.0.tgz 628ms (cache miss)
2245 http fetch GET 200 https://registry.npmjs.org/npm-registry-fetch/-/npm-registry-fetch-19.1.1.tgz 621ms (cache miss)
2246 http fetch GET 200 https://registry.npmjs.org/fs-minipass/-/fs-minipass-3.0.3.tgz 623ms (cache miss)
2247 http fetch GET 200 https://registry.npmjs.org/cacache/-/cacache-20.0.4.tgz 624ms (cache miss)
2248 http fetch GET 200 https://registry.npmjs.org/glob/-/glob-13.0.6.tgz 628ms (cache miss)
2249 http fetch GET 200 https://registry.npmjs.org/tar/-/tar-7.5.11.tgz 633ms (cache miss)
2250 http fetch GET 200 https://registry.npmjs.org/npm-pick-manifest/-/npm-pick-manifest-11.0.3.tgz 639ms (cache miss)
2251 http fetch GET 200 https://registry.npmjs.org/yoctocolors/-/yoctocolors-2.1.2.tgz 654ms (cache miss)
2252 http fetch GET 200 https://registry.npmjs.org/spdx-expression-parse/-/spdx-expression-parse-4.0.0.tgz 655ms (cache miss)
2253 http fetch GET 200 https://registry.npmjs.org/@npmcli/package-json/-/package-json-7.0.5.tgz 655ms (cache miss)
2254 http fetch GET 200 https://registry.npmjs.org/@npmcli/promise-spawn/-/promise-spawn-9.0.1.tgz 657ms (cache miss)
2255 http fetch GET 200 https://registry.npmjs.org/is-interactive/-/is-interactive-2.0.0.tgz 659ms (cache miss)
2256 http fetch GET 200 https://registry.npmjs.org/sigstore/-/sigstore-4.1.0.tgz 678ms (cache miss)
2257 http fetch GET 200 https://registry.npmjs.org/stdin-discarder/-/stdin-discarder-0.3.1.tgz 697ms (cache miss)
2258 http fetch GET 200 https://registry.npmjs.org/cli-spinners/-/cli-spinners-3.4.0.tgz 697ms (cache miss)
2259 http fetch GET 200 https://registry.npmjs.org/log-symbols/-/log-symbols-7.0.1.tgz 698ms (cache miss)
2260 http fetch GET 200 https://registry.npmjs.org/wrappy/-/wrappy-1.0.2.tgz 702ms (cache miss)
2261 http fetch GET 200 https://registry.npmjs.org/lru-cache/-/lru-cache-11.2.7.tgz 721ms (cache miss)
2262 http fetch GET 200 https://registry.npmjs.org/chalk/-/chalk-5.6.2.tgz 722ms (cache miss)
2263 http fetch GET 200 https://registry.npmjs.org/validate-npm-package-name/-/validate-npm-package-name-7.0.2.tgz 722ms (cache miss)
2264 http fetch GET 200 https://registry.npmjs.org/@npmcli/installed-package-contents/-/installed-package-contents-4.0.0.tgz 724ms (cache miss)
2265 http fetch GET 200 https://registry.npmjs.org/proc-log/-/proc-log-6.1.0.tgz 723ms (cache miss)
2266 http fetch GET 200 https://registry.npmjs.org/@npmcli/git/-/git-7.0.2.tgz 724ms (cache miss)
2267 http fetch GET 200 https://registry.npmjs.org/is-unicode-supported/-/is-unicode-supported-2.1.0.tgz 728ms (cache miss)
2268 http fetch GET 200 https://registry.npmjs.org/ee-first/-/ee-first-1.1.1.tgz 730ms (cache miss)
2269 http fetch GET 200 https://registry.npmjs.org/environment/-/environment-1.1.0.tgz 763ms (cache miss)
2270 http fetch GET 200 https://registry.npmjs.org/mime-db/-/mime-db-1.54.0.tgz 763ms (cache miss)
2271 http fetch GET 200 https://registry.npmjs.org/strip-ansi/-/strip-ansi-7.2.0.tgz 778ms (cache miss)
2272 http fetch GET 200 https://registry.npmjs.org/rfdc/-/rfdc-1.4.1.tgz 793ms (cache miss)
2273 http fetch GET 200 https://registry.npmjs.org/cli-cursor/-/cli-cursor-5.0.0.tgz 794ms (cache miss)
2274 http fetch GET 200 https://registry.npmjs.org/slice-ansi/-/slice-ansi-8.0.0.tgz 794ms (cache miss)
2275 http fetch GET 200 https://registry.npmjs.org/string-width/-/string-width-8.2.0.tgz 794ms (cache miss)
2276 http fetch GET 200 https://registry.npmjs.org/eventemitter3/-/eventemitter3-5.0.4.tgz 805ms (cache miss)
2277 http fetch GET 200 https://registry.npmjs.org/@npmcli/run-script/-/run-script-10.0.4.tgz 808ms (cache miss)
2278 http fetch GET 200 https://registry.npmjs.org/ansi-escapes/-/ansi-escapes-7.3.0.tgz 806ms (cache miss)
2279 http fetch GET 200 https://registry.npmjs.org/restore-cursor/-/restore-cursor-5.1.0.tgz 814ms (cache miss)
2280 http fetch GET 200 https://registry.npmjs.org/colorette/-/colorette-2.0.20.tgz 813ms (cache miss)
2281 http fetch GET 200 https://registry.npmjs.org/log-update/-/log-update-6.1.0.tgz 813ms (cache miss)
2282 http fetch GET 200 https://registry.npmjs.org/setprototypeof/-/setprototypeof-1.2.0.tgz 835ms (cache miss)
2283 http fetch GET 200 https://registry.npmjs.org/cli-truncate/-/cli-truncate-5.2.0.tgz 835ms (cache miss)
2284 http fetch GET 200 https://registry.npmjs.org/hosted-git-info/-/hosted-git-info-9.0.2.tgz 836ms (cache miss)
2285 http fetch GET 200 https://registry.npmjs.org/inherits/-/inherits-2.0.4.tgz 843ms (cache miss)
2286 http fetch GET 200 https://registry.npmjs.org/toidentifier/-/toidentifier-1.0.1.tgz 843ms (cache miss)
2287 http fetch GET 200 https://registry.npmjs.org/bytes/-/bytes-3.1.2.tgz 848ms (cache miss)
2288 http fetch GET 200 https://registry.npmjs.org/ip-address/-/ip-address-10.1.0.tgz 856ms (cache miss)
2289 http fetch GET 200 https://registry.npmjs.org/type-is/-/type-is-2.0.1.tgz 871ms (cache miss)
2290 http fetch GET 200 https://registry.npmjs.org/statuses/-/statuses-2.0.2.tgz 874ms (cache miss)
2291 http fetch GET 200 https://registry.npmjs.org/serve-static/-/serve-static-2.2.1.tgz 874ms (cache miss)
2292 http fetch GET 200 https://registry.npmjs.org/ms/-/ms-2.1.3.tgz 875ms (cache miss)
2293 http fetch GET 200 https://registry.npmjs.org/range-parser/-/range-parser-1.2.1.tgz 889ms (cache miss)
2294 http fetch GET 200 https://registry.npmjs.org/parseurl/-/parseurl-1.3.3.tgz 889ms (cache miss)
2295 http fetch GET 200 https://registry.npmjs.org/router/-/router-2.2.0.tgz 890ms (cache miss)
2296 http fetch GET 200 https://registry.npmjs.org/negotiator/-/negotiator-1.0.0.tgz 898ms (cache miss)
2297 http fetch GET 200 https://registry.npmjs.org/send/-/send-1.2.1.tgz 898ms (cache miss)
2298 http fetch GET 200 https://registry.npmjs.org/@npmcli/redact/-/redact-4.0.0.tgz 910ms (cache miss)
2299 http fetch GET 200 https://registry.npmjs.org/fresh/-/fresh-2.0.0.tgz 915ms (cache miss)
2300 http fetch GET 200 https://registry.npmjs.org/@jridgewell/sourcemap-codec/-/sourcemap-codec-1.5.5.tgz 924ms (cache miss)
2301 http fetch GET 200 https://registry.npmjs.org/once/-/once-1.4.0.tgz 934ms (cache miss)
2302 http fetch GET 200 https://registry.npmjs.org/proxy-addr/-/proxy-addr-2.0.7.tgz 934ms (cache miss)
2303 http fetch GET 200 https://registry.npmjs.org/on-finished/-/on-finished-2.4.1.tgz 946ms (cache miss)
2304 http fetch GET 200 https://registry.npmjs.org/http-errors/-/http-errors-2.0.1.tgz 947ms (cache miss)
2305 http fetch GET 200 https://registry.npmjs.org/mime-types/-/mime-types-3.0.2.tgz 947ms (cache miss)
2306 http fetch GET 200 https://registry.npmjs.org/safer-buffer/-/safer-buffer-2.1.2.tgz 950ms (cache miss)
2307 http fetch GET 200 https://registry.npmjs.org/merge-descriptors/-/merge-descriptors-2.0.0.tgz 948ms (cache miss)
2308 http fetch GET 200 https://registry.npmjs.org/etag/-/etag-1.8.1.tgz 953ms (cache miss)
2309 http fetch GET 200 https://registry.npmjs.org/escape-html/-/escape-html-1.0.3.tgz 953ms (cache miss)
2310 http fetch GET 200 https://registry.npmjs.org/qs/-/qs-6.15.0.tgz 966ms (cache miss)
2311 http fetch GET 200 https://registry.npmjs.org/debug/-/debug-4.4.3.tgz 966ms (cache miss)
2312 http fetch GET 200 https://registry.npmjs.org/cookie-signature/-/cookie-signature-1.2.2.tgz 969ms (cache miss)
2313 http fetch GET 200 https://registry.npmjs.org/@gar/promise-retry/-/promise-retry-1.0.3.tgz 1004ms (cache miss)
2314 http fetch GET 200 https://registry.npmjs.org/content-disposition/-/content-disposition-1.0.1.tgz 1007ms (cache miss)
2315 http fetch GET 200 https://registry.npmjs.org/shebang-command/-/shebang-command-2.0.0.tgz 1007ms (cache miss)
2316 http fetch GET 200 https://registry.npmjs.org/accepts/-/accepts-2.0.0.tgz 1008ms (cache miss)
2317 http fetch GET 200 https://registry.npmjs.org/depd/-/depd-2.0.0.tgz 1008ms (cache miss)
2318 http fetch GET 200 https://registry.npmjs.org/which/-/which-2.0.2.tgz 1015ms (cache miss)
2319 http fetch GET 200 https://registry.npmjs.org/body-parser/-/body-parser-2.2.2.tgz 1019ms (cache miss)
2320 http fetch GET 200 https://registry.npmjs.org/object-assign/-/object-assign-4.1.1.tgz 1021ms (cache miss)
2321 http fetch GET 200 https://registry.npmjs.org/cookie/-/cookie-0.7.2.tgz 1021ms (cache miss)
2322 http fetch GET 200 https://registry.npmjs.org/finalhandler/-/finalhandler-2.1.1.tgz 1024ms (cache miss)
2323 http fetch GET 200 https://registry.npmjs.org/path-key/-/path-key-3.1.1.tgz 1025ms (cache miss)
2324 http fetch GET 200 https://registry.npmjs.org/vary/-/vary-1.1.2.tgz 1025ms (cache miss)
2325 http fetch GET 200 https://registry.npmjs.org/@algolia/requester-fetch/-/requester-fetch-5.48.1.tgz 1030ms (cache miss)
2326 http fetch GET 200 https://registry.npmjs.org/encodeurl/-/encodeurl-2.0.0.tgz 1047ms (cache miss)
2327 http fetch GET 200 https://registry.npmjs.org/@algolia/requester-browser-xhr/-/requester-browser-xhr-5.48.1.tgz 1062ms (cache miss)
2328 http fetch GET 200 https://registry.npmjs.org/@algolia/client-query-suggestions/-/client-query-suggestions-5.48.1.tgz 1086ms (cache miss)
2329 http fetch GET 200 https://registry.npmjs.org/@algolia/recommend/-/recommend-5.48.1.tgz 1143ms (cache miss)
2330 http fetch GET 200 https://registry.npmjs.org/require-from-string/-/require-from-string-2.0.2.tgz 1143ms (cache miss)
2331 http fetch GET 200 https://registry.npmjs.org/@algolia/abtesting/-/abtesting-1.14.1.tgz 1149ms (cache miss)
2332 http fetch GET 200 https://registry.npmjs.org/@algolia/client-analytics/-/client-analytics-5.48.1.tgz 1188ms (cache miss)
2333 http fetch GET 200 https://registry.npmjs.org/@algolia/ingestion/-/ingestion-1.48.1.tgz 1194ms (cache miss)
2334 http fetch GET 200 https://registry.npmjs.org/json-schema-traverse/-/json-schema-traverse-1.0.0.tgz 1205ms (cache miss)
2335 http fetch GET 200 https://registry.npmjs.org/@algolia/client-common/-/client-common-5.48.1.tgz 1205ms (cache miss)
2336 http fetch GET 200 https://registry.npmjs.org/@algolia/client-insights/-/client-insights-5.48.1.tgz 1212ms (cache miss)
2337 http fetch GET 200 https://registry.npmjs.org/pkce-challenge/-/pkce-challenge-5.0.1.tgz 1224ms (cache miss)
2338 http fetch GET 200 https://registry.npmjs.org/@algolia/client-personalization/-/client-personalization-5.48.1.tgz 1227ms (cache miss)
2339 http fetch GET 200 https://registry.npmjs.org/fast-uri/-/fast-uri-3.1.0.tgz 1227ms (cache miss)
2340 http fetch GET 200 https://registry.npmjs.org/fast-deep-equal/-/fast-deep-equal-3.1.3.tgz 1243ms (cache miss)
2341 http fetch GET 200 https://registry.npmjs.org/raw-body/-/raw-body-3.0.2.tgz 1257ms (cache miss)
2342 http fetch GET 200 https://registry.npmjs.org/json-schema-typed/-/json-schema-typed-8.0.2.tgz 1263ms (cache miss)
2343 http fetch GET 200 https://registry.npmjs.org/@algolia/monitoring/-/monitoring-1.48.1.tgz 1265ms (cache miss)
2344 http fetch GET 200 https://registry.npmjs.org/@algolia/client-abtesting/-/client-abtesting-5.48.1.tgz 1268ms (cache miss)
2345 http fetch GET 200 https://registry.npmjs.org/express-rate-limit/-/express-rate-limit-8.3.1.tgz 1277ms (cache miss)
2346 http fetch GET 200 https://registry.npmjs.org/zod-to-json-schema/-/zod-to-json-schema-3.25.1.tgz 1278ms (cache miss)
2347 http fetch GET 200 https://registry.npmjs.org/@algolia/requester-node-http/-/requester-node-http-5.48.1.tgz 1282ms (cache miss)
2348 http fetch GET 200 https://registry.npmjs.org/@algolia/client-search/-/client-search-5.48.1.tgz 1281ms (cache miss)
2349 http fetch GET 200 https://registry.npmjs.org/jose/-/jose-6.2.2.tgz 1281ms (cache miss)
2350 http fetch GET 200 https://registry.npmjs.org/eventsource/-/eventsource-3.0.7.tgz 1284ms (cache miss)
2351 http fetch GET 200 https://registry.npmjs.org/content-type/-/content-type-1.0.5.tgz 1308ms (cache miss)
2352 http fetch GET 200 https://registry.npmjs.org/wrap-ansi/-/wrap-ansi-6.2.0.tgz 1311ms (cache miss)
2353 http fetch GET 200 https://registry.npmjs.org/cross-spawn/-/cross-spawn-7.0.6.tgz 1311ms (cache miss)
2354 http fetch GET 200 https://registry.npmjs.org/eventsource-parser/-/eventsource-parser-3.0.6.tgz 1312ms (cache miss)
2355 http fetch GET 200 https://registry.npmjs.org/cors/-/cors-2.8.6.tgz 1336ms (cache miss)
2356 http fetch GET 200 https://registry.npmjs.org/express/-/express-5.2.1.tgz 1340ms (cache miss)
2357 http fetch GET 200 https://registry.npmjs.org/signal-exit/-/signal-exit-4.1.0.tgz 1343ms (cache miss)
2358 http fetch GET 200 https://registry.npmjs.org/chardet/-/chardet-2.1.1.tgz 1345ms (cache miss)
2359 http fetch GET 200 https://registry.npmjs.org/@hono/node-server/-/node-server-1.19.11.tgz 1354ms (cache miss)
2360 http fetch GET 200 https://registry.npmjs.org/@inquirer/external-editor/-/external-editor-1.0.3.tgz 1358ms (cache miss)
2361 http fetch GET 200 https://registry.npmjs.org/yoctocolors-cjs/-/yoctocolors-cjs-2.1.3.tgz 1361ms (cache miss)
2362 http fetch GET 200 https://registry.npmjs.org/@inquirer/ansi/-/ansi-1.0.2.tgz 1372ms (cache miss)
2363 http fetch GET 200 https://registry.npmjs.org/@inquirer/search/-/search-3.2.2.tgz 1372ms (cache miss)
2364 http fetch GET 200 https://registry.npmjs.org/iconv-lite/-/iconv-lite-0.7.2.tgz 1374ms (cache miss)
2365 http fetch GET 200 https://registry.npmjs.org/hono/-/hono-4.12.8.tgz 1388ms (cache miss)
2366 http fetch GET 200 https://registry.npmjs.org/mute-stream/-/mute-stream-2.0.0.tgz 1389ms (cache miss)
2367 http fetch GET 200 https://registry.npmjs.org/@inquirer/figures/-/figures-1.0.15.tgz 1389ms (cache miss)
2368 http fetch GET 200 https://registry.npmjs.org/@inquirer/password/-/password-4.0.23.tgz 1391ms (cache miss)
2369 http fetch GET 200 https://registry.npmjs.org/@inquirer/select/-/select-4.4.2.tgz 1392ms (cache miss)
2370 http fetch GET 200 https://registry.npmjs.org/@inquirer/type/-/type-3.0.10.tgz 1397ms (cache miss)
2371 http fetch GET 200 https://registry.npmjs.org/@inquirer/core/-/core-10.3.2.tgz 1397ms (cache miss)
2372 http fetch GET 200 https://registry.npmjs.org/@inquirer/input/-/input-4.3.1.tgz 1409ms (cache miss)
2373 http fetch GET 200 https://registry.npmjs.org/@inquirer/editor/-/editor-4.2.23.tgz 1426ms (cache miss)
2374 http fetch GET 200 https://registry.npmjs.org/picomatch/-/picomatch-4.0.3.tgz 1433ms (cache miss)
2375 http fetch GET 200 https://registry.npmjs.org/@inquirer/rawlist/-/rawlist-4.1.11.tgz 1433ms (cache miss)
2376 http fetch GET 200 https://registry.npmjs.org/@inquirer/expand/-/expand-4.0.23.tgz 1435ms (cache miss)
2377 http fetch GET 200 https://registry.npmjs.org/ora/-/ora-9.3.0.tgz 1450ms (cache miss)
2378 http fetch GET 200 https://registry.npmjs.org/magic-string/-/magic-string-0.30.21.tgz 1458ms (cache miss)
2379 http fetch GET 200 https://registry.npmjs.org/cli-width/-/cli-width-4.1.0.tgz 1461ms (cache miss)
2380 http fetch GET 200 https://registry.npmjs.org/ajv-formats/-/ajv-formats-3.0.1.tgz 1463ms (cache miss)
2381 http fetch GET 200 https://registry.npmjs.org/semver/-/semver-7.7.4.tgz 1466ms (cache miss)
2382 http fetch GET 200 https://registry.npmjs.org/source-map/-/source-map-0.7.6.tgz 1475ms (cache miss)
2383 http fetch GET 200 https://registry.npmjs.org/ajv/-/ajv-8.18.0.tgz 1483ms (cache miss)
2384 http fetch GET 200 https://registry.npmjs.org/listr2/-/listr2-9.0.5.tgz 1503ms (cache miss)
2385 http fetch GET 200 https://registry.npmjs.org/ini/-/ini-6.0.0.tgz 1509ms (cache miss)
2386 http fetch GET 200 https://registry.npmjs.org/parse5-html-rewriting-stream/-/parse5-html-rewriting-stream-8.0.0.tgz 1512ms (cache miss)
2387 http fetch GET 200 https://registry.npmjs.org/pacote/-/pacote-21.3.1.tgz 1537ms (cache miss)
2388 http fetch GET 200 https://registry.npmjs.org/npm-package-arg/-/npm-package-arg-13.0.2.tgz 1547ms (cache miss)
2389 http fetch GET 200 https://registry.npmjs.org/yargs/-/yargs-18.0.0.tgz 1578ms (cache miss)
2390 http fetch GET 200 https://registry.npmjs.org/jsonc-parser/-/jsonc-parser-3.3.1.tgz 1594ms (cache miss)
2391 http fetch GET 200 https://registry.npmjs.org/@listr2/prompt-adapter-inquirer/-/prompt-adapter-inquirer-3.0.5.tgz 1622ms (cache miss)
2392 http fetch GET 200 https://registry.npmjs.org/@inquirer/confirm/-/confirm-5.1.21.tgz 1656ms (cache miss)
2393 http fetch GET 200 https://registry.npmjs.org/@inquirer/checkbox/-/checkbox-4.3.2.tgz 1656ms (cache miss)
2394 http fetch GET 200 https://registry.npmjs.org/algoliasearch/-/algoliasearch-5.48.1.tgz 1655ms (cache miss)
2395 http fetch GET 200 https://registry.npmjs.org/@inquirer/prompts/-/prompts-7.10.1.tgz 1682ms (cache miss)
2396 http fetch GET 200 https://registry.npmjs.org/string-width/-/string-width-7.2.0.tgz 1717ms (cache miss)
2397 http fetch GET 200 https://registry.npmjs.org/@inquirer/number/-/number-3.0.23.tgz 1720ms (cache miss)
2398 http fetch GET 200 https://registry.npmjs.org/wrap-ansi/-/wrap-ansi-9.0.2.tgz 1719ms (cache miss)
2399 http fetch GET 200 https://registry.npmjs.org/yallist/-/yallist-4.0.0.tgz 1731ms (cache miss)
2400 http fetch GET 200 https://registry.npmjs.org/minipass/-/minipass-3.3.6.tgz 1732ms (cache miss)
2401 http fetch GET 200 https://registry.npmjs.org/minipass/-/minipass-3.3.6.tgz 1758ms (cache miss)
2402 http fetch GET 200 https://registry.npmjs.org/@angular-devkit/core/-/core-21.2.3.tgz 1769ms (cache miss)
2403 http fetch GET 200 https://registry.npmjs.org/isexe/-/isexe-4.0.0.tgz 1772ms (cache miss)
2404 http fetch GET 200 https://registry.npmjs.org/which/-/which-6.0.1.tgz 1771ms (cache miss)
2405 http fetch GET 200 https://registry.npmjs.org/slice-ansi/-/slice-ansi-7.1.2.tgz 1779ms (cache miss)
2406 http fetch GET 200 https://registry.npmjs.org/@angular-devkit/schematics/-/schematics-21.2.3.tgz 1780ms (cache miss)
2407 http fetch GET 200 https://registry.npmjs.org/which/-/which-6.0.1.tgz 1781ms (cache miss)
2408 http fetch GET 200 https://registry.npmjs.org/isexe/-/isexe-4.0.0.tgz 1784ms (cache miss)
2409 http fetch GET 200 https://registry.npmjs.org/which/-/which-6.0.1.tgz 1788ms (cache miss)
2410 http fetch GET 200 https://registry.npmjs.org/string-width/-/string-width-7.2.0.tgz 1799ms (cache miss)
2411 http fetch GET 200 https://registry.npmjs.org/yallist/-/yallist-4.0.0.tgz 1807ms (cache miss)
2412 http fetch GET 200 https://registry.npmjs.org/wrap-ansi/-/wrap-ansi-9.0.2.tgz 1807ms (cache miss)
2413 http fetch GET 200 https://registry.npmjs.org/strip-ansi/-/strip-ansi-6.0.1.tgz 1808ms (cache miss)
2414 http fetch GET 200 https://registry.npmjs.org/is-fullwidth-code-point/-/is-fullwidth-code-point-3.0.0.tgz 1814ms (cache miss)
2415 http fetch GET 200 https://registry.npmjs.org/zod/-/zod-4.3.6.tgz 1818ms (cache miss)
2416 http fetch GET 200 https://registry.npmjs.org/ansi-regex/-/ansi-regex-5.0.1.tgz 1820ms (cache miss)
2417 http fetch GET 200 https://registry.npmjs.org/@angular-devkit/architect/-/architect-0.2102.3.tgz 1827ms (cache miss)
2418 http fetch GET 200 https://registry.npmjs.org/ansi-styles/-/ansi-styles-4.3.0.tgz 1829ms (cache miss)
2419 http fetch GET 200 https://registry.npmjs.org/emoji-regex/-/emoji-regex-8.0.0.tgz 1831ms (cache miss)
2420 http fetch GET 200 https://registry.npmjs.org/@modelcontextprotocol/sdk/-/sdk-1.26.0.tgz 1833ms (cache miss)
2421 http fetch GET 200 https://registry.npmjs.org/isexe/-/isexe-4.0.0.tgz 1836ms (cache miss)
2422 http fetch GET 200 https://registry.npmjs.org/string-width/-/string-width-7.2.0.tgz 1843ms (cache miss)
2423 http fetch GET 200 https://registry.npmjs.org/string-width/-/string-width-7.2.0.tgz 1853ms (cache miss)
2424 http fetch GET 200 https://registry.npmjs.org/string-width/-/string-width-4.2.3.tgz 1853ms (cache miss)
2425 http fetch GET 200 https://registry.npmjs.org/wrap-ansi/-/wrap-ansi-9.0.2.tgz 1881ms (cache miss)
2426 http fetch GET 200 https://registry.npmjs.org/@angular/cli/-/cli-21.2.3.tgz 1966ms (cache miss)
2427 http fetch GET 200 https://registry.npmjs.org/rxjs/-/rxjs-7.8.2.tgz 2022ms (cache miss)
2428 http fetch GET 200 https://registry.npmjs.org/@schematics/angular/-/angular-21.2.3.tgz 2063ms (cache miss)
2429 http fetch GET 200 https://registry.npmjs.org/@yarnpkg/lockfile/-/lockfile-1.1.0.tgz 2235ms (cache miss)
