0 verbose cli /usr/local/bin/node /usr/local/bin/npm
1 info using npm@11.6.2
2 info using node@v24.12.0
3 silly config load:file:/usr/local/lib/node_modules/npm/npmrc
4 silly config load:file:/Users/juanvictoria/Projects/Ufinet-Autos-Challenge/frontend/.npmrc
5 silly config load:file:/Users/juanvictoria/.npmrc
6 silly config load:file:/usr/local/etc/npmrc
7 verbose title npm install
8 verbose argv "install"
9 verbose logfile logs-max:10 dir:/Users/juanvictoria/Projects/Ufinet-Autos-Challenge/frontend/.npm-cache/_logs/2026-03-19T01_01_40_999Z-
10 verbose logfile /Users/juanvictoria/Projects/Ufinet-Autos-Challenge/frontend/.npm-cache/_logs/2026-03-19T01_01_40_999Z-debug-0.log
11 silly logfile done cleaning log files
12 silly packumentCache heap:4496293888 maxSize:1124073472 maxEntrySize:562036736
13 silly idealTree buildDeps
14 silly fetch manifest @angular/common@^21.2.0
15 silly packumentCache full:https://registry.npmjs.org/@angular%2fcommon cache-miss
16 http fetch GET 200 https://registry.npmjs.org/@angular%2fcommon 432ms (cache miss)
17 silly packumentCache full:https://registry.npmjs.org/@angular%2fcommon set size:undefined disposed:false
18 silly fetch manifest @angular/core@^21.2.0
19 silly packumentCache full:https://registry.npmjs.org/@angular%2fcore cache-miss
20 http fetch GET 200 https://registry.npmjs.org/@angular%2fcore 135ms (cache miss)
21 silly packumentCache full:https://registry.npmjs.org/@angular%2fcore set size:undefined disposed:false
22 silly fetch manifest @angular/compiler@^21.2.0
23 silly packumentCache full:https://registry.npmjs.org/@angular%2fcompiler cache-miss
24 http fetch GET 200 https://registry.npmjs.org/@angular%2fcompiler 260ms (cache miss)
25 silly packumentCache full:https://registry.npmjs.org/@angular%2fcompiler set size:undefined disposed:false
26 silly fetch manifest rxjs@~7.8.0
27 silly packumentCache full:https://registry.npmjs.org/rxjs cache-miss
28 http cache https://registry.npmjs.org/rxjs 7ms (cache hit)
29 silly packumentCache full:https://registry.npmjs.org/rxjs set size:980097 disposed:false
30 silly fetch manifest zone.js@~0.15.0 || ~0.16.0
31 silly packumentCache full:https://registry.npmjs.org/zone.js cache-miss
32 http fetch GET 200 https://registry.npmjs.org/zone.js 74ms (cache miss)
33 silly packumentCache full:https://registry.npmjs.org/zone.js set size:undefined disposed:false
34 silly fetch manifest @angular/forms@^21.2.0
35 silly packumentCache full:https://registry.npmjs.org/@angular%2fforms cache-miss
36 http fetch GET 200 https://registry.npmjs.org/@angular%2fforms 156ms (cache miss)
37 silly packumentCache full:https://registry.npmjs.org/@angular%2fforms set size:undefined disposed:false
38 silly fetch manifest @angular/platform-browser@^21.2.0
39 silly packumentCache full:https://registry.npmjs.org/@angular%2fplatform-browser cache-miss
40 http fetch GET 200 https://registry.npmjs.org/@angular%2fplatform-browser 191ms (cache miss)
41 silly packumentCache full:https://registry.npmjs.org/@angular%2fplatform-browser set size:undefined disposed:false
42 silly fetch manifest @angular/animations@21.2.5
43 silly packumentCache full:https://registry.npmjs.org/@angular%2fanimations cache-miss
44 http fetch GET 200 https://registry.npmjs.org/@angular%2fanimations 182ms (cache miss)
45 silly packumentCache full:https://registry.npmjs.org/@angular%2fanimations set size:undefined disposed:false
46 silly fetch manifest @angular/router@^21.2.0
47 silly packumentCache full:https://registry.npmjs.org/@angular%2frouter cache-miss
48 http fetch GET 200 https://registry.npmjs.org/@angular%2frouter 155ms (cache miss)
49 silly packumentCache full:https://registry.npmjs.org/@angular%2frouter set size:undefined disposed:false
50 silly fetch manifest tslib@^2.3.0
51 silly packumentCache full:https://registry.npmjs.org/tslib cache-miss
52 http cache https://registry.npmjs.org/tslib 3ms (cache hit)
53 silly packumentCache full:https://registry.npmjs.org/tslib set size:108760 disposed:false
54 silly fetch manifest @angular/build@^21.2.3
55 silly packumentCache full:https://registry.npmjs.org/@angular%2fbuild cache-miss
56 http fetch GET 200 https://registry.npmjs.org/@angular%2fbuild 111ms (cache miss)
57 silly packumentCache full:https://registry.npmjs.org/@angular%2fbuild set size:undefined disposed:false
58 silly fetch manifest @angular/compiler-cli@^21.2.0
59 silly packumentCache full:https://registry.npmjs.org/@angular%2fcompiler-cli cache-miss
60 http fetch GET 200 https://registry.npmjs.org/@angular%2fcompiler-cli 445ms (cache miss)
61 silly packumentCache full:https://registry.npmjs.org/@angular%2fcompiler-cli set size:undefined disposed:false
62 silly fetch manifest typescript@~5.9.2
63 silly packumentCache full:https://registry.npmjs.org/typescript cache-miss
64 http fetch GET 200 https://registry.npmjs.org/typescript 388ms (cache miss)
65 silly packumentCache full:https://registry.npmjs.org/typescript set size:undefined disposed:false
66 silly fetch manifest @angular/localize@^21.0.0
67 silly packumentCache full:https://registry.npmjs.org/@angular%2flocalize cache-miss
68 http fetch GET 200 https://registry.npmjs.org/@angular%2flocalize 241ms (cache miss)
69 silly packumentCache full:https://registry.npmjs.org/@angular%2flocalize set size:undefined disposed:false
70 silly fetch manifest @angular/platform-server@^21.0.0
71 silly packumentCache full:https://registry.npmjs.org/@angular%2fplatform-server cache-miss
72 http fetch GET 200 https://registry.npmjs.org/@angular%2fplatform-server 191ms (cache miss)
73 silly packumentCache full:https://registry.npmjs.org/@angular%2fplatform-server set size:undefined disposed:false
74 silly fetch manifest @angular/service-worker@^21.0.0
75 silly packumentCache full:https://registry.npmjs.org/@angular%2fservice-worker cache-miss
76 http fetch GET 200 https://registry.npmjs.org/@angular%2fservice-worker 162ms (cache miss)
77 silly packumentCache full:https://registry.npmjs.org/@angular%2fservice-worker set size:undefined disposed:false
78 silly fetch manifest @angular/ssr@^21.2.3
79 silly packumentCache full:https://registry.npmjs.org/@angular%2fssr cache-miss
80 http fetch GET 200 https://registry.npmjs.org/@angular%2fssr 274ms (cache miss)
81 silly packumentCache full:https://registry.npmjs.org/@angular%2fssr set size:undefined disposed:false
82 silly fetch manifest karma@^6.4.0
83 silly packumentCache full:https://registry.npmjs.org/karma cache-miss
84 http fetch GET 200 https://registry.npmjs.org/karma 229ms (cache miss)
85 silly packumentCache full:https://registry.npmjs.org/karma set size:undefined disposed:false
86 silly fetch manifest less@^4.2.0
87 silly packumentCache full:https://registry.npmjs.org/less cache-miss
88 http fetch GET 200 https://registry.npmjs.org/less 54ms (cache miss)
89 silly packumentCache full:https://registry.npmjs.org/less set size:undefined disposed:false
90 silly fetch manifest ng-packagr@^21.0.0
91 silly packumentCache full:https://registry.npmjs.org/ng-packagr cache-miss
92 http fetch GET 200 https://registry.npmjs.org/ng-packagr 78ms (cache miss)
93 silly packumentCache full:https://registry.npmjs.org/ng-packagr set size:undefined disposed:false
94 silly fetch manifest tailwindcss@^2.0.0 || ^3.0.0 || ^4.0.0
95 silly packumentCache full:https://registry.npmjs.org/tailwindcss cache-miss
96 http fetch GET 200 https://registry.npmjs.org/tailwindcss 246ms (cache miss)
97 silly packumentCache full:https://registry.npmjs.org/tailwindcss set size:undefined disposed:false
98 silly fetch manifest postcss@^8.4.0
99 silly packumentCache full:https://registry.npmjs.org/postcss cache-miss
100 http fetch GET 200 https://registry.npmjs.org/postcss 54ms (cache miss)
101 silly packumentCache full:https://registry.npmjs.org/postcss set size:undefined disposed:false
102 silly fetch manifest vitest@^4.0.8
103 silly packumentCache full:https://registry.npmjs.org/vitest cache-miss
104 http fetch GET 200 https://registry.npmjs.org/vitest 88ms (cache miss)
105 silly packumentCache full:https://registry.npmjs.org/vitest set size:undefined disposed:false
106 silly fetch manifest @edge-runtime/vm@*
107 silly packumentCache full:https://registry.npmjs.org/@edge-runtime%2fvm cache-miss
108 http fetch GET 200 https://registry.npmjs.org/@edge-runtime%2fvm 62ms (cache miss)
109 silly packumentCache full:https://registry.npmjs.org/@edge-runtime%2fvm set size:undefined disposed:false
110 silly fetch manifest @opentelemetry/api@^1.9.0
111 silly packumentCache full:https://registry.npmjs.org/@opentelemetry%2fapi cache-miss
112 http fetch GET 200 https://registry.npmjs.org/@opentelemetry%2fapi 57ms (cache miss)
113 silly packumentCache full:https://registry.npmjs.org/@opentelemetry%2fapi set size:undefined disposed:false
114 silly fetch manifest @types/node@^20.0.0 || ^22.0.0 || >=24.0.0
115 silly packumentCache full:https://registry.npmjs.org/@types%2fnode cache-miss
116 http cache https://registry.npmjs.org/@types%2fnode 16ms (cache hit)
117 silly packumentCache full:https://registry.npmjs.org/@types%2fnode set size:10939971 disposed:false
118 silly fetch manifest @vitest/browser-playwright@4.1.0
119 silly packumentCache full:https://registry.npmjs.org/@vitest%2fbrowser-playwright cache-miss
120 http fetch GET 200 https://registry.npmjs.org/@vitest%2fbrowser-playwright 168ms (cache miss)
121 silly packumentCache full:https://registry.npmjs.org/@vitest%2fbrowser-playwright set size:undefined disposed:false
122 silly fetch manifest playwright@*
123 silly packumentCache full:https://registry.npmjs.org/playwright cache-miss
124 http fetch GET 200 https://registry.npmjs.org/playwright 368ms (cache miss)
125 silly packumentCache full:https://registry.npmjs.org/playwright set size:undefined disposed:false
126 silly fetch manifest @vitest/browser-preview@4.1.0
127 silly packumentCache full:https://registry.npmjs.org/@vitest%2fbrowser-preview cache-miss
128 http fetch GET 200 https://registry.npmjs.org/@vitest%2fbrowser-preview 558ms (cache miss)
129 silly packumentCache full:https://registry.npmjs.org/@vitest%2fbrowser-preview set size:undefined disposed:false
130 silly fetch manifest @vitest/browser-webdriverio@4.1.0
131 silly packumentCache full:https://registry.npmjs.org/@vitest%2fbrowser-webdriverio cache-miss
132 http fetch GET 200 https://registry.npmjs.org/@vitest%2fbrowser-webdriverio 508ms (cache miss)
133 silly packumentCache full:https://registry.npmjs.org/@vitest%2fbrowser-webdriverio set size:undefined disposed:false
134 silly fetch manifest webdriverio@*
135 silly packumentCache full:https://registry.npmjs.org/webdriverio cache-miss
136 http fetch GET 200 https://registry.npmjs.org/webdriverio 110ms (cache miss)
137 silly packumentCache full:https://registry.npmjs.org/webdriverio set size:undefined disposed:false
138 silly fetch manifest puppeteer-core@>=22.x || <=24.x
139 silly packumentCache full:https://registry.npmjs.org/puppeteer-core cache-miss
140 http fetch GET 200 https://registry.npmjs.org/puppeteer-core 77ms (cache miss)
141 silly packumentCache full:https://registry.npmjs.org/puppeteer-core set size:undefined disposed:false
142 silly fetch manifest @vitest/ui@4.1.0
143 silly packumentCache full:https://registry.npmjs.org/@vitest%2fui cache-miss
144 http fetch GET 200 https://registry.npmjs.org/@vitest%2fui 155ms (cache miss)
145 silly packumentCache full:https://registry.npmjs.org/@vitest%2fui set size:undefined disposed:false
146 silly fetch manifest happy-dom@*
147 silly packumentCache full:https://registry.npmjs.org/happy-dom cache-miss
148 http fetch GET 200 https://registry.npmjs.org/happy-dom 93ms (cache miss)
149 silly packumentCache full:https://registry.npmjs.org/happy-dom set size:undefined disposed:false
150 silly fetch manifest jsdom@^28.0.0
151 silly packumentCache full:https://registry.npmjs.org/jsdom cache-miss
152 http fetch GET 200 https://registry.npmjs.org/jsdom 53ms (cache miss)
153 silly packumentCache full:https://registry.npmjs.org/jsdom set size:undefined disposed:false
154 silly fetch manifest canvas@^3.0.0
155 silly packumentCache full:https://registry.npmjs.org/canvas cache-miss
156 http fetch GET 200 https://registry.npmjs.org/canvas 72ms (cache miss)
157 silly packumentCache full:https://registry.npmjs.org/canvas set size:undefined disposed:false
158 silly fetch manifest @angular/cli@^21.2.3
159 silly packumentCache full:https://registry.npmjs.org/@angular%2fcli cache-miss
160 http cache https://registry.npmjs.org/@angular%2fcli 7ms (cache hit)
161 silly packumentCache full:https://registry.npmjs.org/@angular%2fcli set size:3067505 disposed:false
162 silly fetch manifest prettier@^3.8.1
163 silly packumentCache full:https://registry.npmjs.org/prettier cache-miss
164 http fetch GET 200 https://registry.npmjs.org/prettier 90ms (cache miss)
165 silly packumentCache full:https://registry.npmjs.org/prettier set size:undefined disposed:false
166 silly placeDep ROOT @angular/build@21.2.3 OK for: autos-frontend@0.0.0 want: ^21.2.3
167 silly placeDep ROOT tslib@2.8.1 OK for: @angular/build@21.2.3 want: ^2.3.0
168 silly placeDep ROOT typescript@5.9.3 OK for: @angular/build@21.2.3 want: >=5.9 <6.0
169 silly placeDep ROOT @angular/compiler@21.2.5 OK for: @angular/build@21.2.3 want: ^21.0.0
170 silly placeDep ROOT @angular/compiler-cli@21.2.5 OK for: @angular/build@21.2.3 want: ^21.0.0
171 silly placeDep ROOT @angular/cli@21.2.3 OK for: autos-frontend@0.0.0 want: ^21.2.3
172 silly placeDep ROOT @angular/common@21.2.5 OK for: autos-frontend@0.0.0 want: ^21.2.0
173 silly placeDep ROOT @angular/core@21.2.5 OK for: @angular/common@21.2.5 want: 21.2.5
174 silly placeDep ROOT rxjs@7.8.2 OK for: @angular/core@21.2.5 want: ^6.5.3 || ^7.4.0
175 silly placeDep ROOT @angular/forms@21.2.5 OK for: autos-frontend@0.0.0 want: ^21.2.0
176 silly placeDep ROOT @angular/platform-browser@21.2.5 OK for: @angular/forms@21.2.5 want: 21.2.5
177 silly placeDep ROOT @angular/router@21.2.5 OK for: autos-frontend@0.0.0 want: ^21.2.0
178 silly placeDep ROOT jsdom@28.1.0 OK for: autos-frontend@0.0.0 want: ^28.0.0
179 silly placeDep ROOT prettier@3.8.1 OK for: autos-frontend@0.0.0 want: ^3.8.1
180 silly placeDep ROOT vitest@4.1.0 OK for: autos-frontend@0.0.0 want: ^4.0.8
181 silly fetch manifest sass@1.97.3
182 silly packumentCache full:https://registry.npmjs.org/sass cache-miss
183 silly fetch manifest vite@7.3.1
184 silly packumentCache full:https://registry.npmjs.org/vite cache-miss
185 silly fetch manifest listr2@9.0.5
186 silly packumentCache full:https://registry.npmjs.org/listr2 cache-miss
187 silly fetch manifest mrmime@2.0.1
188 silly packumentCache full:https://registry.npmjs.org/mrmime cache-miss
189 silly fetch manifest semver@7.7.4
190 silly packumentCache full:https://registry.npmjs.org/semver cache-miss
191 silly fetch manifest undici@7.22.0
192 silly packumentCache full:https://registry.npmjs.org/undici cache-miss
193 silly fetch manifest esbuild@0.27.3
194 silly packumentCache full:https://registry.npmjs.org/esbuild cache-miss
195 silly fetch manifest piscina@5.1.4
196 silly packumentCache full:https://registry.npmjs.org/piscina cache-miss
197 silly fetch manifest beasties@0.4.1
198 silly packumentCache full:https://registry.npmjs.org/beasties cache-miss
199 http cache https://registry.npmjs.org/semver 7ms (cache hit)
200 silly packumentCache full:https://registry.npmjs.org/semver set size:229678 disposed:false
201 silly fetch manifest rolldown@1.0.0-rc.4
202 silly packumentCache full:https://registry.npmjs.org/rolldown cache-miss
203 http cache https://registry.npmjs.org/listr2 9ms (cache hit)
204 silly packumentCache full:https://registry.npmjs.org/listr2 set size:1056609 disposed:false
205 silly fetch manifest picomatch@4.0.3
206 silly packumentCache full:https://registry.npmjs.org/picomatch cache-miss
207 http cache https://registry.npmjs.org/picomatch 2ms (cache hit)
208 silly packumentCache full:https://registry.npmjs.org/picomatch set size:118818 disposed:false
209 silly fetch manifest watchpack@2.5.1
210 silly packumentCache full:https://registry.npmjs.org/watchpack cache-miss
211 http fetch GET 200 https://registry.npmjs.org/sass 67ms (cache miss)
212 silly packumentCache full:https://registry.npmjs.org/sass set size:undefined disposed:false
213 silly fetch manifest tinyglobby@0.2.15
214 silly packumentCache full:https://registry.npmjs.org/tinyglobby cache-miss
215 http cache https://registry.npmjs.org/tinyglobby 6ms (cache hit)
216 silly packumentCache full:https://registry.npmjs.org/tinyglobby set size:49812 disposed:false
217 silly fetch manifest @babel/core@7.29.0
218 silly packumentCache full:https://registry.npmjs.org/@babel%2fcore cache-miss
219 http fetch GET 200 https://registry.npmjs.org/mrmime 113ms (cache miss)
220 silly packumentCache full:https://registry.npmjs.org/mrmime set size:undefined disposed:false
221 silly fetch manifest browserslist@^4.26.0
222 silly packumentCache full:https://registry.npmjs.org/browserslist cache-miss
223 http fetch GET 200 https://registry.npmjs.org/beasties 122ms (cache miss)
224 silly packumentCache full:https://registry.npmjs.org/beasties set size:undefined disposed:false
225 silly fetch manifest jsonc-parser@3.3.1
226 silly packumentCache full:https://registry.npmjs.org/jsonc-parser cache-miss
227 http cache https://registry.npmjs.org/jsonc-parser 1ms (cache hit)
228 silly packumentCache full:https://registry.npmjs.org/jsonc-parser set size:99919 disposed:false
229 silly fetch manifest magic-string@0.30.21
230 silly packumentCache full:https://registry.npmjs.org/magic-string cache-miss
231 http cache https://registry.npmjs.org/magic-string 2ms (cache hit)
232 silly packumentCache full:https://registry.npmjs.org/magic-string set size:331817 disposed:false
233 silly fetch manifest @inquirer/confirm@5.1.21
234 silly packumentCache full:https://registry.npmjs.org/@inquirer%2fconfirm cache-miss
235 http cache https://registry.npmjs.org/@inquirer%2fconfirm 2ms (cache hit)
236 silly packumentCache full:https://registry.npmjs.org/@inquirer%2fconfirm set size:308632 disposed:false
237 silly fetch manifest https-proxy-agent@7.0.6
238 silly packumentCache full:https://registry.npmjs.org/https-proxy-agent cache-miss
239 http fetch GET 200 https://registry.npmjs.org/piscina 134ms (cache miss)
240 silly packumentCache full:https://registry.npmjs.org/piscina set size:undefined disposed:false
241 silly fetch manifest source-map-support@0.5.21
242 silly packumentCache full:https://registry.npmjs.org/source-map-support cache-miss
243 http cache https://registry.npmjs.org/https-proxy-agent 3ms (cache hit)
244 silly packumentCache full:https://registry.npmjs.org/https-proxy-agent set size:78754 disposed:false
245 silly fetch manifest @ampproject/remapping@2.3.0
246 silly packumentCache full:https://registry.npmjs.org/@ampproject%2fremapping cache-miss
247 http fetch GET 200 https://registry.npmjs.org/undici 165ms (cache miss)
248 silly packumentCache full:https://registry.npmjs.org/undici set size:undefined disposed:false
249 silly fetch manifest istanbul-lib-instrument@6.0.3
250 silly packumentCache full:https://registry.npmjs.org/istanbul-lib-instrument cache-miss
251 http fetch GET 200 https://registry.npmjs.org/watchpack 161ms (cache miss)
252 silly packumentCache full:https://registry.npmjs.org/watchpack set size:undefined disposed:false
253 silly fetch manifest @vitejs/plugin-basic-ssl@2.1.4
254 silly packumentCache full:https://registry.npmjs.org/@vitejs%2fplugin-basic-ssl cache-miss
255 http fetch GET 200 https://registry.npmjs.org/@babel%2fcore 101ms (cache miss)
256 silly packumentCache full:https://registry.npmjs.org/@babel%2fcore set size:undefined disposed:false
257 silly fetch manifest @angular-devkit/architect@0.2102.3
258 silly packumentCache full:https://registry.npmjs.org/@angular-devkit%2farchitect cache-miss
259 http cache https://registry.npmjs.org/@angular-devkit%2farchitect 3ms (cache hit)
260 silly packumentCache full:https://registry.npmjs.org/@angular-devkit%2farchitect set size:2104602 disposed:false
261 silly fetch manifest parse5-html-rewriting-stream@8.0.0
262 silly packumentCache full:https://registry.npmjs.org/parse5-html-rewriting-stream cache-miss
263 http cache https://registry.npmjs.org/parse5-html-rewriting-stream 1ms (cache hit)
264 silly packumentCache full:https://registry.npmjs.org/parse5-html-rewriting-stream set size:21571 disposed:false
265 silly fetch manifest @babel/helper-annotate-as-pure@7.27.3
266 silly packumentCache full:https://registry.npmjs.org/@babel%2fhelper-annotate-as-pure cache-miss
267 http fetch GET 200 https://registry.npmjs.org/source-map-support 75ms (cache miss)
268 silly packumentCache full:https://registry.npmjs.org/source-map-support set size:undefined disposed:false
269 silly fetch manifest @babel/helper-split-export-declaration@7.24.7
270 silly packumentCache full:https://registry.npmjs.org/@babel%2fhelper-split-export-declaration cache-miss
271 http fetch GET 200 https://registry.npmjs.org/istanbul-lib-instrument 75ms (cache miss)
272 silly packumentCache full:https://registry.npmjs.org/istanbul-lib-instrument set size:undefined disposed:false
273 silly fetch manifest lmdb@3.5.1
274 silly packumentCache full:https://registry.npmjs.org/lmdb cache-miss
275 http fetch GET 200 https://registry.npmjs.org/esbuild 251ms (cache miss)
276 silly packumentCache full:https://registry.npmjs.org/esbuild set size:undefined disposed:false
277 silly fetch manifest @jridgewell/sourcemap-codec@^1.4.14
278 silly packumentCache full:https://registry.npmjs.org/@jridgewell%2fsourcemap-codec cache-miss
279 http cache https://registry.npmjs.org/@jridgewell%2fsourcemap-codec 2ms (cache hit)
280 silly packumentCache full:https://registry.npmjs.org/@jridgewell%2fsourcemap-codec set size:59275 disposed:false
281 silly fetch manifest reflect-metadata@^0.2.0
282 silly packumentCache full:https://registry.npmjs.org/reflect-metadata cache-miss
283 http fetch GET 200 https://registry.npmjs.org/browserslist 144ms (cache miss)
284 silly packumentCache full:https://registry.npmjs.org/browserslist set size:undefined disposed:false
285 silly fetch manifest chokidar@^5.0.0
286 silly packumentCache full:https://registry.npmjs.org/chokidar cache-miss
287 http fetch GET 200 https://registry.npmjs.org/@babel%2fhelper-annotate-as-pure 73ms (cache miss)
288 silly packumentCache full:https://registry.npmjs.org/@babel%2fhelper-annotate-as-pure set size:undefined disposed:false
289 silly fetch manifest convert-source-map@^1.5.1
290 silly packumentCache full:https://registry.npmjs.org/convert-source-map cache-miss
291 http cache https://registry.npmjs.org/chokidar 3ms (cache hit)
292 silly packumentCache full:https://registry.npmjs.org/chokidar set size:255902 disposed:false
293 silly fetch manifest semver@^7.0.0
294 silly packumentCache full:https://registry.npmjs.org/semver cache-hit
295 silly fetch manifest yargs@^18.0.0
296 silly packumentCache full:https://registry.npmjs.org/yargs cache-miss
297 http cache https://registry.npmjs.org/yargs 2ms (cache hit)
298 silly packumentCache full:https://registry.npmjs.org/yargs set size:743056 disposed:false
299 silly fetch manifest ini@6.0.0
300 silly packumentCache full:https://registry.npmjs.org/ini cache-miss
301 http cache https://registry.npmjs.org/ini 1ms (cache hit)
302 silly packumentCache full:https://registry.npmjs.org/ini set size:57019 disposed:false
303 silly fetch manifest zod@4.3.6
304 silly packumentCache full:https://registry.npmjs.org/zod cache-miss
305 http cache https://registry.npmjs.org/zod 4ms (cache hit)
306 silly packumentCache full:https://registry.npmjs.org/zod set size:3489329 disposed:false
307 silly fetch manifest yargs@18.0.0
308 silly packumentCache full:https://registry.npmjs.org/yargs cache-hit
309 silly fetch manifest pacote@21.3.1
310 silly packumentCache full:https://registry.npmjs.org/pacote cache-miss
311 http cache https://registry.npmjs.org/pacote 2ms (cache hit)
312 silly packumentCache full:https://registry.npmjs.org/pacote set size:760652 disposed:false
313 silly fetch manifest algoliasearch@5.48.1
314 silly packumentCache full:https://registry.npmjs.org/algoliasearch cache-miss
315 http cache https://registry.npmjs.org/algoliasearch 2ms (cache hit)
316 silly packumentCache full:https://registry.npmjs.org/algoliasearch set size:1759752 disposed:false
317 silly fetch manifest npm-package-arg@13.0.2
318 silly packumentCache full:https://registry.npmjs.org/npm-package-arg cache-miss
319 http cache https://registry.npmjs.org/npm-package-arg 2ms (cache hit)
320 silly packumentCache full:https://registry.npmjs.org/npm-package-arg set size:131455 disposed:false
321 silly fetch manifest @inquirer/prompts@7.10.1
322 silly packumentCache full:https://registry.npmjs.org/@inquirer%2fprompts cache-miss
323 http fetch GET 200 https://registry.npmjs.org/@babel%2fhelper-split-export-declaration 87ms (cache miss)
324 silly packumentCache full:https://registry.npmjs.org/@babel%2fhelper-split-export-declaration set size:undefined disposed:false
325 silly fetch manifest @yarnpkg/lockfile@1.1.0
326 silly packumentCache full:https://registry.npmjs.org/@yarnpkg%2flockfile cache-miss
327 http cache https://registry.npmjs.org/@inquirer%2fprompts 4ms (cache hit)
328 silly packumentCache full:https://registry.npmjs.org/@inquirer%2fprompts set size:312102 disposed:false
329 silly fetch manifest @schematics/angular@21.2.3
330 silly packumentCache full:https://registry.npmjs.org/@schematics%2fangular cache-miss
331 http cache https://registry.npmjs.org/@yarnpkg%2flockfile 2ms (cache hit)
332 silly packumentCache full:https://registry.npmjs.org/@yarnpkg%2flockfile set size:8937 disposed:false
333 silly fetch manifest @angular-devkit/core@21.2.3
334 silly packumentCache full:https://registry.npmjs.org/@angular-devkit%2fcore cache-miss
335 http cache https://registry.npmjs.org/@schematics%2fangular 3ms (cache hit)
336 silly packumentCache full:https://registry.npmjs.org/@schematics%2fangular set size:2309401 disposed:false
337 silly fetch manifest @modelcontextprotocol/sdk@1.26.0
338 silly packumentCache full:https://registry.npmjs.org/@modelcontextprotocol%2fsdk cache-miss
339 http cache https://registry.npmjs.org/@modelcontextprotocol%2fsdk 2ms (cache hit)
340 silly packumentCache full:https://registry.npmjs.org/@modelcontextprotocol%2fsdk set size:268266 disposed:false
341 silly fetch manifest @angular-devkit/schematics@21.2.3
342 silly packumentCache full:https://registry.npmjs.org/@angular-devkit%2fschematics cache-miss
343 http cache https://registry.npmjs.org/@angular-devkit%2fcore 8ms (cache hit)
344 silly packumentCache full:https://registry.npmjs.org/@angular-devkit%2fcore set size:2296172 disposed:false
345 silly fetch manifest @listr2/prompt-adapter-inquirer@3.0.5
346 silly packumentCache full:https://registry.npmjs.org/@listr2%2fprompt-adapter-inquirer cache-miss
347 http fetch GET 200 https://registry.npmjs.org/convert-source-map 54ms (cache miss)
348 silly packumentCache full:https://registry.npmjs.org/convert-source-map set size:undefined disposed:false
349 silly fetch manifest @standard-schema/spec@^1.0.0
350 silly packumentCache full:https://registry.npmjs.org/@standard-schema%2fspec cache-miss
351 http cache https://registry.npmjs.org/@angular-devkit%2fschematics 9ms (cache hit)
352 silly packumentCache full:https://registry.npmjs.org/@angular-devkit%2fschematics set size:2255569 disposed:false
353 silly fetch manifest saxes@^6.0.0
354 silly packumentCache full:https://registry.npmjs.org/saxes cache-miss
355 http cache https://registry.npmjs.org/@listr2%2fprompt-adapter-inquirer 8ms (cache hit)
356 silly packumentCache full:https://registry.npmjs.org/@listr2%2fprompt-adapter-inquirer set size:126149 disposed:false
357 silly fetch manifest parse5@^8.0.0
358 silly packumentCache full:https://registry.npmjs.org/parse5 cache-miss
359 http fetch GET 200 https://registry.npmjs.org/lmdb 78ms (cache miss)
360 silly packumentCache full:https://registry.npmjs.org/lmdb set size:undefined disposed:false
361 silly fetch manifest undici@^7.21.0
362 silly packumentCache full:https://registry.npmjs.org/undici cache-miss
363 http cache https://registry.npmjs.org/parse5 7ms (cache hit)
364 silly packumentCache full:https://registry.npmjs.org/parse5 set size:120807 disposed:false
365 silly fetch manifest cssstyle@^6.0.1
366 silly packumentCache full:https://registry.npmjs.org/cssstyle cache-miss
367 http cache https://registry.npmjs.org/undici 5ms (cache hit)
368 silly packumentCache full:https://registry.npmjs.org/undici set size:1324472 disposed:false
369 silly fetch manifest data-urls@^7.0.0
370 silly packumentCache full:https://registry.npmjs.org/data-urls cache-miss
371 http fetch GET 200 https://registry.npmjs.org/reflect-metadata 79ms (cache miss)
372 silly packumentCache full:https://registry.npmjs.org/reflect-metadata set size:undefined disposed:false
373 silly fetch manifest decimal.js@^10.6.0
374 silly packumentCache full:https://registry.npmjs.org/decimal.js cache-miss
375 http fetch GET 200 https://registry.npmjs.org/@ampproject%2fremapping 200ms (cache miss)
376 silly packumentCache full:https://registry.npmjs.org/@ampproject%2fremapping set size:undefined disposed:false
377 silly fetch manifest whatwg-url@^16.0.0
378 silly packumentCache full:https://registry.npmjs.org/whatwg-url cache-miss
379 http fetch GET 200 https://registry.npmjs.org/saxes 55ms (cache miss)
380 silly packumentCache full:https://registry.npmjs.org/saxes set size:undefined disposed:false
381 silly fetch manifest symbol-tree@^3.2.4
382 silly packumentCache full:https://registry.npmjs.org/symbol-tree cache-miss
383 http fetch GET 200 https://registry.npmjs.org/data-urls 50ms (cache miss)
384 silly packumentCache full:https://registry.npmjs.org/data-urls set size:undefined disposed:false
385 silly fetch manifest tough-cookie@^6.0.0
386 silly packumentCache full:https://registry.npmjs.org/tough-cookie cache-miss
387 http fetch GET 200 https://registry.npmjs.org/cssstyle 54ms (cache miss)
388 silly packumentCache full:https://registry.npmjs.org/cssstyle set size:undefined disposed:false
389 silly fetch manifest @acemir/cssom@^0.9.31
390 silly packumentCache full:https://registry.npmjs.org/@acemir%2fcssom cache-miss
391 http fetch GET 200 https://registry.npmjs.org/rolldown 379ms (cache miss)
392 silly packumentCache full:https://registry.npmjs.org/rolldown set size:undefined disposed:false
393 silly fetch manifest @exodus/bytes@^1.11.0
394 silly packumentCache full:https://registry.npmjs.org/@exodus%2fbytes cache-miss
395 http fetch GET 200 https://registry.npmjs.org/decimal.js 62ms (cache miss)
396 silly packumentCache full:https://registry.npmjs.org/decimal.js set size:undefined disposed:false
397 silly fetch manifest whatwg-mimetype@^5.0.0
398 silly packumentCache full:https://registry.npmjs.org/whatwg-mimetype cache-miss
399 http fetch GET 200 https://registry.npmjs.org/whatwg-url 65ms (cache miss)
400 silly packumentCache full:https://registry.npmjs.org/whatwg-url set size:undefined disposed:false
401 silly fetch manifest http-proxy-agent@^7.0.2
402 silly packumentCache full:https://registry.npmjs.org/http-proxy-agent cache-miss
403 http cache https://registry.npmjs.org/http-proxy-agent 1ms (cache hit)
404 silly packumentCache full:https://registry.npmjs.org/http-proxy-agent set size:52478 disposed:false
405 silly fetch manifest https-proxy-agent@^7.0.6
406 silly packumentCache full:https://registry.npmjs.org/https-proxy-agent cache-hit
407 silly fetch manifest w3c-xmlserializer@^5.0.0
408 silly packumentCache full:https://registry.npmjs.org/w3c-xmlserializer cache-miss
409 http fetch GET 200 https://registry.npmjs.org/symbol-tree 41ms (cache miss)
410 silly packumentCache full:https://registry.npmjs.org/symbol-tree set size:undefined disposed:false
411 silly fetch manifest webidl-conversions@^8.0.1
412 silly packumentCache full:https://registry.npmjs.org/webidl-conversions cache-miss
413 http fetch GET 200 https://registry.npmjs.org/@vitejs%2fplugin-basic-ssl 251ms (cache miss)
414 silly packumentCache full:https://registry.npmjs.org/@vitejs%2fplugin-basic-ssl set size:undefined disposed:false
415 silly fetch manifest xml-name-validator@^5.0.0
416 silly packumentCache full:https://registry.npmjs.org/xml-name-validator cache-miss
417 http fetch GET 200 https://registry.npmjs.org/tough-cookie 52ms (cache miss)
418 silly packumentCache full:https://registry.npmjs.org/tough-cookie set size:undefined disposed:false
419 silly fetch manifest @bramus/specificity@^2.4.2
420 silly packumentCache full:https://registry.npmjs.org/@bramus%2fspecificity cache-miss
421 http fetch GET 200 https://registry.npmjs.org/w3c-xmlserializer 44ms (cache miss)
422 silly packumentCache full:https://registry.npmjs.org/w3c-xmlserializer set size:undefined disposed:false
423 silly fetch manifest html-encoding-sniffer@^6.0.0
424 silly packumentCache full:https://registry.npmjs.org/html-encoding-sniffer cache-miss
425 http fetch GET 200 https://registry.npmjs.org/whatwg-mimetype 52ms (cache miss)
426 silly packumentCache full:https://registry.npmjs.org/whatwg-mimetype set size:undefined disposed:false
427 silly fetch manifest @asamuzakjp/dom-selector@^6.8.1
428 silly packumentCache full:https://registry.npmjs.org/@asamuzakjp%2fdom-selector cache-miss
429 http fetch GET 200 https://registry.npmjs.org/webidl-conversions 36ms (cache miss)
430 silly packumentCache full:https://registry.npmjs.org/webidl-conversions set size:undefined disposed:false
431 silly fetch manifest is-potential-custom-element-name@^1.0.1
432 silly packumentCache full:https://registry.npmjs.org/is-potential-custom-element-name cache-miss
433 http fetch GET 200 https://registry.npmjs.org/xml-name-validator 56ms (cache miss)
434 silly packumentCache full:https://registry.npmjs.org/xml-name-validator set size:undefined disposed:false
435 silly fetch manifest es-module-lexer@^2.0.0
436 silly packumentCache full:https://registry.npmjs.org/es-module-lexer cache-miss
437 http fetch GET 200 https://registry.npmjs.org/@bramus%2fspecificity 59ms (cache miss)
438 silly packumentCache full:https://registry.npmjs.org/@bramus%2fspecificity set size:undefined disposed:false
439 silly fetch manifest expect-type@^1.3.0
440 silly packumentCache full:https://registry.npmjs.org/expect-type cache-miss
441 http fetch GET 200 https://registry.npmjs.org/html-encoding-sniffer 53ms (cache miss)
442 silly packumentCache full:https://registry.npmjs.org/html-encoding-sniffer set size:undefined disposed:false
443 silly fetch manifest magic-string@^0.30.21
444 silly packumentCache full:https://registry.npmjs.org/magic-string cache-hit
445 silly fetch manifest obug@^2.1.1
446 silly packumentCache full:https://registry.npmjs.org/obug cache-miss
447 http fetch GET 200 https://registry.npmjs.org/is-potential-custom-element-name 55ms (cache miss)
448 silly packumentCache full:https://registry.npmjs.org/is-potential-custom-element-name set size:undefined disposed:false
449 silly fetch manifest pathe@^2.0.3
450 silly packumentCache full:https://registry.npmjs.org/pathe cache-miss
451 http fetch GET 200 https://registry.npmjs.org/@standard-schema%2fspec 203ms (cache miss)
452 silly packumentCache full:https://registry.npmjs.org/@standard-schema%2fspec set size:undefined disposed:false
453 silly fetch manifest picomatch@^4.0.3
454 silly packumentCache full:https://registry.npmjs.org/picomatch cache-hit
455 silly fetch manifest std-env@^4.0.0-rc.1
456 silly packumentCache full:https://registry.npmjs.org/std-env cache-miss
457 http fetch GET 200 https://registry.npmjs.org/expect-type 47ms (cache miss)
458 silly packumentCache full:https://registry.npmjs.org/expect-type set size:undefined disposed:false
459 silly fetch manifest tinybench@^2.9.0
460 silly packumentCache full:https://registry.npmjs.org/tinybench cache-miss
461 http fetch GET 200 https://registry.npmjs.org/obug 42ms (cache miss)
462 silly packumentCache full:https://registry.npmjs.org/obug set size:undefined disposed:false
463 silly fetch manifest tinyexec@^1.0.2
464 silly packumentCache full:https://registry.npmjs.org/tinyexec cache-miss
465 http fetch GET 200 https://registry.npmjs.org/pathe 41ms (cache miss)
466 silly packumentCache full:https://registry.npmjs.org/pathe set size:undefined disposed:false
467 silly fetch manifest tinyglobby@^0.2.15
468 silly packumentCache full:https://registry.npmjs.org/tinyglobby cache-hit
469 silly fetch manifest tinyrainbow@^3.0.3
470 silly packumentCache full:https://registry.npmjs.org/tinyrainbow cache-miss
471 http fetch GET 200 https://registry.npmjs.org/es-module-lexer 69ms (cache miss)
472 silly packumentCache full:https://registry.npmjs.org/es-module-lexer set size:undefined disposed:false
473 silly fetch manifest vite@^6.0.0 || ^7.0.0 || ^8.0.0-0
474 silly packumentCache full:https://registry.npmjs.org/vite cache-miss
475 http fetch GET 200 https://registry.npmjs.org/@asamuzakjp%2fdom-selector 108ms (cache miss)
476 silly packumentCache full:https://registry.npmjs.org/@asamuzakjp%2fdom-selector set size:undefined disposed:false
477 silly fetch manifest why-is-node-running@^2.3.0
478 silly packumentCache full:https://registry.npmjs.org/why-is-node-running cache-miss
479 http fetch GET 200 https://registry.npmjs.org/std-env 50ms (cache miss)
480 silly packumentCache full:https://registry.npmjs.org/std-env set size:undefined disposed:false
481 silly fetch manifest @vitest/expect@4.1.0
482 silly packumentCache full:https://registry.npmjs.org/@vitest%2fexpect cache-miss
483 http fetch GET 200 https://registry.npmjs.org/tinybench 40ms (cache miss)
484 silly packumentCache full:https://registry.npmjs.org/tinybench set size:undefined disposed:false
485 silly fetch manifest @vitest/mocker@4.1.0
486 silly packumentCache full:https://registry.npmjs.org/@vitest%2fmocker cache-miss
487 http fetch GET 200 https://registry.npmjs.org/tinyrainbow 46ms (cache miss)
488 silly packumentCache full:https://registry.npmjs.org/tinyrainbow set size:undefined disposed:false
489 silly fetch manifest @vitest/runner@4.1.0
490 silly packumentCache full:https://registry.npmjs.org/@vitest%2frunner cache-miss
491 http fetch GET 200 https://registry.npmjs.org/tinyexec 54ms (cache miss)
492 silly packumentCache full:https://registry.npmjs.org/tinyexec set size:undefined disposed:false
493 silly fetch manifest @vitest/snapshot@4.1.0
494 silly packumentCache full:https://registry.npmjs.org/@vitest%2fsnapshot cache-miss
495 http fetch GET 200 https://registry.npmjs.org/@acemir%2fcssom 218ms (cache miss)
496 silly packumentCache full:https://registry.npmjs.org/@acemir%2fcssom set size:undefined disposed:false
497 silly fetch manifest @vitest/pretty-format@4.1.0
498 silly packumentCache full:https://registry.npmjs.org/@vitest%2fpretty-format cache-miss
499 http fetch GET 200 https://registry.npmjs.org/why-is-node-running 60ms (cache miss)
500 silly packumentCache full:https://registry.npmjs.org/why-is-node-running set size:undefined disposed:false
501 silly fetch manifest @vitest/spy@4.1.0
502 silly packumentCache full:https://registry.npmjs.org/@vitest%2fspy cache-miss
503 http fetch GET 200 https://registry.npmjs.org/@vitest%2fmocker 62ms (cache miss)
504 silly packumentCache full:https://registry.npmjs.org/@vitest%2fmocker set size:undefined disposed:false
505 silly fetch manifest @vitest/utils@4.1.0
506 silly packumentCache full:https://registry.npmjs.org/@vitest%2futils cache-miss
507 http fetch GET 200 https://registry.npmjs.org/@vitest%2frunner 63ms (cache miss)
508 silly packumentCache full:https://registry.npmjs.org/@vitest%2frunner set size:undefined disposed:false
509 http fetch GET 200 https://registry.npmjs.org/@vitest%2fexpect 103ms (cache miss)
510 silly packumentCache full:https://registry.npmjs.org/@vitest%2fexpect set size:undefined disposed:false
511 http fetch GET 200 https://registry.npmjs.org/@vitest%2fsnapshot 98ms (cache miss)
512 silly packumentCache full:https://registry.npmjs.org/@vitest%2fsnapshot set size:undefined disposed:false
513 http fetch GET 200 https://registry.npmjs.org/@exodus%2fbytes 307ms (cache miss)
514 silly packumentCache full:https://registry.npmjs.org/@exodus%2fbytes set size:undefined disposed:false
515 http fetch GET 200 https://registry.npmjs.org/@vitest%2fpretty-format 104ms (cache miss)
516 silly packumentCache full:https://registry.npmjs.org/@vitest%2fpretty-format set size:undefined disposed:false
517 http fetch GET 200 https://registry.npmjs.org/@vitest%2fspy 88ms (cache miss)
518 silly packumentCache full:https://registry.npmjs.org/@vitest%2fspy set size:undefined disposed:false
519 http fetch GET 200 https://registry.npmjs.org/@vitest%2futils 100ms (cache miss)
520 silly packumentCache full:https://registry.npmjs.org/@vitest%2futils set size:undefined disposed:false
521 http fetch GET 200 https://registry.npmjs.org/vite 1156ms (cache miss)
522 silly packumentCache full:https://registry.npmjs.org/vite set size:undefined disposed:false
523 http fetch GET 200 https://registry.npmjs.org/vite 1184ms (cache miss)
524 silly packumentCache full:https://registry.npmjs.org/vite set size:undefined disposed:false
525 silly fetch manifest @types/node@^20.19.0 || >=22.12.0
526 silly packumentCache full:https://registry.npmjs.org/@types%2fnode cache-miss
527 http fetch GET 200 https://registry.npmjs.org/@types%2fnode 91ms (cache revalidated)
528 silly packumentCache full:https://registry.npmjs.org/@types%2fnode set size:10939971 disposed:false
529 silly fetch manifest jiti@>=1.21.0
530 silly packumentCache full:https://registry.npmjs.org/jiti cache-miss
531 http fetch GET 200 https://registry.npmjs.org/jiti 64ms (cache miss)
532 silly packumentCache full:https://registry.npmjs.org/jiti set size:undefined disposed:false
533 silly fetch manifest lightningcss@^1.21.0
534 silly packumentCache full:https://registry.npmjs.org/lightningcss cache-miss
535 http fetch GET 200 https://registry.npmjs.org/lightningcss 36ms (cache miss)
536 silly packumentCache full:https://registry.npmjs.org/lightningcss set size:undefined disposed:false
537 silly fetch manifest sass-embedded@^1.70.0
538 silly packumentCache full:https://registry.npmjs.org/sass-embedded cache-miss
539 http fetch GET 200 https://registry.npmjs.org/sass-embedded 61ms (cache miss)
540 silly packumentCache full:https://registry.npmjs.org/sass-embedded set size:undefined disposed:false
541 silly fetch manifest stylus@>=0.54.8
542 silly packumentCache full:https://registry.npmjs.org/stylus cache-miss
543 http fetch GET 200 https://registry.npmjs.org/stylus 75ms (cache miss)
544 silly packumentCache full:https://registry.npmjs.org/stylus set size:undefined disposed:false
545 silly fetch manifest sugarss@^5.0.0
546 silly packumentCache full:https://registry.npmjs.org/sugarss cache-miss
547 http fetch GET 200 https://registry.npmjs.org/sugarss 50ms (cache miss)
548 silly packumentCache full:https://registry.npmjs.org/sugarss set size:undefined disposed:false
549 silly fetch manifest terser@^5.16.0
550 silly packumentCache full:https://registry.npmjs.org/terser cache-miss
551 http fetch GET 200 https://registry.npmjs.org/terser 58ms (cache miss)
552 silly packumentCache full:https://registry.npmjs.org/terser set size:undefined disposed:false
553 silly fetch manifest tsx@^4.8.1
554 silly packumentCache full:https://registry.npmjs.org/tsx cache-miss
555 http fetch GET 200 https://registry.npmjs.org/tsx 41ms (cache miss)
556 silly packumentCache full:https://registry.npmjs.org/tsx set size:undefined disposed:false
557 silly fetch manifest yaml@^2.4.2
558 silly packumentCache full:https://registry.npmjs.org/yaml cache-miss
559 http fetch GET 200 https://registry.npmjs.org/yaml 41ms (cache miss)
560 silly packumentCache full:https://registry.npmjs.org/yaml set size:undefined disposed:false
561 silly fetch manifest @types/node@>=18
562 silly packumentCache full:https://registry.npmjs.org/@types%2fnode cache-miss
563 http cache https://registry.npmjs.org/@types%2fnode 14ms (cache hit)
564 silly packumentCache full:https://registry.npmjs.org/@types%2fnode set size:10939971 disposed:false
565 silly placeDep ROOT @ampproject/remapping@2.3.0 OK for: @angular/build@21.2.3 want: 2.3.0
566 silly placeDep ROOT @angular-devkit/architect@0.2102.3 OK for: @angular/build@21.2.3 want: 0.2102.3
567 silly placeDep ROOT @babel/core@7.29.0 OK for: @angular/build@21.2.3 want: 7.29.0
568 silly placeDep ROOT @babel/helper-annotate-as-pure@7.27.3 OK for: @angular/build@21.2.3 want: 7.27.3
569 silly placeDep ROOT @babel/helper-split-export-declaration@7.24.7 OK for: @angular/build@21.2.3 want: 7.24.7
570 silly placeDep ROOT @inquirer/confirm@5.1.21 OK for: @angular/build@21.2.3 want: 5.1.21
571 silly placeDep ROOT @vitejs/plugin-basic-ssl@2.1.4 OK for: @angular/build@21.2.3 want: 2.1.4
572 silly placeDep ROOT vite@7.3.1 OK for: @vitejs/plugin-basic-ssl@2.1.4 want: ^6.0.0 || ^7.0.0
573 silly placeDep ROOT beasties@0.4.1 OK for: @angular/build@21.2.3 want: 0.4.1
574 silly placeDep ROOT browserslist@4.28.1 OK for: @angular/build@21.2.3 want: ^4.26.0
575 silly placeDep ROOT esbuild@0.27.3 OK for: @angular/build@21.2.3 want: 0.27.3
576 silly placeDep ROOT https-proxy-agent@7.0.6 OK for: @angular/build@21.2.3 want: 7.0.6
577 silly placeDep ROOT istanbul-lib-instrument@6.0.3 OK for: @angular/build@21.2.3 want: 6.0.3
578 silly placeDep ROOT jsonc-parser@3.3.1 OK for: @angular/build@21.2.3 want: 3.3.1
579 silly placeDep ROOT listr2@9.0.5 OK for: @angular/build@21.2.3 want: 9.0.5
580 silly placeDep ROOT lmdb@3.5.1 OK for: @angular/build@21.2.3 want: 3.5.1
581 silly placeDep ROOT magic-string@0.30.21 OK for: @angular/build@21.2.3 want: 0.30.21
582 silly placeDep ROOT mrmime@2.0.1 OK for: @angular/build@21.2.3 want: 2.0.1
583 silly placeDep ROOT parse5-html-rewriting-stream@8.0.0 OK for: @angular/build@21.2.3 want: 8.0.0
584 silly placeDep ROOT picomatch@4.0.3 OK for: @angular/build@21.2.3 want: 4.0.3
585 silly placeDep ROOT piscina@5.1.4 OK for: @angular/build@21.2.3 want: 5.1.4
586 silly placeDep ROOT rolldown@1.0.0-rc.4 OK for: @angular/build@21.2.3 want: 1.0.0-rc.4
587 silly placeDep ROOT sass@1.97.3 OK for: @angular/build@21.2.3 want: 1.97.3
588 silly placeDep ROOT semver@7.7.4 OK for: @angular/build@21.2.3 want: 7.7.4
589 silly placeDep ROOT source-map-support@0.5.21 OK for: @angular/build@21.2.3 want: 0.5.21
590 silly placeDep ROOT tinyglobby@0.2.15 OK for: @angular/build@21.2.3 want: 0.2.15
591 silly placeDep ROOT undici@7.22.0 OK for: @angular/build@21.2.3 want: 7.22.0
592 silly placeDep ROOT watchpack@2.5.1 OK for: @angular/build@21.2.3 want: 2.5.1
593 silly fetch manifest @jridgewell/gen-mapping@^0.3.5
594 silly packumentCache full:https://registry.npmjs.org/@jridgewell%2fgen-mapping cache-miss
595 silly fetch manifest @jridgewell/trace-mapping@^0.3.24
596 silly packumentCache full:https://registry.npmjs.org/@jridgewell%2ftrace-mapping cache-miss
597 silly fetch manifest debug@^4.1.0
598 silly packumentCache full:https://registry.npmjs.org/debug cache-miss
599 silly fetch manifest json5@^2.2.3
600 silly packumentCache full:https://registry.npmjs.org/json5 cache-miss
601 silly fetch manifest semver@^6.3.1
602 silly packumentCache full:https://registry.npmjs.org/semver cache-hit
603 silly fetch manifest gensync@^1.0.0-beta.2
604 silly packumentCache full:https://registry.npmjs.org/gensync cache-miss
605 silly fetch manifest @babel/types@^7.29.0
606 silly packumentCache full:https://registry.npmjs.org/@babel%2ftypes cache-miss
607 silly fetch manifest @babel/parser@^7.29.0
608 silly packumentCache full:https://registry.npmjs.org/@babel%2fparser cache-miss
609 silly fetch manifest @babel/helpers@^7.28.6
610 silly packumentCache full:https://registry.npmjs.org/@babel%2fhelpers cache-miss
611 silly fetch manifest @babel/template@^7.28.6
612 silly packumentCache full:https://registry.npmjs.org/@babel%2ftemplate cache-miss
613 http cache https://registry.npmjs.org/debug 6ms (cache hit)
614 silly packumentCache full:https://registry.npmjs.org/debug set size:195840 disposed:false
615 silly fetch manifest @babel/traverse@^7.29.0
616 silly packumentCache full:https://registry.npmjs.org/@babel%2ftraverse cache-miss
617 http fetch GET 200 https://registry.npmjs.org/json5 55ms (cache miss)
618 silly packumentCache full:https://registry.npmjs.org/json5 set size:undefined disposed:false
619 silly fetch manifest @babel/generator@^7.29.0
620 silly packumentCache full:https://registry.npmjs.org/@babel%2fgenerator cache-miss
621 http fetch GET 200 https://registry.npmjs.org/@babel%2ftemplate 55ms (cache miss)
622 silly packumentCache full:https://registry.npmjs.org/@babel%2ftemplate set size:undefined disposed:false
623 silly fetch manifest @babel/code-frame@^7.29.0
624 silly packumentCache full:https://registry.npmjs.org/@babel%2fcode-frame cache-miss
625 http fetch GET 200 https://registry.npmjs.org/@babel%2ftraverse 63ms (cache miss)
626 silly packumentCache full:https://registry.npmjs.org/@babel%2ftraverse set size:undefined disposed:false
627 silly fetch manifest convert-source-map@^2.0.0
628 silly packumentCache full:https://registry.npmjs.org/convert-source-map cache-miss
629 http fetch GET 200 https://registry.npmjs.org/gensync 73ms (cache miss)
630 silly packumentCache full:https://registry.npmjs.org/gensync set size:undefined disposed:false
631 silly fetch manifest @jridgewell/remapping@^2.3.5
632 silly packumentCache full:https://registry.npmjs.org/@jridgewell%2fremapping cache-miss
633 http cache https://registry.npmjs.org/convert-source-map 2ms (cache hit)
634 silly packumentCache full:https://registry.npmjs.org/convert-source-map set size:66997 disposed:false
635 silly fetch manifest @babel/helper-module-transforms@^7.28.6
636 silly packumentCache full:https://registry.npmjs.org/@babel%2fhelper-module-transforms cache-miss
637 http fetch GET 200 https://registry.npmjs.org/@babel%2fhelpers 74ms (cache miss)
638 silly packumentCache full:https://registry.npmjs.org/@babel%2fhelpers set size:undefined disposed:false
639 silly fetch manifest @babel/helper-compilation-targets@^7.28.6
640 silly packumentCache full:https://registry.npmjs.org/@babel%2fhelper-compilation-targets cache-miss
641 http fetch GET 200 https://registry.npmjs.org/@jridgewell%2fgen-mapping 77ms (cache miss)
642 silly packumentCache full:https://registry.npmjs.org/@jridgewell%2fgen-mapping set size:undefined disposed:false
643 silly fetch manifest @babel/types@^7.27.3
644 silly packumentCache full:https://registry.npmjs.org/@babel%2ftypes cache-miss
645 http fetch GET 200 https://registry.npmjs.org/@jridgewell%2ftrace-mapping 108ms (cache miss)
646 silly packumentCache full:https://registry.npmjs.org/@jridgewell%2ftrace-mapping set size:undefined disposed:false
647 silly fetch manifest @babel/types@^7.24.7
648 silly packumentCache full:https://registry.npmjs.org/@babel%2ftypes cache-miss
649 http fetch GET 200 https://registry.npmjs.org/@babel%2fcode-frame 68ms (cache miss)
650 silly packumentCache full:https://registry.npmjs.org/@babel%2fcode-frame set size:undefined disposed:false
651 silly fetch manifest @inquirer/core@^10.3.2
652 silly packumentCache full:https://registry.npmjs.org/@inquirer%2fcore cache-miss
653 http fetch GET 200 https://registry.npmjs.org/@babel%2fparser 125ms (cache miss)
654 silly packumentCache full:https://registry.npmjs.org/@babel%2fparser set size:undefined disposed:false
655 silly fetch manifest @inquirer/type@^3.0.10
656 silly packumentCache full:https://registry.npmjs.org/@inquirer%2ftype cache-miss
657 http cache https://registry.npmjs.org/@inquirer%2fcore 4ms (cache hit)
658 silly packumentCache full:https://registry.npmjs.org/@inquirer%2fcore set size:340015 disposed:false
659 silly fetch manifest fdir@^6.5.0
660 silly packumentCache full:https://registry.npmjs.org/fdir cache-miss
661 http fetch GET 200 https://registry.npmjs.org/@babel%2fhelper-compilation-targets 56ms (cache miss)
662 silly packumentCache full:https://registry.npmjs.org/@babel%2fhelper-compilation-targets set size:undefined disposed:false
663 silly fetch manifest rollup@^4.43.0
664 silly packumentCache full:https://registry.npmjs.org/rollup cache-miss
665 http cache https://registry.npmjs.org/fdir 2ms (cache hit)
666 silly packumentCache full:https://registry.npmjs.org/fdir set size:136182 disposed:false
667 silly fetch manifest esbuild@^0.27.0
668 silly packumentCache full:https://registry.npmjs.org/esbuild cache-miss
669 http cache https://registry.npmjs.org/esbuild 2ms (cache hit)
670 silly packumentCache full:https://registry.npmjs.org/esbuild set size:1244751 disposed:false
671 silly fetch manifest postcss@^8.5.6
672 silly packumentCache full:https://registry.npmjs.org/postcss cache-miss
673 http cache https://registry.npmjs.org/postcss 1ms (cache hit)
674 silly packumentCache full:https://registry.npmjs.org/postcss set size:702266 disposed:false
675 silly fetch manifest fsevents@~2.3.3
676 silly packumentCache full:https://registry.npmjs.org/fsevents cache-miss
677 http fetch GET 200 https://registry.npmjs.org/@jridgewell%2fremapping 86ms (cache miss)
678 silly packumentCache full:https://registry.npmjs.org/@jridgewell%2fremapping set size:undefined disposed:false
679 silly fetch manifest css-select@^6.0.0
680 silly packumentCache full:https://registry.npmjs.org/css-select cache-miss
681 http fetch GET 200 https://registry.npmjs.org/@babel%2fhelper-module-transforms 97ms (cache miss)
682 silly packumentCache full:https://registry.npmjs.org/@babel%2fhelper-module-transforms set size:undefined disposed:false
683 silly fetch manifest css-what@^7.0.0
684 silly packumentCache full:https://registry.npmjs.org/css-what cache-miss
685 http fetch GET 200 https://registry.npmjs.org/fsevents 47ms (cache miss)
686 silly packumentCache full:https://registry.npmjs.org/fsevents set size:undefined disposed:false
687 silly fetch manifest dom-serializer@^2.0.0
688 silly packumentCache full:https://registry.npmjs.org/dom-serializer cache-miss
689 http fetch GET 200 https://registry.npmjs.org/@inquirer%2ftype 75ms (cache revalidated)
690 silly packumentCache full:https://registry.npmjs.org/@inquirer%2ftype set size:112852 disposed:false
691 silly fetch manifest domhandler@^5.0.3
692 silly packumentCache full:https://registry.npmjs.org/domhandler cache-miss
693 http fetch GET 200 https://registry.npmjs.org/css-select 56ms (cache miss)
694 silly packumentCache full:https://registry.npmjs.org/css-select set size:undefined disposed:false
695 silly fetch manifest htmlparser2@^10.0.0
696 silly packumentCache full:https://registry.npmjs.org/htmlparser2 cache-miss
697 http fetch GET 200 https://registry.npmjs.org/dom-serializer 39ms (cache miss)
698 silly packumentCache full:https://registry.npmjs.org/dom-serializer set size:undefined disposed:false
699 silly fetch manifest picocolors@^1.1.1
700 silly packumentCache full:https://registry.npmjs.org/picocolors cache-miss
701 http fetch GET 200 https://registry.npmjs.org/domhandler 45ms (cache miss)
702 silly packumentCache full:https://registry.npmjs.org/domhandler set size:undefined disposed:false
703 silly fetch manifest postcss@^8.4.49
704 silly packumentCache full:https://registry.npmjs.org/postcss cache-hit
705 silly fetch manifest postcss-media-query-parser@^0.2.3
706 silly packumentCache full:https://registry.npmjs.org/postcss-media-query-parser cache-miss
707 http fetch GET 200 https://registry.npmjs.org/css-what 83ms (cache miss)
708 silly packumentCache full:https://registry.npmjs.org/css-what set size:undefined disposed:false
709 silly fetch manifest postcss-safe-parser@^7.0.1
710 silly packumentCache full:https://registry.npmjs.org/postcss-safe-parser cache-miss
711 http fetch GET 200 https://registry.npmjs.org/@babel%2fgenerator 205ms (cache miss)
712 silly packumentCache full:https://registry.npmjs.org/@babel%2fgenerator set size:undefined disposed:false
713 silly fetch manifest baseline-browser-mapping@^2.9.0
714 silly packumentCache full:https://registry.npmjs.org/baseline-browser-mapping cache-miss
715 http fetch GET 200 https://registry.npmjs.org/picocolors 37ms (cache miss)
716 silly packumentCache full:https://registry.npmjs.org/picocolors set size:undefined disposed:false
717 silly fetch manifest caniuse-lite@^1.0.30001759
718 silly packumentCache full:https://registry.npmjs.org/caniuse-lite cache-miss
719 http fetch GET 200 https://registry.npmjs.org/htmlparser2 63ms (cache miss)
720 silly packumentCache full:https://registry.npmjs.org/htmlparser2 set size:undefined disposed:false
721 silly fetch manifest electron-to-chromium@^1.5.263
722 silly packumentCache full:https://registry.npmjs.org/electron-to-chromium cache-miss
723 http fetch GET 200 https://registry.npmjs.org/baseline-browser-mapping 54ms (cache miss)
724 silly packumentCache full:https://registry.npmjs.org/baseline-browser-mapping set size:undefined disposed:false
725 silly fetch manifest node-releases@^2.0.27
726 silly packumentCache full:https://registry.npmjs.org/node-releases cache-miss
727 http fetch GET 200 https://registry.npmjs.org/postcss-media-query-parser 88ms (cache miss)
728 silly packumentCache full:https://registry.npmjs.org/postcss-media-query-parser set size:undefined disposed:false
729 silly fetch manifest update-browserslist-db@^1.2.0
730 silly packumentCache full:https://registry.npmjs.org/update-browserslist-db cache-miss
731 http fetch GET 200 https://registry.npmjs.org/@babel%2ftypes 278ms (cache miss)
732 silly packumentCache full:https://registry.npmjs.org/@babel%2ftypes set size:undefined disposed:false
733 silly fetch manifest @esbuild/aix-ppc64@0.27.3
734 silly packumentCache full:https://registry.npmjs.org/@esbuild%2faix-ppc64 cache-miss
735 http fetch GET 200 https://registry.npmjs.org/@babel%2ftypes 427ms (cache miss)
736 silly packumentCache full:https://registry.npmjs.org/@babel%2ftypes set size:undefined disposed:false
737 silly fetch manifest @esbuild/linux-arm@0.27.3
738 silly packumentCache full:https://registry.npmjs.org/@esbuild%2flinux-arm cache-miss
739 http fetch GET 200 https://registry.npmjs.org/@babel%2ftypes 358ms (cache miss)
740 silly packumentCache full:https://registry.npmjs.org/@babel%2ftypes set size:undefined disposed:false
741 silly fetch manifest @esbuild/linux-x64@0.27.3
742 silly packumentCache full:https://registry.npmjs.org/@esbuild%2flinux-x64 cache-miss
743 http fetch GET 200 https://registry.npmjs.org/node-releases 119ms (cache miss)
744 silly packumentCache full:https://registry.npmjs.org/node-releases set size:undefined disposed:false
745 silly fetch manifest @esbuild/sunos-x64@0.27.3
746 silly packumentCache full:https://registry.npmjs.org/@esbuild%2fsunos-x64 cache-miss
747 http fetch GET 200 https://registry.npmjs.org/update-browserslist-db 104ms (cache miss)
748 silly packumentCache full:https://registry.npmjs.org/update-browserslist-db set size:undefined disposed:false
749 silly fetch manifest @esbuild/win32-x64@0.27.3
750 silly packumentCache full:https://registry.npmjs.org/@esbuild%2fwin32-x64 cache-miss
751 http fetch GET 200 https://registry.npmjs.org/caniuse-lite 205ms (cache miss)
752 silly packumentCache full:https://registry.npmjs.org/caniuse-lite set size:undefined disposed:false
753 silly fetch manifest @esbuild/darwin-x64@0.27.3
754 silly packumentCache full:https://registry.npmjs.org/@esbuild%2fdarwin-x64 cache-miss
755 http fetch GET 200 https://registry.npmjs.org/@esbuild%2faix-ppc64 92ms (cache miss)
756 silly packumentCache full:https://registry.npmjs.org/@esbuild%2faix-ppc64 set size:undefined disposed:false
757 silly fetch manifest @esbuild/linux-ia32@0.27.3
758 silly packumentCache full:https://registry.npmjs.org/@esbuild%2flinux-ia32 cache-miss
759 http fetch GET 200 https://registry.npmjs.org/electron-to-chromium 201ms (cache miss)
760 silly packumentCache full:https://registry.npmjs.org/electron-to-chromium set size:undefined disposed:false
761 silly fetch manifest @esbuild/netbsd-x64@0.27.3
762 silly packumentCache full:https://registry.npmjs.org/@esbuild%2fnetbsd-x64 cache-miss
763 http fetch GET 200 https://registry.npmjs.org/@esbuild%2fsunos-x64 69ms (cache miss)
764 silly packumentCache full:https://registry.npmjs.org/@esbuild%2fsunos-x64 set size:undefined disposed:false
765 silly fetch manifest @esbuild/win32-ia32@0.27.3
766 silly packumentCache full:https://registry.npmjs.org/@esbuild%2fwin32-ia32 cache-miss
767 http fetch GET 200 https://registry.npmjs.org/@esbuild%2fwin32-x64 71ms (cache miss)
768 silly packumentCache full:https://registry.npmjs.org/@esbuild%2fwin32-x64 set size:undefined disposed:false
769 silly fetch manifest @esbuild/android-arm@0.27.3
770 silly packumentCache full:https://registry.npmjs.org/@esbuild%2fandroid-arm cache-miss
771 http fetch GET 200 https://registry.npmjs.org/@esbuild%2flinux-arm 85ms (cache miss)
772 silly packumentCache full:https://registry.npmjs.org/@esbuild%2flinux-arm set size:undefined disposed:false
773 silly fetch manifest @esbuild/android-x64@0.27.3
774 silly packumentCache full:https://registry.npmjs.org/@esbuild%2fandroid-x64 cache-miss
775 http fetch GET 200 https://registry.npmjs.org/@esbuild%2flinux-x64 79ms (cache miss)
776 silly packumentCache full:https://registry.npmjs.org/@esbuild%2flinux-x64 set size:undefined disposed:false
777 silly fetch manifest @esbuild/freebsd-x64@0.27.3
778 silly packumentCache full:https://registry.npmjs.org/@esbuild%2ffreebsd-x64 cache-miss
779 http fetch GET 200 https://registry.npmjs.org/@esbuild%2flinux-ia32 79ms (cache miss)
780 silly packumentCache full:https://registry.npmjs.org/@esbuild%2flinux-ia32 set size:undefined disposed:false
781 silly fetch manifest @esbuild/linux-arm64@0.27.3
782 silly packumentCache full:https://registry.npmjs.org/@esbuild%2flinux-arm64 cache-miss
783 http fetch GET 200 https://registry.npmjs.org/@esbuild%2fnetbsd-x64 72ms (cache miss)
784 silly packumentCache full:https://registry.npmjs.org/@esbuild%2fnetbsd-x64 set size:undefined disposed:false
785 silly fetch manifest @esbuild/linux-ppc64@0.27.3
786 silly packumentCache full:https://registry.npmjs.org/@esbuild%2flinux-ppc64 cache-miss
787 http fetch GET 200 https://registry.npmjs.org/@esbuild%2fdarwin-x64 91ms (cache miss)
788 silly packumentCache full:https://registry.npmjs.org/@esbuild%2fdarwin-x64 set size:undefined disposed:false
789 silly fetch manifest @esbuild/linux-s390x@0.27.3
790 silly packumentCache full:https://registry.npmjs.org/@esbuild%2flinux-s390x cache-miss
791 http fetch GET 200 https://registry.npmjs.org/@esbuild%2fwin32-ia32 74ms (cache miss)
792 silly packumentCache full:https://registry.npmjs.org/@esbuild%2fwin32-ia32 set size:undefined disposed:false
793 silly fetch manifest @esbuild/openbsd-x64@0.27.3
794 silly packumentCache full:https://registry.npmjs.org/@esbuild%2fopenbsd-x64 cache-miss
795 http fetch GET 200 https://registry.npmjs.org/@esbuild%2fandroid-x64 71ms (cache miss)
796 silly packumentCache full:https://registry.npmjs.org/@esbuild%2fandroid-x64 set size:undefined disposed:false
797 silly fetch manifest @esbuild/win32-arm64@0.27.3
798 silly packumentCache full:https://registry.npmjs.org/@esbuild%2fwin32-arm64 cache-miss
799 http fetch GET 200 https://registry.npmjs.org/@esbuild%2fandroid-arm 99ms (cache miss)
800 silly packumentCache full:https://registry.npmjs.org/@esbuild%2fandroid-arm set size:undefined disposed:false
801 silly fetch manifest @esbuild/darwin-arm64@0.27.3
802 silly packumentCache full:https://registry.npmjs.org/@esbuild%2fdarwin-arm64 cache-miss
803 http fetch GET 200 https://registry.npmjs.org/@esbuild%2ffreebsd-x64 97ms (cache miss)
804 silly packumentCache full:https://registry.npmjs.org/@esbuild%2ffreebsd-x64 set size:undefined disposed:false
805 silly fetch manifest @esbuild/netbsd-arm64@0.27.3
806 silly packumentCache full:https://registry.npmjs.org/@esbuild%2fnetbsd-arm64 cache-miss
807 http fetch GET 200 https://registry.npmjs.org/@esbuild%2flinux-s390x 68ms (cache miss)
808 silly packumentCache full:https://registry.npmjs.org/@esbuild%2flinux-s390x set size:undefined disposed:false
809 silly fetch manifest @esbuild/android-arm64@0.27.3
810 silly packumentCache full:https://registry.npmjs.org/@esbuild%2fandroid-arm64 cache-miss
811 http fetch GET 200 https://registry.npmjs.org/@esbuild%2fopenbsd-x64 59ms (cache miss)
812 silly packumentCache full:https://registry.npmjs.org/@esbuild%2fopenbsd-x64 set size:undefined disposed:false
813 silly fetch manifest @esbuild/freebsd-arm64@0.27.3
814 silly packumentCache full:https://registry.npmjs.org/@esbuild%2ffreebsd-arm64 cache-miss
815 http fetch GET 200 https://registry.npmjs.org/@esbuild%2flinux-arm64 98ms (cache miss)
816 silly packumentCache full:https://registry.npmjs.org/@esbuild%2flinux-arm64 set size:undefined disposed:false
817 silly fetch manifest @esbuild/linux-loong64@0.27.3
818 silly packumentCache full:https://registry.npmjs.org/@esbuild%2flinux-loong64 cache-miss
819 http fetch GET 200 https://registry.npmjs.org/@esbuild%2fwin32-arm64 81ms (cache miss)
820 silly packumentCache full:https://registry.npmjs.org/@esbuild%2fwin32-arm64 set size:undefined disposed:false
821 silly fetch manifest @esbuild/linux-riscv64@0.27.3
822 silly packumentCache full:https://registry.npmjs.org/@esbuild%2flinux-riscv64 cache-miss
823 http fetch GET 200 https://registry.npmjs.org/@esbuild%2flinux-ppc64 128ms (cache miss)
824 silly packumentCache full:https://registry.npmjs.org/@esbuild%2flinux-ppc64 set size:undefined disposed:false
825 silly fetch manifest @esbuild/openbsd-arm64@0.27.3
826 silly packumentCache full:https://registry.npmjs.org/@esbuild%2fopenbsd-arm64 cache-miss
827 http fetch GET 200 https://registry.npmjs.org/rollup 576ms (cache miss)
828 silly packumentCache full:https://registry.npmjs.org/rollup set size:undefined disposed:false
829 silly fetch manifest @esbuild/linux-mips64el@0.27.3
830 silly packumentCache full:https://registry.npmjs.org/@esbuild%2flinux-mips64el cache-miss
831 http fetch GET 200 https://registry.npmjs.org/@esbuild%2ffreebsd-arm64 90ms (cache miss)
832 silly packumentCache full:https://registry.npmjs.org/@esbuild%2ffreebsd-arm64 set size:undefined disposed:false
833 silly fetch manifest @esbuild/openharmony-arm64@0.27.3
834 silly packumentCache full:https://registry.npmjs.org/@esbuild%2fopenharmony-arm64 cache-miss
835 http fetch GET 200 https://registry.npmjs.org/postcss-safe-parser 478ms (cache miss)
836 silly packumentCache full:https://registry.npmjs.org/postcss-safe-parser set size:undefined disposed:false
837 silly fetch manifest debug@4
838 silly packumentCache full:https://registry.npmjs.org/debug cache-hit
839 silly fetch manifest agent-base@^7.1.2
840 silly packumentCache full:https://registry.npmjs.org/agent-base cache-miss
841 http fetch GET 200 https://registry.npmjs.org/@esbuild%2flinux-riscv64 70ms (cache miss)
842 silly packumentCache full:https://registry.npmjs.org/@esbuild%2flinux-riscv64 set size:undefined disposed:false
843 silly fetch manifest @babel/parser@^7.23.9
844 silly packumentCache full:https://registry.npmjs.org/@babel%2fparser cache-miss
845 http fetch GET 200 https://registry.npmjs.org/@esbuild%2fandroid-arm64 101ms (cache miss)
846 silly packumentCache full:https://registry.npmjs.org/@esbuild%2fandroid-arm64 set size:undefined disposed:false
847 silly fetch manifest @istanbuljs/schema@^0.1.3
848 silly packumentCache full:https://registry.npmjs.org/@istanbuljs%2fschema cache-miss
849 http fetch GET 200 https://registry.npmjs.org/@esbuild%2flinux-loong64 81ms (cache miss)
850 silly packumentCache full:https://registry.npmjs.org/@esbuild%2flinux-loong64 set size:undefined disposed:false
851 silly fetch manifest istanbul-lib-coverage@^3.2.0
852 silly packumentCache full:https://registry.npmjs.org/istanbul-lib-coverage cache-miss
853 http cache https://registry.npmjs.org/agent-base 6ms (cache hit)
854 silly packumentCache full:https://registry.npmjs.org/agent-base set size:69775 disposed:false
855 silly fetch manifest semver@^7.5.4
856 silly packumentCache full:https://registry.npmjs.org/semver cache-hit
857 silly fetch manifest rfdc@^1.4.1
858 silly packumentCache full:https://registry.npmjs.org/rfdc cache-miss
859 http cache https://registry.npmjs.org/@babel%2fparser 4ms (cache hit)
860 silly packumentCache full:https://registry.npmjs.org/@babel%2fparser set size:718758 disposed:false
861 silly fetch manifest colorette@^2.0.20
862 silly packumentCache full:https://registry.npmjs.org/colorette cache-miss
863 http fetch GET 200 https://registry.npmjs.org/@esbuild%2fnetbsd-arm64 140ms (cache miss)
864 silly packumentCache full:https://registry.npmjs.org/@esbuild%2fnetbsd-arm64 set size:undefined disposed:false
865 silly fetch manifest wrap-ansi@^9.0.0
866 silly packumentCache full:https://registry.npmjs.org/wrap-ansi cache-miss
867 http fetch GET 200 https://registry.npmjs.org/@esbuild%2fopenbsd-arm64 72ms (cache miss)
868 silly packumentCache full:https://registry.npmjs.org/@esbuild%2fopenbsd-arm64 set size:undefined disposed:false
869 silly fetch manifest log-update@^6.1.0
870 silly packumentCache full:https://registry.npmjs.org/log-update cache-miss
871 http fetch GET 200 https://registry.npmjs.org/@esbuild%2fdarwin-arm64 171ms (cache miss)
872 silly packumentCache full:https://registry.npmjs.org/@esbuild%2fdarwin-arm64 set size:undefined disposed:false
873 silly fetch manifest cli-truncate@^5.0.0
874 silly packumentCache full:https://registry.npmjs.org/cli-truncate cache-miss
875 http fetch GET 200 https://registry.npmjs.org/rfdc 48ms (cache revalidated)
876 silly packumentCache full:https://registry.npmjs.org/rfdc set size:45382 disposed:false
877 silly fetch manifest eventemitter3@^5.0.1
878 silly packumentCache full:https://registry.npmjs.org/eventemitter3 cache-miss
879 http fetch GET 200 https://registry.npmjs.org/istanbul-lib-coverage 48ms (cache miss)
880 silly packumentCache full:https://registry.npmjs.org/istanbul-lib-coverage set size:undefined disposed:false
881 silly fetch manifest msgpackr@^1.11.2
882 silly packumentCache full:https://registry.npmjs.org/msgpackr cache-miss
883 http fetch GET 200 https://registry.npmjs.org/log-update 32ms (cache revalidated)
884 silly packumentCache full:https://registry.npmjs.org/log-update set size:58473 disposed:false
885 silly fetch manifest node-addon-api@^6.1.0
886 silly packumentCache full:https://registry.npmjs.org/node-addon-api cache-miss
887 http fetch GET 200 https://registry.npmjs.org/@istanbuljs%2fschema 64ms (cache miss)
888 silly packumentCache full:https://registry.npmjs.org/@istanbuljs%2fschema set size:undefined disposed:false
889 silly fetch manifest ordered-binary@^1.5.3
890 silly packumentCache full:https://registry.npmjs.org/ordered-binary cache-miss
891 http fetch GET 200 https://registry.npmjs.org/colorette 61ms (cache revalidated)
892 silly packumentCache full:https://registry.npmjs.org/colorette set size:92733 disposed:false
893 silly fetch manifest weak-lru-cache@^1.2.2
894 silly packumentCache full:https://registry.npmjs.org/weak-lru-cache cache-miss
895 http fetch GET 200 https://registry.npmjs.org/@esbuild%2flinux-mips64el 77ms (cache miss)
896 silly packumentCache full:https://registry.npmjs.org/@esbuild%2flinux-mips64el set size:undefined disposed:false
897 silly fetch manifest @harperfast/extended-iterable@^1.0.3
898 silly packumentCache full:https://registry.npmjs.org/@harperfast%2fextended-iterable cache-miss
899 http fetch GET 200 https://registry.npmjs.org/@esbuild%2fopenharmony-arm64 75ms (cache miss)
900 silly packumentCache full:https://registry.npmjs.org/@esbuild%2fopenharmony-arm64 set size:undefined disposed:false
901 silly fetch manifest node-gyp-build-optional-packages@5.2.2
902 silly packumentCache full:https://registry.npmjs.org/node-gyp-build-optional-packages cache-miss
903 http fetch GET 200 https://registry.npmjs.org/eventemitter3 31ms (cache revalidated)
904 silly packumentCache full:https://registry.npmjs.org/eventemitter3 set size:92292 disposed:false
905 silly fetch manifest @lmdb/lmdb-linux-arm@3.5.1
906 silly packumentCache full:https://registry.npmjs.org/@lmdb%2flmdb-linux-arm cache-miss
907 http fetch GET 200 https://registry.npmjs.org/node-addon-api 45ms (cache miss)
908 silly packumentCache full:https://registry.npmjs.org/node-addon-api set size:undefined disposed:false
909 silly fetch manifest @lmdb/lmdb-linux-x64@3.5.1
910 silly packumentCache full:https://registry.npmjs.org/@lmdb%2flmdb-linux-x64 cache-miss
911 http fetch GET 200 https://registry.npmjs.org/node-gyp-build-optional-packages 39ms (cache miss)
912 silly packumentCache full:https://registry.npmjs.org/node-gyp-build-optional-packages set size:undefined disposed:false
913 silly fetch manifest @lmdb/lmdb-win32-x64@3.5.1
914 silly packumentCache full:https://registry.npmjs.org/@lmdb%2flmdb-win32-x64 cache-miss
915 http fetch GET 200 https://registry.npmjs.org/msgpackr 63ms (cache miss)
916 silly packumentCache full:https://registry.npmjs.org/msgpackr set size:undefined disposed:false
917 silly fetch manifest @lmdb/lmdb-darwin-x64@3.5.1
918 silly packumentCache full:https://registry.npmjs.org/@lmdb%2flmdb-darwin-x64 cache-miss
919 http fetch GET 200 https://registry.npmjs.org/weak-lru-cache 50ms (cache miss)
920 silly packumentCache full:https://registry.npmjs.org/weak-lru-cache set size:undefined disposed:false
921 silly fetch manifest @lmdb/lmdb-linux-arm64@3.5.1
922 silly packumentCache full:https://registry.npmjs.org/@lmdb%2flmdb-linux-arm64 cache-miss
923 http fetch GET 200 https://registry.npmjs.org/cli-truncate 92ms (cache revalidated)
924 silly packumentCache full:https://registry.npmjs.org/cli-truncate set size:33290 disposed:false
925 silly fetch manifest @lmdb/lmdb-win32-arm64@3.5.1
926 silly packumentCache full:https://registry.npmjs.org/@lmdb%2flmdb-win32-arm64 cache-miss
927 http fetch GET 200 https://registry.npmjs.org/ordered-binary 78ms (cache miss)
928 silly packumentCache full:https://registry.npmjs.org/ordered-binary set size:undefined disposed:false
929 silly fetch manifest @lmdb/lmdb-darwin-arm64@3.5.1
930 silly packumentCache full:https://registry.npmjs.org/@lmdb%2flmdb-darwin-arm64 cache-miss
931 http fetch GET 200 https://registry.npmjs.org/wrap-ansi 159ms (cache revalidated)
932 silly packumentCache full:https://registry.npmjs.org/wrap-ansi set size:55299 disposed:false
933 silly fetch manifest @jridgewell/sourcemap-codec@^1.5.5
934 silly packumentCache full:https://registry.npmjs.org/@jridgewell%2fsourcemap-codec cache-hit
935 silly fetch manifest entities@^6.0.0
936 silly packumentCache full:https://registry.npmjs.org/entities cache-miss
937 http fetch GET 200 https://registry.npmjs.org/entities 60ms (cache revalidated)
938 silly packumentCache full:https://registry.npmjs.org/entities set size:101550 disposed:false
939 silly fetch manifest parse5-sax-parser@^8.0.0
940 silly packumentCache full:https://registry.npmjs.org/parse5-sax-parser cache-miss
941 http fetch GET 200 https://registry.npmjs.org/@lmdb%2flmdb-linux-arm 179ms (cache miss)
942 silly packumentCache full:https://registry.npmjs.org/@lmdb%2flmdb-linux-arm set size:undefined disposed:false
943 silly fetch manifest @napi-rs/nice@^1.0.4
944 silly packumentCache full:https://registry.npmjs.org/@napi-rs%2fnice cache-miss
945 http fetch GET 200 https://registry.npmjs.org/@lmdb%2flmdb-win32-x64 164ms (cache miss)
946 silly packumentCache full:https://registry.npmjs.org/@lmdb%2flmdb-win32-x64 set size:undefined disposed:false
947 silly fetch manifest @oxc-project/types@=0.113.0
948 silly packumentCache full:https://registry.npmjs.org/@oxc-project%2ftypes cache-miss
949 http fetch GET 200 https://registry.npmjs.org/parse5-sax-parser 63ms (cache revalidated)
950 silly packumentCache full:https://registry.npmjs.org/parse5-sax-parser set size:18860 disposed:false
951 silly fetch manifest @rolldown/pluginutils@1.0.0-rc.4
952 silly packumentCache full:https://registry.npmjs.org/@rolldown%2fpluginutils cache-miss
953 http fetch GET 200 https://registry.npmjs.org/@lmdb%2flmdb-linux-x64 194ms (cache miss)
954 silly packumentCache full:https://registry.npmjs.org/@lmdb%2flmdb-linux-x64 set size:undefined disposed:false
955 silly fetch manifest @rolldown/binding-darwin-x64@1.0.0-rc.4
956 silly packumentCache full:https://registry.npmjs.org/@rolldown%2fbinding-darwin-x64 cache-miss
957 http fetch GET 200 https://registry.npmjs.org/@oxc-project%2ftypes 53ms (cache miss)
958 silly packumentCache full:https://registry.npmjs.org/@oxc-project%2ftypes set size:undefined disposed:false
959 silly fetch manifest @rolldown/binding-freebsd-x64@1.0.0-rc.4
960 silly packumentCache full:https://registry.npmjs.org/@rolldown%2fbinding-freebsd-x64 cache-miss
961 http fetch GET 200 https://registry.npmjs.org/@lmdb%2flmdb-darwin-x64 247ms (cache miss)
962 silly packumentCache full:https://registry.npmjs.org/@lmdb%2flmdb-darwin-x64 set size:undefined disposed:false
963 silly fetch manifest @rolldown/binding-wasm32-wasi@1.0.0-rc.4
964 silly packumentCache full:https://registry.npmjs.org/@rolldown%2fbinding-wasm32-wasi cache-miss
965 http fetch GET 200 https://registry.npmjs.org/@rolldown%2fpluginutils 65ms (cache miss)
966 silly packumentCache full:https://registry.npmjs.org/@rolldown%2fpluginutils set size:undefined disposed:false
967 silly fetch manifest @rolldown/binding-darwin-arm64@1.0.0-rc.4
968 silly packumentCache full:https://registry.npmjs.org/@rolldown%2fbinding-darwin-arm64 cache-miss
969 http fetch GET 200 https://registry.npmjs.org/@lmdb%2flmdb-linux-arm64 316ms (cache miss)
970 silly packumentCache full:https://registry.npmjs.org/@lmdb%2flmdb-linux-arm64 set size:undefined disposed:false
971 silly fetch manifest @rolldown/binding-android-arm64@1.0.0-rc.4
972 silly packumentCache full:https://registry.npmjs.org/@rolldown%2fbinding-android-arm64 cache-miss
973 http fetch GET 200 https://registry.npmjs.org/@lmdb%2flmdb-win32-arm64 311ms (cache miss)
974 silly packumentCache full:https://registry.npmjs.org/@lmdb%2flmdb-win32-arm64 set size:undefined disposed:false
975 silly fetch manifest @rolldown/binding-linux-x64-gnu@1.0.0-rc.4
976 silly packumentCache full:https://registry.npmjs.org/@rolldown%2fbinding-linux-x64-gnu cache-miss
977 http fetch GET 200 https://registry.npmjs.org/@lmdb%2flmdb-darwin-arm64 309ms (cache miss)
978 silly packumentCache full:https://registry.npmjs.org/@lmdb%2flmdb-darwin-arm64 set size:undefined disposed:false
979 silly fetch manifest @rolldown/binding-linux-x64-musl@1.0.0-rc.4
980 silly packumentCache full:https://registry.npmjs.org/@rolldown%2fbinding-linux-x64-musl cache-miss
981 http fetch GET 200 https://registry.npmjs.org/@rolldown%2fbinding-darwin-x64 171ms (cache miss)
982 silly packumentCache full:https://registry.npmjs.org/@rolldown%2fbinding-darwin-x64 set size:undefined disposed:false
983 silly fetch manifest @rolldown/binding-win32-x64-msvc@1.0.0-rc.4
984 silly packumentCache full:https://registry.npmjs.org/@rolldown%2fbinding-win32-x64-msvc cache-miss
985 http fetch GET 200 https://registry.npmjs.org/@rolldown%2fbinding-linux-x64-musl 98ms (cache miss)
986 silly packumentCache full:https://registry.npmjs.org/@rolldown%2fbinding-linux-x64-musl set size:undefined disposed:false
987 silly fetch manifest @rolldown/binding-linux-arm64-gnu@1.0.0-rc.4
988 silly packumentCache full:https://registry.npmjs.org/@rolldown%2fbinding-linux-arm64-gnu cache-miss
989 http fetch GET 200 https://registry.npmjs.org/@rolldown%2fbinding-linux-x64-gnu 116ms (cache miss)
990 silly packumentCache full:https://registry.npmjs.org/@rolldown%2fbinding-linux-x64-gnu set size:undefined disposed:false
991 silly fetch manifest @rolldown/binding-linux-arm64-musl@1.0.0-rc.4
992 silly packumentCache full:https://registry.npmjs.org/@rolldown%2fbinding-linux-arm64-musl cache-miss
993 http fetch GET 200 https://registry.npmjs.org/@rolldown%2fbinding-android-arm64 134ms (cache miss)
994 silly packumentCache full:https://registry.npmjs.org/@rolldown%2fbinding-android-arm64 set size:undefined disposed:false
995 silly fetch manifest @rolldown/binding-win32-arm64-msvc@1.0.0-rc.4
996 silly packumentCache full:https://registry.npmjs.org/@rolldown%2fbinding-win32-arm64-msvc cache-miss
997 http fetch GET 200 https://registry.npmjs.org/@rolldown%2fbinding-freebsd-x64 244ms (cache miss)
998 silly packumentCache full:https://registry.npmjs.org/@rolldown%2fbinding-freebsd-x64 set size:undefined disposed:false
999 silly fetch manifest @rolldown/binding-openharmony-arm64@1.0.0-rc.4
1000 silly packumentCache full:https://registry.npmjs.org/@rolldown%2fbinding-openharmony-arm64 cache-miss
1001 http fetch GET 200 https://registry.npmjs.org/@rolldown%2fbinding-win32-x64-msvc 104ms (cache miss)
1002 silly packumentCache full:https://registry.npmjs.org/@rolldown%2fbinding-win32-x64-msvc set size:undefined disposed:false
1003 silly fetch manifest @rolldown/binding-linux-arm-gnueabihf@1.0.0-rc.4
1004 silly packumentCache full:https://registry.npmjs.org/@rolldown%2fbinding-linux-arm-gnueabihf cache-miss
1005 http fetch GET 200 https://registry.npmjs.org/@napi-rs%2fnice 331ms (cache miss)
1006 silly packumentCache full:https://registry.npmjs.org/@napi-rs%2fnice set size:undefined disposed:false
1007 silly fetch manifest chokidar@^4.0.0
1008 silly packumentCache full:https://registry.npmjs.org/chokidar cache-hit
1009 silly fetch manifest immutable@^5.0.2
1010 silly packumentCache full:https://registry.npmjs.org/immutable cache-miss
1011 http fetch GET 200 https://registry.npmjs.org/@rolldown%2fbinding-darwin-arm64 239ms (cache miss)
1012 silly packumentCache full:https://registry.npmjs.org/@rolldown%2fbinding-darwin-arm64 set size:undefined disposed:false
1013 silly fetch manifest source-map-js@>=0.6.2 <2.0.0
1014 silly packumentCache full:https://registry.npmjs.org/source-map-js cache-miss
1015 http fetch GET 200 https://registry.npmjs.org/immutable 35ms (cache miss)
1016 silly packumentCache full:https://registry.npmjs.org/immutable set size:undefined disposed:false
1017 silly fetch manifest @parcel/watcher@^2.4.1
1018 silly packumentCache full:https://registry.npmjs.org/@parcel%2fwatcher cache-miss
1019 http fetch GET 200 https://registry.npmjs.org/@rolldown%2fbinding-openharmony-arm64 76ms (cache miss)
1020 silly packumentCache full:https://registry.npmjs.org/@rolldown%2fbinding-openharmony-arm64 set size:undefined disposed:false
1021 silly fetch manifest buffer-from@^1.0.0
1022 silly packumentCache full:https://registry.npmjs.org/buffer-from cache-miss
1023 http fetch GET 200 https://registry.npmjs.org/@rolldown%2fbinding-wasm32-wasi 303ms (cache miss)
1024 silly packumentCache full:https://registry.npmjs.org/@rolldown%2fbinding-wasm32-wasi set size:undefined disposed:false
1025 silly fetch manifest source-map@^0.6.0
1026 silly packumentCache full:https://registry.npmjs.org/source-map cache-miss
1027 http fetch GET 200 https://registry.npmjs.org/source-map-js 60ms (cache miss)
1028 silly packumentCache full:https://registry.npmjs.org/source-map-js set size:undefined disposed:false
1029 silly fetch manifest graceful-fs@^4.1.2
1030 silly packumentCache full:https://registry.npmjs.org/graceful-fs cache-miss
1031 http cache https://registry.npmjs.org/graceful-fs 2ms (cache hit)
1032 silly packumentCache full:https://registry.npmjs.org/graceful-fs set size:124285 disposed:false
1033 silly fetch manifest glob-to-regexp@^0.4.1
1034 silly packumentCache full:https://registry.npmjs.org/glob-to-regexp cache-miss
1035 http fetch GET 200 https://registry.npmjs.org/@rolldown%2fbinding-win32-arm64-msvc 109ms (cache miss)
1036 silly packumentCache full:https://registry.npmjs.org/@rolldown%2fbinding-win32-arm64-msvc set size:undefined disposed:false
1037 http fetch GET 200 https://registry.npmjs.org/@rolldown%2fbinding-linux-arm-gnueabihf 109ms (cache miss)
1038 silly packumentCache full:https://registry.npmjs.org/@rolldown%2fbinding-linux-arm-gnueabihf set size:undefined disposed:false
1039 http fetch GET 200 https://registry.npmjs.org/buffer-from 49ms (cache miss)
1040 silly packumentCache full:https://registry.npmjs.org/buffer-from set size:undefined disposed:false
1041 http fetch GET 200 https://registry.npmjs.org/source-map 67ms (cache revalidated)
1042 silly packumentCache full:https://registry.npmjs.org/source-map set size:226141 disposed:false
1043 http fetch GET 200 https://registry.npmjs.org/glob-to-regexp 72ms (cache miss)
1044 silly packumentCache full:https://registry.npmjs.org/glob-to-regexp set size:undefined disposed:false
1045 http fetch GET 200 https://registry.npmjs.org/@rolldown%2fbinding-linux-arm64-gnu 205ms (cache miss)
1046 silly packumentCache full:https://registry.npmjs.org/@rolldown%2fbinding-linux-arm64-gnu set size:undefined disposed:false
1047 http fetch GET 200 https://registry.npmjs.org/@harperfast%2fextended-iterable 735ms (cache miss)
1048 silly packumentCache full:https://registry.npmjs.org/@harperfast%2fextended-iterable set size:undefined disposed:false
1049 http fetch GET 200 https://registry.npmjs.org/@parcel%2fwatcher 185ms (cache miss)
1050 silly packumentCache full:https://registry.npmjs.org/@parcel%2fwatcher set size:undefined disposed:false
1051 http fetch GET 200 https://registry.npmjs.org/@rolldown%2fbinding-linux-arm64-musl 506ms (cache miss)
1052 silly packumentCache full:https://registry.npmjs.org/@rolldown%2fbinding-linux-arm64-musl set size:undefined disposed:false
1053 silly placeDep ROOT @jridgewell/gen-mapping@0.3.13 OK for: @ampproject/remapping@2.3.0 want: ^0.3.5
1054 silly placeDep ROOT @jridgewell/trace-mapping@0.3.31 OK for: @ampproject/remapping@2.3.0 want: ^0.3.24
1055 silly fetch manifest @jridgewell/sourcemap-codec@^1.5.0
1056 silly packumentCache full:https://registry.npmjs.org/@jridgewell%2fsourcemap-codec cache-hit
1057 silly fetch manifest @jridgewell/resolve-uri@^3.1.0
1058 silly packumentCache full:https://registry.npmjs.org/@jridgewell%2fresolve-uri cache-miss
1059 http fetch GET 200 https://registry.npmjs.org/@jridgewell%2fresolve-uri 80ms (cache miss)
1060 silly packumentCache full:https://registry.npmjs.org/@jridgewell%2fresolve-uri set size:undefined disposed:false
1061 silly placeDep ROOT @angular-devkit/core@21.2.3 OK for: @angular-devkit/architect@0.2102.3 want: 21.2.3
1062 silly fetch manifest ajv@8.18.0
1063 silly packumentCache full:https://registry.npmjs.org/ajv cache-miss
1064 silly fetch manifest source-map@0.7.6
1065 silly packumentCache full:https://registry.npmjs.org/source-map cache-hit
1066 silly fetch manifest ajv-formats@3.0.1
1067 silly packumentCache full:https://registry.npmjs.org/ajv-formats cache-miss
1068 http fetch GET 200 https://registry.npmjs.org/ajv-formats 37ms (cache revalidated)
1069 silly packumentCache full:https://registry.npmjs.org/ajv-formats set size:141264 disposed:false
1070 http fetch GET 200 https://registry.npmjs.org/ajv 41ms (cache revalidated)
1071 silly packumentCache full:https://registry.npmjs.org/ajv set size:1120197 disposed:false
1072 silly placeDep ROOT ajv@8.18.0 OK for: @angular-devkit/core@21.2.3 want: 8.18.0
1073 silly placeDep ROOT ajv-formats@3.0.1 OK for: @angular-devkit/core@21.2.3 want: 3.0.1
1074 silly placeDep ROOT source-map@0.7.6 OK for: @angular-devkit/core@21.2.3 want: 0.7.6
1075 silly fetch manifest fast-uri@^3.0.1
1076 silly packumentCache full:https://registry.npmjs.org/fast-uri cache-miss
1077 silly fetch manifest fast-deep-equal@^3.1.3
1078 silly packumentCache full:https://registry.npmjs.org/fast-deep-equal cache-miss
1079 silly fetch manifest require-from-string@^2.0.2
1080 silly packumentCache full:https://registry.npmjs.org/require-from-string cache-miss
1081 silly fetch manifest json-schema-traverse@^1.0.0
1082 silly packumentCache full:https://registry.npmjs.org/json-schema-traverse cache-miss
1083 http fetch GET 200 https://registry.npmjs.org/fast-deep-equal 44ms (cache revalidated)
1084 silly packumentCache full:https://registry.npmjs.org/fast-deep-equal set size:48634 disposed:false
1085 http fetch GET 200 https://registry.npmjs.org/json-schema-traverse 49ms (cache revalidated)
1086 silly packumentCache full:https://registry.npmjs.org/json-schema-traverse set size:23537 disposed:false
1087 http fetch GET 200 https://registry.npmjs.org/require-from-string 50ms (cache revalidated)
1088 silly packumentCache full:https://registry.npmjs.org/require-from-string set size:15128 disposed:false
1089 http fetch GET 200 https://registry.npmjs.org/fast-uri 106ms (cache revalidated)
1090 silly packumentCache full:https://registry.npmjs.org/fast-uri set size:61472 disposed:false
1091 silly fetch manifest @cfworker/json-schema@^4.1.1
1092 silly packumentCache full:https://registry.npmjs.org/@cfworker%2fjson-schema cache-miss
1093 http fetch GET 200 https://registry.npmjs.org/@cfworker%2fjson-schema 62ms (cache revalidated)
1094 silly packumentCache full:https://registry.npmjs.org/@cfworker%2fjson-schema set size:144207 disposed:false
1095 silly placeDep ROOT @angular-devkit/schematics@21.2.3 OK for: @angular/cli@21.2.3 want: 21.2.3
1096 silly placeDep ROOT @inquirer/prompts@7.10.1 OK for: @angular/cli@21.2.3 want: 7.10.1
1097 silly placeDep ROOT @listr2/prompt-adapter-inquirer@3.0.5 OK for: @angular/cli@21.2.3 want: 3.0.5
1098 silly placeDep ROOT @modelcontextprotocol/sdk@1.26.0 OK for: @angular/cli@21.2.3 want: 1.26.0
1099 silly placeDep ROOT @schematics/angular@21.2.3 OK for: @angular/cli@21.2.3 want: 21.2.3
1100 silly placeDep ROOT @yarnpkg/lockfile@1.1.0 OK for: @angular/cli@21.2.3 want: 1.1.0
1101 silly placeDep ROOT algoliasearch@5.48.1 OK for: @angular/cli@21.2.3 want: 5.48.1
1102 silly placeDep ROOT ini@6.0.0 OK for: @angular/cli@21.2.3 want: 6.0.0
1103 silly placeDep ROOT npm-package-arg@13.0.2 OK for: @angular/cli@21.2.3 want: 13.0.2
1104 silly placeDep ROOT pacote@21.3.1 OK for: @angular/cli@21.2.3 want: 21.3.1
1105 silly placeDep ROOT yargs@18.0.0 OK for: @angular/cli@21.2.3 want: 18.0.0
1106 silly placeDep ROOT zod@4.3.6 OK for: @angular/cli@21.2.3 want: 4.3.6
1107 silly fetch manifest ora@9.3.0
1108 silly packumentCache full:https://registry.npmjs.org/ora cache-miss
1109 silly fetch manifest @inquirer/input@^4.3.1
1110 silly packumentCache full:https://registry.npmjs.org/@inquirer%2finput cache-miss
1111 silly fetch manifest @inquirer/editor@^4.2.23
1112 silly packumentCache full:https://registry.npmjs.org/@inquirer%2feditor cache-miss
1113 silly fetch manifest @inquirer/expand@^4.0.23
1114 silly packumentCache full:https://registry.npmjs.org/@inquirer%2fexpand cache-miss
1115 silly fetch manifest @inquirer/number@^3.0.23
1116 silly packumentCache full:https://registry.npmjs.org/@inquirer%2fnumber cache-miss
1117 silly fetch manifest @inquirer/search@^3.2.2
1118 silly packumentCache full:https://registry.npmjs.org/@inquirer%2fsearch cache-miss
1119 silly fetch manifest @inquirer/select@^4.4.2
1120 silly packumentCache full:https://registry.npmjs.org/@inquirer%2fselect cache-miss
1121 silly fetch manifest @inquirer/rawlist@^4.1.11
1122 silly packumentCache full:https://registry.npmjs.org/@inquirer%2frawlist cache-miss
1123 silly fetch manifest @inquirer/checkbox@^4.3.2
1124 silly packumentCache full:https://registry.npmjs.org/@inquirer%2fcheckbox cache-miss
1125 http fetch GET 200 https://registry.npmjs.org/@inquirer%2fselect 60ms (cache revalidated)
1126 silly packumentCache full:https://registry.npmjs.org/@inquirer%2fselect set size:322534 disposed:false
1127 silly fetch manifest @inquirer/password@^4.0.23
1128 silly packumentCache full:https://registry.npmjs.org/@inquirer%2fpassword cache-miss
1129 http fetch GET 200 https://registry.npmjs.org/@inquirer%2fcheckbox 67ms (cache revalidated)
1130 silly packumentCache full:https://registry.npmjs.org/@inquirer%2fcheckbox set size:333729 disposed:false
1131 silly fetch manifest @inquirer/type@^3.0.8
1132 silly packumentCache full:https://registry.npmjs.org/@inquirer%2ftype cache-hit
1133 silly fetch manifest zod@^3.25 || ^4.0
1134 silly packumentCache full:https://registry.npmjs.org/zod cache-miss
1135 http fetch GET 200 https://registry.npmjs.org/ora 71ms (cache revalidated)
1136 silly packumentCache full:https://registry.npmjs.org/ora set size:142374 disposed:false
1137 silly fetch manifest cors@^2.8.5
1138 silly packumentCache full:https://registry.npmjs.org/cors cache-miss
1139 http fetch GET 200 https://registry.npmjs.org/@inquirer%2frawlist 72ms (cache revalidated)
1140 silly packumentCache full:https://registry.npmjs.org/@inquirer%2frawlist set size:276408 disposed:false
1141 silly fetch manifest hono@^4.11.4
1142 silly packumentCache full:https://registry.npmjs.org/hono cache-miss
1143 http fetch GET 200 https://registry.npmjs.org/@inquirer%2fexpand 75ms (cache revalidated)
1144 silly packumentCache full:https://registry.npmjs.org/@inquirer%2fexpand set size:307431 disposed:false
1145 silly fetch manifest jose@^6.1.3
1146 silly packumentCache full:https://registry.npmjs.org/jose cache-miss
1147 http fetch GET 200 https://registry.npmjs.org/@inquirer%2fsearch 76ms (cache revalidated)
1148 silly packumentCache full:https://registry.npmjs.org/@inquirer%2fsearch set size:130610 disposed:false
1149 silly fetch manifest express@^5.2.1
1150 silly packumentCache full:https://registry.npmjs.org/express cache-miss
1151 http fetch GET 200 https://registry.npmjs.org/hono 40ms (cache revalidated)
1152 silly packumentCache full:https://registry.npmjs.org/hono set size:5505762 disposed:false
1153 silly fetch manifest raw-body@^3.0.0
1154 silly packumentCache full:https://registry.npmjs.org/raw-body cache-miss
1155 http fetch GET 200 https://registry.npmjs.org/cors 62ms (cache revalidated)
1156 silly packumentCache full:https://registry.npmjs.org/cors set size:77956 disposed:false
1157 silly fetch manifest cross-spawn@^7.0.5
1158 silly packumentCache full:https://registry.npmjs.org/cross-spawn cache-miss
1159 http fetch GET 200 https://registry.npmjs.org/@inquirer%2feditor 136ms (cache revalidated)
1160 silly packumentCache full:https://registry.npmjs.org/@inquirer%2feditor set size:307978 disposed:false
1161 silly fetch manifest eventsource@^3.0.2
1162 silly packumentCache full:https://registry.npmjs.org/eventsource cache-miss
1163 http fetch GET 200 https://registry.npmjs.org/@inquirer%2fpassword 74ms (cache revalidated)
1164 silly packumentCache full:https://registry.npmjs.org/@inquirer%2fpassword set size:306478 disposed:false
1165 silly fetch manifest content-type@^1.0.5
1166 silly packumentCache full:https://registry.npmjs.org/content-type cache-miss
1167 http fetch GET 200 https://registry.npmjs.org/jose 65ms (cache revalidated)
1168 silly packumentCache full:https://registry.npmjs.org/jose set size:1407632 disposed:false
1169 silly fetch manifest pkce-challenge@^5.0.0
1170 silly packumentCache full:https://registry.npmjs.org/pkce-challenge cache-miss
1171 http fetch GET 200 https://registry.npmjs.org/express 69ms (cache revalidated)
1172 silly packumentCache full:https://registry.npmjs.org/express set size:801261 disposed:false
1173 silly fetch manifest @hono/node-server@^1.19.9
1174 silly packumentCache full:https://registry.npmjs.org/@hono%2fnode-server cache-miss
1175 http fetch GET 200 https://registry.npmjs.org/zod 84ms (cache revalidated)
1176 silly packumentCache full:https://registry.npmjs.org/zod set size:3489329 disposed:false
1177 silly fetch manifest json-schema-typed@^8.0.2
1178 silly packumentCache full:https://registry.npmjs.org/json-schema-typed cache-miss
1179 http fetch GET 200 https://registry.npmjs.org/@inquirer%2finput 164ms (cache revalidated)
1180 silly packumentCache full:https://registry.npmjs.org/@inquirer%2finput set size:304771 disposed:false
1181 silly fetch manifest eventsource-parser@^3.0.0
1182 silly packumentCache full:https://registry.npmjs.org/eventsource-parser cache-miss
1183 http fetch GET 200 https://registry.npmjs.org/raw-body 62ms (cache revalidated)
1184 silly packumentCache full:https://registry.npmjs.org/raw-body set size:117822 disposed:false
1185 silly fetch manifest express-rate-limit@^8.2.1
1186 silly packumentCache full:https://registry.npmjs.org/express-rate-limit cache-miss
1187 http fetch GET 200 https://registry.npmjs.org/pkce-challenge 51ms (cache revalidated)
1188 silly packumentCache full:https://registry.npmjs.org/pkce-challenge set size:37734 disposed:false
1189 silly fetch manifest zod-to-json-schema@^3.25.1
1190 silly packumentCache full:https://registry.npmjs.org/zod-to-json-schema cache-miss
1191 http fetch GET 200 https://registry.npmjs.org/eventsource 77ms (cache revalidated)
1192 silly packumentCache full:https://registry.npmjs.org/eventsource set size:128214 disposed:false
1193 silly fetch manifest @algolia/abtesting@1.14.1
1194 silly packumentCache full:https://registry.npmjs.org/@algolia%2fabtesting cache-miss
1195 http fetch GET 200 https://registry.npmjs.org/@hono%2fnode-server 74ms (cache revalidated)
1196 silly packumentCache full:https://registry.npmjs.org/@hono%2fnode-server set size:219966 disposed:false
1197 silly fetch manifest @algolia/ingestion@1.48.1
1198 silly packumentCache full:https://registry.npmjs.org/@algolia%2fingestion cache-miss
1199 http fetch GET 200 https://registry.npmjs.org/eventsource-parser 62ms (cache revalidated)
1200 silly packumentCache full:https://registry.npmjs.org/eventsource-parser set size:66053 disposed:false
1201 silly fetch manifest @algolia/recommend@5.48.1
1202 silly packumentCache full:https://registry.npmjs.org/@algolia%2frecommend cache-miss
1203 http fetch GET 200 https://registry.npmjs.org/express-rate-limit 41ms (cache revalidated)
1204 silly packumentCache full:https://registry.npmjs.org/express-rate-limit set size:419184 disposed:false
1205 silly fetch manifest @algolia/monitoring@1.48.1
1206 silly packumentCache full:https://registry.npmjs.org/@algolia%2fmonitoring cache-miss
1207 http fetch GET 200 https://registry.npmjs.org/@inquirer%2fnumber 238ms (cache revalidated)
1208 silly packumentCache full:https://registry.npmjs.org/@inquirer%2fnumber set size:130352 disposed:false
1209 silly fetch manifest @algolia/client-common@5.48.1
1210 silly packumentCache full:https://registry.npmjs.org/@algolia%2fclient-common cache-miss
1211 http fetch GET 200 https://registry.npmjs.org/zod-to-json-schema 46ms (cache revalidated)
1212 silly packumentCache full:https://registry.npmjs.org/zod-to-json-schema set size:301404 disposed:false
1213 silly fetch manifest @algolia/client-search@5.48.1
1214 silly packumentCache full:https://registry.npmjs.org/@algolia%2fclient-search cache-miss
1215 http fetch GET 200 https://registry.npmjs.org/json-schema-typed 114ms (cache revalidated)
1216 silly packumentCache full:https://registry.npmjs.org/json-schema-typed set size:26165 disposed:false
1217 silly fetch manifest @algolia/client-insights@5.48.1
1218 silly packumentCache full:https://registry.npmjs.org/@algolia%2fclient-insights cache-miss
1219 http fetch GET 200 https://registry.npmjs.org/@algolia%2fmonitoring 66ms (cache revalidated)
1220 silly packumentCache full:https://registry.npmjs.org/@algolia%2fmonitoring set size:1086295 disposed:false
1221 silly fetch manifest @algolia/requester-fetch@5.48.1
1222 silly packumentCache full:https://registry.npmjs.org/@algolia%2frequester-fetch cache-miss
1223 http fetch GET 200 https://registry.npmjs.org/@algolia%2fclient-search 76ms (cache revalidated)
1224 silly packumentCache full:https://registry.npmjs.org/@algolia%2fclient-search set size:944075 disposed:false
1225 silly fetch manifest @algolia/client-abtesting@5.48.1
1226 silly packumentCache full:https://registry.npmjs.org/@algolia%2fclient-abtesting cache-miss
1227 http fetch GET 200 https://registry.npmjs.org/@algolia%2fabtesting 106ms (cache revalidated)
1228 silly packumentCache full:https://registry.npmjs.org/@algolia%2fabtesting set size:252530 disposed:false
1229 silly fetch manifest @algolia/client-analytics@5.48.1
1230 silly packumentCache full:https://registry.npmjs.org/@algolia%2fclient-analytics cache-miss
1231 http fetch GET 200 https://registry.npmjs.org/@algolia%2fingestion 102ms (cache revalidated)
1232 silly packumentCache full:https://registry.npmjs.org/@algolia%2fingestion set size:1415739 disposed:false
1233 silly fetch manifest @algolia/requester-node-http@5.48.1
1234 silly packumentCache full:https://registry.npmjs.org/@algolia%2frequester-node-http cache-miss
1235 http fetch GET 200 https://registry.npmjs.org/content-type 211ms (cache revalidated)
1236 silly packumentCache full:https://registry.npmjs.org/content-type set size:17311 disposed:false
1237 silly fetch manifest @algolia/requester-browser-xhr@5.48.1
1238 silly packumentCache full:https://registry.npmjs.org/@algolia%2frequester-browser-xhr cache-miss
1239 http fetch GET 200 https://registry.npmjs.org/cross-spawn 220ms (cache revalidated)
1240 silly packumentCache full:https://registry.npmjs.org/cross-spawn set size:109066 disposed:false
1241 silly fetch manifest @algolia/client-personalization@5.48.1
1242 silly packumentCache full:https://registry.npmjs.org/@algolia%2fclient-personalization cache-miss
1243 http fetch GET 200 https://registry.npmjs.org/@algolia%2frequester-fetch 53ms (cache revalidated)
1244 silly packumentCache full:https://registry.npmjs.org/@algolia%2frequester-fetch set size:1731117 disposed:false
1245 silly fetch manifest @algolia/client-query-suggestions@5.48.1
1246 silly packumentCache full:https://registry.npmjs.org/@algolia%2fclient-query-suggestions cache-miss
1247 http fetch GET 200 https://registry.npmjs.org/@algolia%2frecommend 150ms (cache revalidated)
1248 silly packumentCache full:https://registry.npmjs.org/@algolia%2frecommend set size:724919 disposed:false
1249 silly fetch manifest hosted-git-info@^9.0.0
1250 silly packumentCache full:https://registry.npmjs.org/hosted-git-info cache-miss
1251 http fetch GET 200 https://registry.npmjs.org/@algolia%2fclient-analytics 59ms (cache revalidated)
1252 silly packumentCache full:https://registry.npmjs.org/@algolia%2fclient-analytics set size:950708 disposed:false
1253 silly fetch manifest proc-log@^6.0.0
1254 silly packumentCache full:https://registry.npmjs.org/proc-log cache-miss
1255 http fetch GET 200 https://registry.npmjs.org/@algolia%2fclient-abtesting 77ms (cache revalidated)
1256 silly packumentCache full:https://registry.npmjs.org/@algolia%2fclient-abtesting set size:1617492 disposed:false
1257 silly fetch manifest validate-npm-package-name@^7.0.0
1258 silly packumentCache full:https://registry.npmjs.org/validate-npm-package-name cache-miss
1259 http fetch GET 200 https://registry.npmjs.org/@algolia%2fclient-common 169ms (cache revalidated)
1260 silly packumentCache full:https://registry.npmjs.org/@algolia%2fclient-common set size:834708 disposed:false
1261 silly fetch manifest tar@^7.4.3
1262 silly packumentCache full:https://registry.npmjs.org/tar cache-miss
1263 http fetch GET 200 https://registry.npmjs.org/proc-log 49ms (cache revalidated)
1264 silly packumentCache full:https://registry.npmjs.org/proc-log set size:33588 disposed:false
1265 silly fetch manifest ssri@^13.0.0
1266 silly packumentCache full:https://registry.npmjs.org/ssri cache-miss
1267 http fetch GET 200 https://registry.npmjs.org/@algolia%2fclient-query-suggestions 72ms (cache revalidated)
1268 silly packumentCache full:https://registry.npmjs.org/@algolia%2fclient-query-suggestions set size:1639418 disposed:false
1269 silly fetch manifest cacache@^20.0.0
1270 silly packumentCache full:https://registry.npmjs.org/cacache cache-miss
1271 http fetch GET 200 https://registry.npmjs.org/validate-npm-package-name 39ms (cache revalidated)
1272 silly packumentCache full:https://registry.npmjs.org/validate-npm-package-name set size:48201 disposed:false
1273 silly fetch manifest minipass@^7.0.2
1274 silly packumentCache full:https://registry.npmjs.org/minipass cache-miss
1275 http fetch GET 200 https://registry.npmjs.org/hosted-git-info 62ms (cache revalidated)
1276 silly packumentCache full:https://registry.npmjs.org/hosted-git-info set size:178912 disposed:false
1277 silly fetch manifest sigstore@^4.0.0
1278 silly packumentCache full:https://registry.npmjs.org/sigstore cache-miss
1279 http fetch GET 200 https://registry.npmjs.org/@algolia%2frequester-node-http 119ms (cache revalidated)
1280 silly packumentCache full:https://registry.npmjs.org/@algolia%2frequester-node-http set size:861930 disposed:false
1281 silly fetch manifest @npmcli/git@^7.0.0
1282 silly packumentCache full:https://registry.npmjs.org/@npmcli%2fgit cache-miss
1283 http fetch GET 200 https://registry.npmjs.org/@algolia%2fclient-personalization 102ms (cache revalidated)
1284 silly packumentCache full:https://registry.npmjs.org/@algolia%2fclient-personalization set size:1877684 disposed:false
1285 silly fetch manifest fs-minipass@^3.0.0
1286 silly packumentCache full:https://registry.npmjs.org/fs-minipass cache-miss
1287 http fetch GET 200 https://registry.npmjs.org/tar 54ms (cache revalidated)
1288 silly packumentCache full:https://registry.npmjs.org/tar set size:517342 disposed:false
1289 silly fetch manifest npm-packlist@^10.0.1
1290 silly packumentCache full:https://registry.npmjs.org/npm-packlist cache-miss
1291 http fetch GET 200 https://registry.npmjs.org/@algolia%2fclient-insights 190ms (cache revalidated)
1292 silly packumentCache full:https://registry.npmjs.org/@algolia%2fclient-insights set size:622405 disposed:false
1293 silly fetch manifest promise-retry@^2.0.1
1294 silly packumentCache full:https://registry.npmjs.org/promise-retry cache-miss
1295 http fetch GET 200 https://registry.npmjs.org/ssri 40ms (cache revalidated)
1296 silly packumentCache full:https://registry.npmjs.org/ssri set size:136203 disposed:false
1297 silly fetch manifest npm-pick-manifest@^11.0.1
1298 silly packumentCache full:https://registry.npmjs.org/npm-pick-manifest cache-miss
1299 http fetch GET 200 https://registry.npmjs.org/cacache 40ms (cache revalidated)
1300 silly packumentCache full:https://registry.npmjs.org/cacache set size:382784 disposed:false
1301 silly fetch manifest @npmcli/run-script@^10.0.0
1302 silly packumentCache full:https://registry.npmjs.org/@npmcli%2frun-script cache-miss
1303 http fetch GET 200 https://registry.npmjs.org/minipass 43ms (cache revalidated)
1304 silly packumentCache full:https://registry.npmjs.org/minipass set size:276925 disposed:false
1305 silly fetch manifest npm-registry-fetch@^19.0.0
1306 silly packumentCache full:https://registry.npmjs.org/npm-registry-fetch cache-miss
1307 http fetch GET 200 https://registry.npmjs.org/@algolia%2frequester-browser-xhr 138ms (cache revalidated)
1308 silly packumentCache full:https://registry.npmjs.org/@algolia%2frequester-browser-xhr set size:870849 disposed:false
1309 silly fetch manifest @npmcli/package-json@^7.0.0
1310 silly packumentCache full:https://registry.npmjs.org/@npmcli%2fpackage-json cache-miss
1311 http fetch GET 200 https://registry.npmjs.org/sigstore 50ms (cache revalidated)
1312 silly packumentCache full:https://registry.npmjs.org/sigstore set size:116846 disposed:false
1313 silly fetch manifest @npmcli/promise-spawn@^9.0.0
1314 silly packumentCache full:https://registry.npmjs.org/@npmcli%2fpromise-spawn cache-miss
1315 http fetch GET 200 https://registry.npmjs.org/fs-minipass 44ms (cache revalidated)
1316 silly packumentCache full:https://registry.npmjs.org/fs-minipass set size:44606 disposed:false
1317 silly fetch manifest @npmcli/installed-package-contents@^4.0.0
1318 silly packumentCache full:https://registry.npmjs.org/@npmcli%2finstalled-package-contents cache-miss
1319 http fetch GET 200 https://registry.npmjs.org/@npmcli%2fgit 60ms (cache revalidated)
1320 silly packumentCache full:https://registry.npmjs.org/@npmcli%2fgit set size:113527 disposed:false
1321 silly fetch manifest cliui@^9.0.1
1322 silly packumentCache full:https://registry.npmjs.org/cliui cache-miss
1323 http fetch GET 200 https://registry.npmjs.org/npm-packlist 46ms (cache revalidated)
1324 silly packumentCache full:https://registry.npmjs.org/npm-packlist set size:191348 disposed:false
1325 silly fetch manifest escalade@^3.1.1
1326 silly packumentCache full:https://registry.npmjs.org/escalade cache-miss
1327 http fetch GET 200 https://registry.npmjs.org/npm-pick-manifest 42ms (cache revalidated)
1328 silly packumentCache full:https://registry.npmjs.org/npm-pick-manifest set size:102383 disposed:false
1329 silly fetch manifest get-caller-file@^2.0.5
1330 silly packumentCache full:https://registry.npmjs.org/get-caller-file cache-miss
1331 http fetch GET 200 https://registry.npmjs.org/npm-registry-fetch 31ms (cache revalidated)
1332 silly packumentCache full:https://registry.npmjs.org/npm-registry-fetch set size:279474 disposed:false
1333 silly fetch manifest string-width@^7.2.0
1334 silly packumentCache full:https://registry.npmjs.org/string-width cache-miss
1335 http fetch GET 200 https://registry.npmjs.org/@npmcli%2frun-script 50ms (cache revalidated)
1336 silly packumentCache full:https://registry.npmjs.org/@npmcli%2frun-script set size:199543 disposed:false
1337 silly fetch manifest y18n@^5.0.5
1338 silly packumentCache full:https://registry.npmjs.org/y18n cache-miss
1339 http fetch GET 200 https://registry.npmjs.org/promise-retry 72ms (cache revalidated)
1340 silly packumentCache full:https://registry.npmjs.org/promise-retry set size:34511 disposed:false
1341 silly fetch manifest yargs-parser@^22.0.0
1342 silly packumentCache full:https://registry.npmjs.org/yargs-parser cache-miss
1343 http fetch GET 200 https://registry.npmjs.org/string-width 32ms (cache revalidated)
1344 silly packumentCache full:https://registry.npmjs.org/string-width set size:68305 disposed:false
1345 http fetch GET 200 https://registry.npmjs.org/@npmcli%2fpromise-spawn 68ms (cache revalidated)
1346 silly packumentCache full:https://registry.npmjs.org/@npmcli%2fpromise-spawn set size:68304 disposed:false
1347 http fetch GET 200 https://registry.npmjs.org/cliui 50ms (cache revalidated)
1348 silly packumentCache full:https://registry.npmjs.org/cliui set size:69089 disposed:false
1349 http fetch GET 200 https://registry.npmjs.org/get-caller-file 47ms (cache revalidated)
1350 silly packumentCache full:https://registry.npmjs.org/get-caller-file set size:26456 disposed:false
1351 http fetch GET 200 https://registry.npmjs.org/y18n 43ms (cache revalidated)
1352 silly packumentCache full:https://registry.npmjs.org/y18n set size:76155 disposed:false
1353 http fetch GET 200 https://registry.npmjs.org/escalade 78ms (cache revalidated)
1354 silly packumentCache full:https://registry.npmjs.org/escalade set size:33724 disposed:false
1355 http fetch GET 200 https://registry.npmjs.org/@npmcli%2fpackage-json 105ms (cache revalidated)
1356 silly packumentCache full:https://registry.npmjs.org/@npmcli%2fpackage-json set size:82201 disposed:false
1357 http fetch GET 200 https://registry.npmjs.org/yargs-parser 113ms (cache revalidated)
1358 silly packumentCache full:https://registry.npmjs.org/yargs-parser set size:238630 disposed:false
1359 http fetch GET 200 https://registry.npmjs.org/@npmcli%2finstalled-package-contents 193ms (cache revalidated)
1360 silly packumentCache full:https://registry.npmjs.org/@npmcli%2finstalled-package-contents set size:49004 disposed:false
1361 silly placeDep ROOT ora@9.3.0 OK for: @angular-devkit/schematics@21.2.3 want: 9.3.0
1362 silly fetch manifest chalk@^5.6.2
1363 silly packumentCache full:https://registry.npmjs.org/chalk cache-miss
1364 silly fetch manifest cli-cursor@^5.0.0
1365 silly packumentCache full:https://registry.npmjs.org/cli-cursor cache-miss
1366 silly fetch manifest cli-spinners@^3.2.0
1367 silly packumentCache full:https://registry.npmjs.org/cli-spinners cache-miss
1368 silly fetch manifest is-interactive@^2.0.0
1369 silly packumentCache full:https://registry.npmjs.org/is-interactive cache-miss
1370 silly fetch manifest is-unicode-supported@^2.1.0
1371 silly packumentCache full:https://registry.npmjs.org/is-unicode-supported cache-miss
1372 silly fetch manifest log-symbols@^7.0.1
1373 silly packumentCache full:https://registry.npmjs.org/log-symbols cache-miss
1374 silly fetch manifest stdin-discarder@^0.3.1
1375 silly packumentCache full:https://registry.npmjs.org/stdin-discarder cache-miss
1376 silly fetch manifest string-width@^8.1.0
1377 silly packumentCache full:https://registry.npmjs.org/string-width cache-hit
1378 http fetch GET 200 https://registry.npmjs.org/is-interactive 39ms (cache revalidated)
1379 silly packumentCache full:https://registry.npmjs.org/is-interactive set size:10692 disposed:false
1380 http fetch GET 200 https://registry.npmjs.org/chalk 42ms (cache revalidated)
1381 silly packumentCache full:https://registry.npmjs.org/chalk set size:117861 disposed:false
1382 http fetch GET 200 https://registry.npmjs.org/log-symbols 44ms (cache revalidated)
1383 silly packumentCache full:https://registry.npmjs.org/log-symbols set size:31977 disposed:false
1384 http fetch GET 200 https://registry.npmjs.org/is-unicode-supported 46ms (cache revalidated)
1385 silly packumentCache full:https://registry.npmjs.org/is-unicode-supported set size:19461 disposed:false
1386 http fetch GET 200 https://registry.npmjs.org/stdin-discarder 47ms (cache revalidated)
1387 silly packumentCache full:https://registry.npmjs.org/stdin-discarder set size:13423 disposed:false
1388 http fetch GET 200 https://registry.npmjs.org/cli-cursor 62ms (cache revalidated)
1389 silly packumentCache full:https://registry.npmjs.org/cli-cursor set size:18913 disposed:false
1390 http fetch GET 200 https://registry.npmjs.org/cli-spinners 63ms (cache revalidated)
1391 silly packumentCache full:https://registry.npmjs.org/cli-spinners set size:67473 disposed:false
1392 silly placeDep ROOT @jridgewell/sourcemap-codec@1.5.5 OK for: @angular/compiler-cli@21.2.5 want: ^1.4.14
1393 silly placeDep ROOT chokidar@5.0.0 OK for: @angular/compiler-cli@21.2.5 want: ^5.0.0
1394 silly placeDep ROOT convert-source-map@1.9.0 OK for: @angular/compiler-cli@21.2.5 want: ^1.5.1
1395 silly placeDep ROOT reflect-metadata@0.2.2 OK for: @angular/compiler-cli@21.2.5 want: ^0.2.0
1396 silly fetch manifest readdirp@^5.0.0
1397 silly packumentCache full:https://registry.npmjs.org/readdirp cache-miss
1398 http fetch GET 200 https://registry.npmjs.org/readdirp 49ms (cache miss)
1399 silly packumentCache full:https://registry.npmjs.org/readdirp set size:undefined disposed:false
1400 silly placeDep ROOT @standard-schema/spec@1.1.0 OK for: @angular/forms@21.2.5 want: ^1.0.0
1401 silly fetch manifest @babel/core@^7.0.0
1402 silly packumentCache full:https://registry.npmjs.org/@babel%2fcore cache-miss
1403 http cache https://registry.npmjs.org/@babel%2fcore 2ms (cache hit)
1404 silly packumentCache full:https://registry.npmjs.org/@babel%2fcore set size:760113 disposed:false
1405 silly placeDep ROOT @babel/code-frame@7.29.0 OK for: @babel/core@7.29.0 want: ^7.29.0
1406 silly placeDep ROOT @babel/generator@7.29.1 OK for: @babel/core@7.29.0 want: ^7.29.0
1407 silly placeDep ROOT @babel/helper-compilation-targets@7.28.6 OK for: @babel/core@7.29.0 want: ^7.28.6
1408 silly placeDep ROOT @babel/helper-module-transforms@7.28.6 OK for: @babel/core@7.29.0 want: ^7.28.6
1409 silly placeDep ROOT @babel/helpers@7.29.2 OK for: @babel/core@7.29.0 want: ^7.28.6
1410 silly placeDep ROOT @babel/parser@7.29.2 OK for: @babel/core@7.29.0 want: ^7.29.0
1411 silly placeDep ROOT @babel/template@7.28.6 OK for: @babel/core@7.29.0 want: ^7.28.6
1412 silly placeDep ROOT @babel/traverse@7.29.0 OK for: @babel/core@7.29.0 want: ^7.29.0
1413 silly placeDep ROOT @babel/types@7.29.0 OK for: @babel/core@7.29.0 want: ^7.29.0
1414 silly placeDep ROOT @jridgewell/remapping@2.3.5 OK for: @babel/core@7.29.0 want: ^2.3.5
1415 silly placeDep node_modules/@babel/core convert-source-map@2.0.0 OK for: @babel/core@7.29.0 want: ^2.0.0
1416 silly placeDep ROOT debug@4.4.3 OK for: @babel/core@7.29.0 want: ^4.1.0
1417 silly placeDep ROOT gensync@1.0.0-beta.2 OK for: @babel/core@7.29.0 want: ^1.0.0-beta.2
1418 silly placeDep ROOT json5@2.2.3 OK for: @babel/core@7.29.0 want: ^2.2.3
1419 silly placeDep node_modules/@babel/core semver@6.3.1 OK for: @babel/core@7.29.0 want: ^6.3.1
1420 silly fetch manifest js-tokens@^4.0.0
1421 silly packumentCache full:https://registry.npmjs.org/js-tokens cache-miss
1422 silly fetch manifest @babel/helper-validator-identifier@^7.28.5
1423 silly packumentCache full:https://registry.npmjs.org/@babel%2fhelper-validator-identifier cache-miss
1424 silly fetch manifest jsesc@^3.0.2
1425 silly packumentCache full:https://registry.npmjs.org/jsesc cache-miss
1426 silly fetch manifest lru-cache@^5.1.1
1427 silly packumentCache full:https://registry.npmjs.org/lru-cache cache-miss
1428 silly fetch manifest @babel/compat-data@^7.28.6
1429 silly packumentCache full:https://registry.npmjs.org/@babel%2fcompat-data cache-miss
1430 silly fetch manifest @babel/helper-validator-option@^7.27.1
1431 silly packumentCache full:https://registry.npmjs.org/@babel%2fhelper-validator-option cache-miss
1432 silly fetch manifest @babel/traverse@^7.28.6
1433 silly packumentCache full:https://registry.npmjs.org/@babel%2ftraverse cache-miss
1434 silly fetch manifest @babel/helper-module-imports@^7.28.6
1435 silly packumentCache full:https://registry.npmjs.org/@babel%2fhelper-module-imports cache-miss
1436 silly fetch manifest @babel/helper-validator-identifier@^7.28.5
1437 silly packumentCache full:https://registry.npmjs.org/@babel%2fhelper-validator-identifier cache-miss
1438 http cache https://registry.npmjs.org/@babel%2ftraverse 2ms (cache hit)
1439 silly packumentCache full:https://registry.npmjs.org/@babel%2ftraverse set size:548722 disposed:false
1440 silly fetch manifest @babel/types@^7.28.6
1441 silly packumentCache full:https://registry.npmjs.org/@babel%2ftypes cache-miss
1442 http cache https://registry.npmjs.org/@babel%2ftypes 1ms (cache hit)
1443 silly packumentCache full:https://registry.npmjs.org/@babel%2ftypes set size:487885 disposed:false
1444 silly fetch manifest debug@^4.3.1
1445 silly packumentCache full:https://registry.npmjs.org/debug cache-hit
1446 silly fetch manifest @babel/helper-globals@^7.28.0
1447 silly packumentCache full:https://registry.npmjs.org/@babel%2fhelper-globals cache-miss
1448 http fetch GET 200 https://registry.npmjs.org/lru-cache 36ms (cache revalidated)
1449 silly packumentCache full:https://registry.npmjs.org/lru-cache set size:416454 disposed:false
1450 silly fetch manifest @babel/helper-string-parser@^7.27.1
1451 silly packumentCache full:https://registry.npmjs.org/@babel%2fhelper-string-parser cache-miss
1452 http fetch GET 200 https://registry.npmjs.org/js-tokens 38ms (cache miss)
1453 silly packumentCache full:https://registry.npmjs.org/js-tokens set size:undefined disposed:false
1454 silly fetch manifest @babel/helper-validator-identifier@^7.28.5
1455 silly packumentCache full:https://registry.npmjs.org/@babel%2fhelper-validator-identifier cache-miss
1456 http fetch GET 200 https://registry.npmjs.org/@babel%2fhelper-validator-identifier 61ms (cache miss)
1457 silly packumentCache full:https://registry.npmjs.org/@babel%2fhelper-validator-identifier set size:undefined disposed:false
1458 silly fetch manifest ms@^2.1.3
1459 silly packumentCache full:https://registry.npmjs.org/ms cache-miss
1460 http fetch GET 200 https://registry.npmjs.org/@babel%2fhelper-validator-identifier 61ms (cache miss)
1461 silly packumentCache full:https://registry.npmjs.org/@babel%2fhelper-validator-identifier set size:undefined disposed:false
1462 http fetch GET 200 https://registry.npmjs.org/@babel%2fhelper-validator-option 63ms (cache miss)
1463 silly packumentCache full:https://registry.npmjs.org/@babel%2fhelper-validator-option set size:undefined disposed:false
1464 http fetch GET 200 https://registry.npmjs.org/@babel%2fcompat-data 66ms (cache miss)
1465 silly packumentCache full:https://registry.npmjs.org/@babel%2fcompat-data set size:undefined disposed:false
1466 http fetch GET 200 https://registry.npmjs.org/@babel%2fhelper-module-imports 80ms (cache miss)
1467 silly packumentCache full:https://registry.npmjs.org/@babel%2fhelper-module-imports set size:undefined disposed:false
1468 http fetch GET 200 https://registry.npmjs.org/jsesc 83ms (cache miss)
1469 silly packumentCache full:https://registry.npmjs.org/jsesc set size:undefined disposed:false
1470 http fetch GET 200 https://registry.npmjs.org/@babel%2fhelper-validator-identifier 55ms (cache miss)
1471 silly packumentCache full:https://registry.npmjs.org/@babel%2fhelper-validator-identifier set size:undefined disposed:false
1472 http fetch GET 200 https://registry.npmjs.org/ms 36ms (cache revalidated)
1473 silly packumentCache full:https://registry.npmjs.org/ms set size:92208 disposed:false
1474 http fetch GET 200 https://registry.npmjs.org/@babel%2fhelper-string-parser 70ms (cache miss)
1475 silly packumentCache full:https://registry.npmjs.org/@babel%2fhelper-string-parser set size:undefined disposed:false
1476 http fetch GET 200 https://registry.npmjs.org/@babel%2fhelper-globals 104ms (cache miss)
1477 silly packumentCache full:https://registry.npmjs.org/@babel%2fhelper-globals set size:undefined disposed:false
1478 silly placeDep ROOT @babel/helper-validator-identifier@7.28.5 OK for: @babel/code-frame@7.29.0 want: ^7.28.5
1479 silly placeDep ROOT js-tokens@4.0.0 OK for: @babel/code-frame@7.29.0 want: ^4.0.0
1480 silly placeDep ROOT picocolors@1.1.1 OK for: @babel/code-frame@7.29.0 want: ^1.1.1
1481 silly placeDep ROOT jsesc@3.1.0 OK for: @babel/generator@7.29.1 want: ^3.0.2
1482 silly placeDep ROOT @babel/compat-data@7.29.0 OK for: @babel/helper-compilation-targets@7.28.6 want: ^7.28.6
1483 silly placeDep ROOT @babel/helper-validator-option@7.27.1 OK for: @babel/helper-compilation-targets@7.28.6 want: ^7.27.1
1484 silly placeDep ROOT lru-cache@5.1.1 OK for: @babel/helper-compilation-targets@7.28.6 want: ^5.1.1
1485 silly placeDep node_modules/@babel/helper-compilation-targets semver@6.3.1 OK for: @babel/helper-compilation-targets@7.28.6 want: ^6.3.1
1486 silly fetch manifest yallist@^3.0.2
1487 silly packumentCache full:https://registry.npmjs.org/yallist cache-miss
1488 http fetch GET 200 https://registry.npmjs.org/yallist 192ms (cache revalidated)
1489 silly packumentCache full:https://registry.npmjs.org/yallist set size:34610 disposed:false
1490 silly placeDep ROOT @babel/helper-module-imports@7.28.6 OK for: @babel/helper-module-transforms@7.28.6 want: ^7.28.6
1491 silly placeDep ROOT @babel/helper-globals@7.28.0 OK for: @babel/traverse@7.29.0 want: ^7.28.0
1492 silly placeDep ROOT @babel/helper-string-parser@7.27.1 OK for: @babel/types@7.29.0 want: ^7.27.1
1493 silly placeDep ROOT @inquirer/core@10.3.2 OK for: @inquirer/confirm@5.1.21 want: ^10.3.2
1494 silly placeDep ROOT @inquirer/type@3.0.10 OK for: @inquirer/confirm@5.1.21 want: ^3.0.10
1495 silly fetch manifest cli-width@^4.1.0
1496 silly packumentCache full:https://registry.npmjs.org/cli-width cache-miss
1497 silly fetch manifest wrap-ansi@^6.2.0
1498 silly packumentCache full:https://registry.npmjs.org/wrap-ansi cache-hit
1499 silly fetch manifest mute-stream@^2.0.0
1500 silly packumentCache full:https://registry.npmjs.org/mute-stream cache-miss
1501 silly fetch manifest signal-exit@^4.1.0
1502 silly packumentCache full:https://registry.npmjs.org/signal-exit cache-miss
1503 silly fetch manifest @inquirer/ansi@^1.0.2
1504 silly packumentCache full:https://registry.npmjs.org/@inquirer%2fansi cache-miss
1505 silly fetch manifest yoctocolors-cjs@^2.1.3
1506 silly packumentCache full:https://registry.npmjs.org/yoctocolors-cjs cache-miss
1507 silly fetch manifest @inquirer/figures@^1.0.15
1508 silly packumentCache full:https://registry.npmjs.org/@inquirer%2ffigures cache-miss
1509 http fetch GET 200 https://registry.npmjs.org/mute-stream 37ms (cache revalidated)
1510 silly packumentCache full:https://registry.npmjs.org/mute-stream set size:21918 disposed:false
1511 http fetch GET 200 https://registry.npmjs.org/yoctocolors-cjs 58ms (cache revalidated)
1512 silly packumentCache full:https://registry.npmjs.org/yoctocolors-cjs set size:12865 disposed:false
1513 http fetch GET 200 https://registry.npmjs.org/cli-width 59ms (cache revalidated)
1514 silly packumentCache full:https://registry.npmjs.org/cli-width set size:24976 disposed:false
1515 http fetch GET 200 https://registry.npmjs.org/signal-exit 62ms (cache revalidated)
1516 silly packumentCache full:https://registry.npmjs.org/signal-exit set size:53489 disposed:false
1517 http fetch GET 200 https://registry.npmjs.org/@inquirer%2fansi 78ms (cache revalidated)
1518 silly packumentCache full:https://registry.npmjs.org/@inquirer%2fansi set size:22154 disposed:false
1519 http fetch GET 200 https://registry.npmjs.org/@inquirer%2ffigures 79ms (cache revalidated)
1520 silly packumentCache full:https://registry.npmjs.org/@inquirer%2ffigures set size:50362 disposed:false
1521 silly placeDep ROOT @inquirer/ansi@1.0.2 OK for: @inquirer/core@10.3.2 want: ^1.0.2
1522 silly placeDep ROOT @inquirer/figures@1.0.15 OK for: @inquirer/core@10.3.2 want: ^1.0.15
1523 silly placeDep ROOT cli-width@4.1.0 OK for: @inquirer/core@10.3.2 want: ^4.1.0
1524 silly placeDep ROOT mute-stream@2.0.0 OK for: @inquirer/core@10.3.2 want: ^2.0.0
1525 silly placeDep ROOT signal-exit@4.1.0 OK for: @inquirer/core@10.3.2 want: ^4.1.0
1526 silly placeDep ROOT wrap-ansi@6.2.0 OK for: @inquirer/core@10.3.2 want: ^6.2.0
1527 silly placeDep ROOT yoctocolors-cjs@2.1.3 OK for: @inquirer/core@10.3.2 want: ^2.1.3
1528 silly fetch manifest strip-ansi@^6.0.0
1529 silly packumentCache full:https://registry.npmjs.org/strip-ansi cache-miss
1530 silly fetch manifest ansi-styles@^4.0.0
1531 silly packumentCache full:https://registry.npmjs.org/ansi-styles cache-miss
1532 silly fetch manifest string-width@^4.1.0
1533 silly packumentCache full:https://registry.npmjs.org/string-width cache-hit
1534 http fetch GET 200 https://registry.npmjs.org/strip-ansi 43ms (cache revalidated)
1535 silly packumentCache full:https://registry.npmjs.org/strip-ansi set size:44998 disposed:false
1536 http fetch GET 200 https://registry.npmjs.org/ansi-styles 59ms (cache revalidated)
1537 silly packumentCache full:https://registry.npmjs.org/ansi-styles set size:63233 disposed:false
1538 silly placeDep ROOT @inquirer/checkbox@4.3.2 OK for: @inquirer/prompts@7.10.1 want: ^4.3.2
1539 silly placeDep ROOT @inquirer/editor@4.2.23 OK for: @inquirer/prompts@7.10.1 want: ^4.2.23
1540 silly placeDep ROOT @inquirer/expand@4.0.23 OK for: @inquirer/prompts@7.10.1 want: ^4.0.23
1541 silly placeDep ROOT @inquirer/input@4.3.1 OK for: @inquirer/prompts@7.10.1 want: ^4.3.1
1542 silly placeDep ROOT @inquirer/number@3.0.23 OK for: @inquirer/prompts@7.10.1 want: ^3.0.23
1543 silly placeDep ROOT @inquirer/password@4.0.23 OK for: @inquirer/prompts@7.10.1 want: ^4.0.23
1544 silly placeDep ROOT @inquirer/rawlist@4.1.11 OK for: @inquirer/prompts@7.10.1 want: ^4.1.11
1545 silly placeDep ROOT @inquirer/search@3.2.2 OK for: @inquirer/prompts@7.10.1 want: ^3.2.2
1546 silly placeDep ROOT @inquirer/select@4.4.2 OK for: @inquirer/prompts@7.10.1 want: ^4.4.2
1547 silly fetch manifest @inquirer/external-editor@^1.0.3
1548 silly packumentCache full:https://registry.npmjs.org/@inquirer%2fexternal-editor cache-miss
1549 http fetch GET 200 https://registry.npmjs.org/@inquirer%2fexternal-editor 62ms (cache revalidated)
1550 silly packumentCache full:https://registry.npmjs.org/@inquirer%2fexternal-editor set size:30483 disposed:false
1551 silly placeDep ROOT @inquirer/external-editor@1.0.3 OK for: @inquirer/editor@4.2.23 want: ^1.0.3
1552 silly fetch manifest chardet@^2.1.1
1553 silly packumentCache full:https://registry.npmjs.org/chardet cache-miss
1554 silly fetch manifest iconv-lite@^0.7.0
1555 silly packumentCache full:https://registry.npmjs.org/iconv-lite cache-miss
1556 http fetch GET 200 https://registry.npmjs.org/iconv-lite 52ms (cache revalidated)
1557 silly packumentCache full:https://registry.npmjs.org/iconv-lite set size:120557 disposed:false
1558 http fetch GET 200 https://registry.npmjs.org/chardet 53ms (cache revalidated)
1559 silly packumentCache full:https://registry.npmjs.org/chardet set size:70553 disposed:false
1560 silly placeDep ROOT chardet@2.1.1 OK for: @inquirer/external-editor@1.0.3 want: ^2.1.1
1561 silly placeDep ROOT iconv-lite@0.7.2 OK for: @inquirer/external-editor@1.0.3 want: ^0.7.0
1562 silly fetch manifest safer-buffer@>= 2.1.2 < 3.0.0
1563 silly packumentCache full:https://registry.npmjs.org/safer-buffer cache-miss
1564 http fetch GET 200 https://registry.npmjs.org/safer-buffer 72ms (cache revalidated)
1565 silly packumentCache full:https://registry.npmjs.org/safer-buffer set size:18521 disposed:false
1566 silly placeDep ROOT @jridgewell/resolve-uri@3.1.2 OK for: @jridgewell/trace-mapping@0.3.31 want: ^3.1.0
1567 silly placeDep ROOT @hono/node-server@1.19.11 OK for: @modelcontextprotocol/sdk@1.26.0 want: ^1.19.9
1568 silly placeDep ROOT hono@4.12.8 OK for: @hono/node-server@1.19.11 want: ^4
1569 silly placeDep ROOT content-type@1.0.5 OK for: @modelcontextprotocol/sdk@1.26.0 want: ^1.0.5
1570 silly placeDep ROOT cors@2.8.6 OK for: @modelcontextprotocol/sdk@1.26.0 want: ^2.8.5
1571 silly placeDep ROOT cross-spawn@7.0.6 OK for: @modelcontextprotocol/sdk@1.26.0 want: ^7.0.5
1572 silly placeDep ROOT eventsource@3.0.7 OK for: @modelcontextprotocol/sdk@1.26.0 want: ^3.0.2
1573 silly placeDep ROOT eventsource-parser@3.0.6 OK for: @modelcontextprotocol/sdk@1.26.0 want: ^3.0.0
1574 silly placeDep ROOT express@5.2.1 OK for: @modelcontextprotocol/sdk@1.26.0 want: ^5.2.1
1575 silly placeDep ROOT express-rate-limit@8.3.1 OK for: @modelcontextprotocol/sdk@1.26.0 want: ^8.2.1
1576 silly placeDep ROOT jose@6.2.2 OK for: @modelcontextprotocol/sdk@1.26.0 want: ^6.1.3
1577 silly placeDep ROOT json-schema-typed@8.0.2 OK for: @modelcontextprotocol/sdk@1.26.0 want: ^8.0.2
1578 silly placeDep ROOT pkce-challenge@5.0.1 OK for: @modelcontextprotocol/sdk@1.26.0 want: ^5.0.0
1579 silly placeDep ROOT raw-body@3.0.2 OK for: @modelcontextprotocol/sdk@1.26.0 want: ^3.0.0
1580 silly placeDep ROOT zod-to-json-schema@3.25.1 OK for: @modelcontextprotocol/sdk@1.26.0 want: ^3.25.1
1581 silly fetch manifest object-assign@^4
1582 silly packumentCache full:https://registry.npmjs.org/object-assign cache-miss
1583 silly fetch manifest vary@^1
1584 silly packumentCache full:https://registry.npmjs.org/vary cache-miss
1585 silly fetch manifest which@^2.0.1
1586 silly packumentCache full:https://registry.npmjs.org/which cache-miss
1587 silly fetch manifest path-key@^3.1.0
1588 silly packumentCache full:https://registry.npmjs.org/path-key cache-miss
1589 silly fetch manifest shebang-command@^2.0.0
1590 silly packumentCache full:https://registry.npmjs.org/shebang-command cache-miss
1591 silly fetch manifest eventsource-parser@^3.0.1
1592 silly packumentCache full:https://registry.npmjs.org/eventsource-parser cache-hit
1593 silly fetch manifest qs@^6.14.0
1594 silly packumentCache full:https://registry.npmjs.org/qs cache-miss
1595 silly fetch manifest depd@^2.0.0
1596 silly packumentCache full:https://registry.npmjs.org/depd cache-miss
1597 silly fetch manifest etag@^1.8.1
1598 silly packumentCache full:https://registry.npmjs.org/etag cache-miss
1599 silly fetch manifest once@^1.4.0
1600 silly packumentCache full:https://registry.npmjs.org/once cache-miss
1601 http fetch GET 200 https://registry.npmjs.org/shebang-command 37ms (cache revalidated)
1602 silly packumentCache full:https://registry.npmjs.org/shebang-command set size:8525 disposed:false
1603 silly fetch manifest send@^1.1.0
1604 silly packumentCache full:https://registry.npmjs.org/send cache-miss
1605 http fetch GET 200 https://registry.npmjs.org/depd 44ms (cache revalidated)
1606 silly packumentCache full:https://registry.npmjs.org/depd set size:40182 disposed:false
1607 silly fetch manifest vary@^1.1.2
1608 silly packumentCache full:https://registry.npmjs.org/vary cache-miss
1609 http fetch GET 200 https://registry.npmjs.org/once 46ms (cache revalidated)
1610 silly packumentCache full:https://registry.npmjs.org/once set size:11752 disposed:false
1611 silly fetch manifest fresh@^2.0.0
1612 silly packumentCache full:https://registry.npmjs.org/fresh cache-miss
1613 http fetch GET 200 https://registry.npmjs.org/path-key 48ms (cache revalidated)
1614 silly packumentCache full:https://registry.npmjs.org/path-key set size:16975 disposed:false
1615 silly fetch manifest cookie@^0.7.1
1616 silly packumentCache full:https://registry.npmjs.org/cookie cache-miss
1617 http fetch GET 200 https://registry.npmjs.org/vary 49ms (cache revalidated)
1618 silly packumentCache full:https://registry.npmjs.org/vary set size:16018 disposed:false
1619 silly fetch manifest router@^2.2.0
1620 silly packumentCache full:https://registry.npmjs.org/router cache-miss
1621 http fetch GET 200 https://registry.npmjs.org/which 49ms (cache revalidated)
1622 silly packumentCache full:https://registry.npmjs.org/which set size:67805 disposed:false
1623 silly fetch manifest accepts@^2.0.0
1624 silly packumentCache full:https://registry.npmjs.org/accepts cache-miss
1625 http fetch GET 200 https://registry.npmjs.org/object-assign 55ms (cache revalidated)
1626 silly packumentCache full:https://registry.npmjs.org/object-assign set size:28988 disposed:false
1627 silly fetch manifest type-is@^2.0.1
1628 silly packumentCache full:https://registry.npmjs.org/type-is cache-miss
1629 http fetch GET 200 https://registry.npmjs.org/etag 55ms (cache revalidated)
1630 silly packumentCache full:https://registry.npmjs.org/etag set size:30032 disposed:false
1631 silly fetch manifest parseurl@^1.3.3
1632 silly packumentCache full:https://registry.npmjs.org/parseurl cache-miss
1633 http fetch GET 200 https://registry.npmjs.org/send 29ms (cache revalidated)
1634 silly packumentCache full:https://registry.npmjs.org/send set size:152810 disposed:false
1635 silly fetch manifest statuses@^2.0.1
1636 silly packumentCache full:https://registry.npmjs.org/statuses cache-miss
1637 http fetch GET 200 https://registry.npmjs.org/qs 73ms (cache revalidated)
1638 silly packumentCache full:https://registry.npmjs.org/qs set size:350258 disposed:false
1639 silly fetch manifest encodeurl@^2.0.0
1640 silly packumentCache full:https://registry.npmjs.org/encodeurl cache-miss
1641 http fetch GET 200 https://registry.npmjs.org/cookie 34ms (cache revalidated)
1642 silly packumentCache full:https://registry.npmjs.org/cookie set size:72891 disposed:false
1643 silly fetch manifest mime-types@^3.0.0
1644 silly packumentCache full:https://registry.npmjs.org/mime-types cache-miss
1645 http fetch GET 200 https://registry.npmjs.org/accepts 40ms (cache revalidated)
1646 silly packumentCache full:https://registry.npmjs.org/accepts set size:77054 disposed:false
1647 silly fetch manifest proxy-addr@^2.0.7
1648 silly packumentCache full:https://registry.npmjs.org/proxy-addr cache-miss
1649 http fetch GET 200 https://registry.npmjs.org/vary 50ms (cache revalidated)
1650 silly packumentCache full:https://registry.npmjs.org/vary set size:16018 disposed:false
1651 silly packumentCache full:https://registry.npmjs.org/vary dispose
1652 silly fetch manifest body-parser@^2.2.1
1653 silly packumentCache full:https://registry.npmjs.org/body-parser cache-miss
1654 http fetch GET 200 https://registry.npmjs.org/type-is 46ms (cache revalidated)
1655 silly packumentCache full:https://registry.npmjs.org/type-is set size:86196 disposed:false
1656 silly fetch manifest escape-html@^1.0.3
1657 silly packumentCache full:https://registry.npmjs.org/escape-html cache-miss
1658 http fetch GET 200 https://registry.npmjs.org/statuses 44ms (cache revalidated)
1659 silly packumentCache full:https://registry.npmjs.org/statuses set size:37117 disposed:false
1660 silly fetch manifest http-errors@^2.0.0
1661 silly packumentCache full:https://registry.npmjs.org/http-errors cache-miss
1662 http fetch GET 200 https://registry.npmjs.org/parseurl 55ms (cache revalidated)
1663 silly packumentCache full:https://registry.npmjs.org/parseurl set size:24148 disposed:false
1664 silly fetch manifest on-finished@^2.4.1
1665 silly packumentCache full:https://registry.npmjs.org/on-finished cache-miss
1666 http fetch GET 200 https://registry.npmjs.org/router 65ms (cache revalidated)
1667 silly packumentCache full:https://registry.npmjs.org/router set size:116499 disposed:false
1668 silly fetch manifest finalhandler@^2.1.0
1669 silly packumentCache full:https://registry.npmjs.org/finalhandler cache-miss
1670 http fetch GET 200 https://registry.npmjs.org/mime-types 33ms (cache revalidated)
1671 silly packumentCache full:https://registry.npmjs.org/mime-types set size:139110 disposed:false
1672 silly fetch manifest range-parser@^1.2.1
1673 silly packumentCache full:https://registry.npmjs.org/range-parser cache-miss
1674 http fetch GET 200 https://registry.npmjs.org/encodeurl 44ms (cache revalidated)
1675 silly packumentCache full:https://registry.npmjs.org/encodeurl set size:12296 disposed:false
1676 silly fetch manifest serve-static@^2.2.0
1677 silly packumentCache full:https://registry.npmjs.org/serve-static cache-miss
1678 http fetch GET 200 https://registry.npmjs.org/fresh 77ms (cache revalidated)
1679 silly packumentCache full:https://registry.npmjs.org/fresh set size:25427 disposed:false
1680 silly fetch manifest cookie-signature@^1.2.1
1681 silly packumentCache full:https://registry.npmjs.org/cookie-signature cache-miss
1682 http fetch GET 200 https://registry.npmjs.org/escape-html 38ms (cache revalidated)
1683 silly packumentCache full:https://registry.npmjs.org/escape-html set size:7345 disposed:false
1684 silly fetch manifest merge-descriptors@^2.0.0
1685 silly packumentCache full:https://registry.npmjs.org/merge-descriptors cache-miss
1686 http fetch GET 200 https://registry.npmjs.org/body-parser 55ms (cache revalidated)
1687 silly packumentCache full:https://registry.npmjs.org/body-parser set size:216830 disposed:false
1688 silly fetch manifest content-disposition@^1.0.0
1689 silly packumentCache full:https://registry.npmjs.org/content-disposition cache-miss
1690 http fetch GET 200 https://registry.npmjs.org/range-parser 36ms (cache revalidated)
1691 silly packumentCache full:https://registry.npmjs.org/range-parser set size:22228 disposed:false
1692 silly fetch manifest ip-address@10.1.0
1693 silly packumentCache full:https://registry.npmjs.org/ip-address cache-miss
1694 http fetch GET 200 https://registry.npmjs.org/on-finished 44ms (cache revalidated)
1695 silly packumentCache full:https://registry.npmjs.org/on-finished set size:23212 disposed:false
1696 silly fetch manifest bytes@~3.1.2
1697 silly packumentCache full:https://registry.npmjs.org/bytes cache-miss
1698 http fetch GET 200 https://registry.npmjs.org/serve-static 44ms (cache revalidated)
1699 silly packumentCache full:https://registry.npmjs.org/serve-static set size:150391 disposed:false
1700 silly fetch manifest unpipe@~1.0.0
1701 silly packumentCache full:https://registry.npmjs.org/unpipe cache-miss
1702 http fetch GET 200 https://registry.npmjs.org/finalhandler 50ms (cache revalidated)
1703 silly packumentCache full:https://registry.npmjs.org/finalhandler set size:79291 disposed:false
1704 silly fetch manifest http-errors@~2.0.1
1705 silly packumentCache full:https://registry.npmjs.org/http-errors cache-miss
1706 http fetch GET 200 https://registry.npmjs.org/http-errors 55ms (cache revalidated)
1707 silly packumentCache full:https://registry.npmjs.org/http-errors set size:71987 disposed:false
1708 http fetch GET 200 https://registry.npmjs.org/cookie-signature 40ms (cache revalidated)
1709 silly packumentCache full:https://registry.npmjs.org/cookie-signature set size:21777 disposed:false
1710 http cache https://registry.npmjs.org/http-errors 1ms (cache hit)
1711 silly packumentCache full:https://registry.npmjs.org/http-errors set size:71987 disposed:false
1712 silly packumentCache full:https://registry.npmjs.org/http-errors dispose
1713 http fetch GET 200 https://registry.npmjs.org/merge-descriptors 42ms (cache revalidated)
1714 silly packumentCache full:https://registry.npmjs.org/merge-descriptors set size:16527 disposed:false
1715 http fetch GET 200 https://registry.npmjs.org/proxy-addr 91ms (cache revalidated)
1716 silly packumentCache full:https://registry.npmjs.org/proxy-addr set size:61619 disposed:false
1717 http fetch GET 200 https://registry.npmjs.org/ip-address 35ms (cache revalidated)
1718 silly packumentCache full:https://registry.npmjs.org/ip-address set size:135050 disposed:false
1719 http fetch GET 200 https://registry.npmjs.org/content-disposition 48ms (cache revalidated)
1720 silly packumentCache full:https://registry.npmjs.org/content-disposition set size:34469 disposed:false
1721 http fetch GET 200 https://registry.npmjs.org/unpipe 40ms (cache revalidated)
1722 silly packumentCache full:https://registry.npmjs.org/unpipe set size:3609 disposed:false
1723 http fetch GET 200 https://registry.npmjs.org/bytes 92ms (cache revalidated)
1724 silly packumentCache full:https://registry.npmjs.org/bytes set size:37018 disposed:false
1725 silly placeDep ROOT fast-deep-equal@3.1.3 OK for: ajv@8.18.0 want: ^3.1.3
1726 silly placeDep ROOT fast-uri@3.1.0 OK for: ajv@8.18.0 want: ^3.0.1
1727 silly placeDep ROOT json-schema-traverse@1.0.0 OK for: ajv@8.18.0 want: ^1.0.0
1728 silly placeDep ROOT require-from-string@2.0.2 OK for: ajv@8.18.0 want: ^2.0.2
1729 silly placeDep ROOT @algolia/abtesting@1.14.1 OK for: algoliasearch@5.48.1 want: 1.14.1
1730 silly placeDep ROOT @algolia/client-abtesting@5.48.1 OK for: algoliasearch@5.48.1 want: 5.48.1
1731 silly placeDep ROOT @algolia/client-analytics@5.48.1 OK for: algoliasearch@5.48.1 want: 5.48.1
1732 silly placeDep ROOT @algolia/client-common@5.48.1 OK for: algoliasearch@5.48.1 want: 5.48.1
1733 silly placeDep ROOT @algolia/client-insights@5.48.1 OK for: algoliasearch@5.48.1 want: 5.48.1
1734 silly placeDep ROOT @algolia/client-personalization@5.48.1 OK for: algoliasearch@5.48.1 want: 5.48.1
1735 silly placeDep ROOT @algolia/client-query-suggestions@5.48.1 OK for: algoliasearch@5.48.1 want: 5.48.1
1736 silly placeDep ROOT @algolia/client-search@5.48.1 OK for: algoliasearch@5.48.1 want: 5.48.1
1737 silly placeDep ROOT @algolia/ingestion@1.48.1 OK for: algoliasearch@5.48.1 want: 1.48.1
1738 silly placeDep ROOT @algolia/monitoring@1.48.1 OK for: algoliasearch@5.48.1 want: 1.48.1
1739 silly placeDep ROOT @algolia/recommend@5.48.1 OK for: algoliasearch@5.48.1 want: 5.48.1
1740 silly placeDep ROOT @algolia/requester-browser-xhr@5.48.1 OK for: algoliasearch@5.48.1 want: 5.48.1
1741 silly placeDep ROOT @algolia/requester-fetch@5.48.1 OK for: algoliasearch@5.48.1 want: 5.48.1
1742 silly placeDep ROOT @algolia/requester-node-http@5.48.1 OK for: algoliasearch@5.48.1 want: 5.48.1
1743 silly placeDep ROOT css-select@6.0.0 OK for: beasties@0.4.1 want: ^6.0.0
1744 silly placeDep ROOT css-what@7.0.0 OK for: beasties@0.4.1 want: ^7.0.0
1745 silly placeDep ROOT dom-serializer@2.0.0 OK for: beasties@0.4.1 want: ^2.0.0
1746 silly placeDep ROOT domhandler@5.0.3 OK for: beasties@0.4.1 want: ^5.0.3
1747 silly placeDep ROOT htmlparser2@10.1.0 OK for: beasties@0.4.1 want: ^10.0.0
1748 silly placeDep ROOT postcss@8.5.8 OK for: beasties@0.4.1 want: ^8.4.49
1749 silly placeDep ROOT postcss-media-query-parser@0.2.3 OK for: beasties@0.4.1 want: ^0.2.3
1750 silly placeDep ROOT postcss-safe-parser@7.0.1 OK for: beasties@0.4.1 want: ^7.0.1
1751 silly fetch manifest boolbase@^1.0.0
1752 silly packumentCache full:https://registry.npmjs.org/boolbase cache-miss
1753 silly fetch manifest domutils@^3.2.2
1754 silly packumentCache full:https://registry.npmjs.org/domutils cache-miss
1755 silly fetch manifest nth-check@^2.1.1
1756 silly packumentCache full:https://registry.npmjs.org/nth-check cache-miss
1757 silly fetch manifest entities@^4.2.0
1758 silly packumentCache full:https://registry.npmjs.org/entities cache-hit
1759 silly fetch manifest domhandler@^5.0.2
1760 silly packumentCache full:https://registry.npmjs.org/domhandler cache-miss
1761 silly fetch manifest domelementtype@^2.3.0
1762 silly packumentCache full:https://registry.npmjs.org/domelementtype cache-miss
1763 silly fetch manifest domelementtype@^2.3.0
1764 silly packumentCache full:https://registry.npmjs.org/domelementtype cache-miss
1765 silly fetch manifest domutils@^3.2.2
1766 silly packumentCache full:https://registry.npmjs.org/domutils cache-miss
1767 silly fetch manifest entities@^7.0.1
1768 silly packumentCache full:https://registry.npmjs.org/entities cache-hit
1769 silly fetch manifest domelementtype@^2.3.0
1770 silly packumentCache full:https://registry.npmjs.org/domelementtype cache-miss
1771 silly fetch manifest nanoid@^3.3.11
1772 silly packumentCache full:https://registry.npmjs.org/nanoid cache-miss
1773 http cache https://registry.npmjs.org/domhandler 3ms (cache hit)
1774 silly packumentCache full:https://registry.npmjs.org/domhandler set size:78187 disposed:false
1775 silly fetch manifest source-map-js@^1.2.1
1776 silly packumentCache full:https://registry.npmjs.org/source-map-js cache-miss
1777 http cache https://registry.npmjs.org/source-map-js 1ms (cache hit)
1778 silly packumentCache full:https://registry.npmjs.org/source-map-js set size:62640 disposed:false
1779 http fetch GET 200 https://registry.npmjs.org/boolbase 37ms (cache miss)
1780 silly packumentCache full:https://registry.npmjs.org/boolbase set size:undefined disposed:false
1781 http fetch GET 200 https://registry.npmjs.org/domutils 38ms (cache miss)
1782 silly packumentCache full:https://registry.npmjs.org/domutils set size:undefined disposed:false
1783 http fetch GET 200 https://registry.npmjs.org/nth-check 41ms (cache miss)
1784 silly packumentCache full:https://registry.npmjs.org/nth-check set size:undefined disposed:false
1785 http fetch GET 200 https://registry.npmjs.org/domutils 41ms (cache miss)
1786 silly packumentCache full:https://registry.npmjs.org/domutils set size:undefined disposed:false
1787 http fetch GET 200 https://registry.npmjs.org/domelementtype 46ms (cache miss)
1788 silly packumentCache full:https://registry.npmjs.org/domelementtype set size:undefined disposed:false
1789 http fetch GET 200 https://registry.npmjs.org/domelementtype 55ms (cache miss)
1790 silly packumentCache full:https://registry.npmjs.org/domelementtype set size:undefined disposed:false
1791 http fetch GET 200 https://registry.npmjs.org/domelementtype 68ms (cache miss)
1792 silly packumentCache full:https://registry.npmjs.org/domelementtype set size:undefined disposed:false
1793 http fetch GET 200 https://registry.npmjs.org/nanoid 72ms (cache miss)
1794 silly packumentCache full:https://registry.npmjs.org/nanoid set size:undefined disposed:false
1795 silly fetch manifest browserslist@>= 4.21.0
1796 silly packumentCache full:https://registry.npmjs.org/browserslist cache-miss
1797 http cache https://registry.npmjs.org/browserslist 2ms (cache hit)
1798 silly packumentCache full:https://registry.npmjs.org/browserslist set size:502989 disposed:false
1799 silly placeDep ROOT baseline-browser-mapping@2.10.8 OK for: browserslist@4.28.1 want: ^2.9.0
1800 silly placeDep ROOT caniuse-lite@1.0.30001780 OK for: browserslist@4.28.1 want: ^1.0.30001759
1801 silly placeDep ROOT electron-to-chromium@1.5.321 OK for: browserslist@4.28.1 want: ^1.5.263
1802 silly placeDep ROOT node-releases@2.0.36 OK for: browserslist@4.28.1 want: ^2.0.27
1803 silly placeDep ROOT update-browserslist-db@1.2.3 OK for: browserslist@4.28.1 want: ^1.2.0
1804 silly fetch manifest escalade@^3.2.0
1805 silly packumentCache full:https://registry.npmjs.org/escalade cache-hit
1806 silly placeDep ROOT readdirp@5.0.0 OK for: chokidar@5.0.0 want: ^5.0.0
1807 silly placeDep ROOT object-assign@4.1.1 OK for: cors@2.8.6 want: ^4
1808 silly placeDep ROOT vary@1.1.2 OK for: cors@2.8.6 want: ^1
1809 silly placeDep ROOT path-key@3.1.1 OK for: cross-spawn@7.0.6 want: ^3.1.0
1810 silly placeDep ROOT shebang-command@2.0.0 OK for: cross-spawn@7.0.6 want: ^2.0.0
1811 silly placeDep ROOT which@2.0.2 OK for: cross-spawn@7.0.6 want: ^2.0.1
1812 silly fetch manifest shebang-regex@^3.0.0
1813 silly packumentCache full:https://registry.npmjs.org/shebang-regex cache-miss
1814 silly fetch manifest isexe@^2.0.0
1815 silly packumentCache full:https://registry.npmjs.org/isexe cache-miss
1816 http fetch GET 200 https://registry.npmjs.org/shebang-regex 47ms (cache revalidated)
1817 silly packumentCache full:https://registry.npmjs.org/shebang-regex set size:9763 disposed:false
1818 http fetch GET 200 https://registry.npmjs.org/isexe 56ms (cache revalidated)
1819 silly packumentCache full:https://registry.npmjs.org/isexe set size:31756 disposed:false
1820 silly placeDep ROOT boolbase@1.0.0 OK for: css-select@6.0.0 want: ^1.0.0
1821 silly placeDep ROOT domutils@3.2.2 OK for: css-select@6.0.0 want: ^3.2.2
1822 silly placeDep ROOT nth-check@2.1.1 OK for: css-select@6.0.0 want: ^2.1.1
1823 silly placeDep ROOT ms@2.1.3 OK for: debug@4.4.3 want: ^2.1.3
1824 silly placeDep ROOT domelementtype@2.3.0 OK for: dom-serializer@2.0.0 want: ^2.3.0
1825 silly placeDep ROOT entities@4.5.0 OK for: dom-serializer@2.0.0 want: ^4.2.0
1826 silly placeDep ROOT @esbuild/aix-ppc64@0.27.3 OK for: esbuild@0.27.3 want: 0.27.3
1827 silly placeDep ROOT @esbuild/android-arm@0.27.3 OK for: esbuild@0.27.3 want: 0.27.3
1828 silly placeDep ROOT @esbuild/android-arm64@0.27.3 OK for: esbuild@0.27.3 want: 0.27.3
1829 silly placeDep ROOT @esbuild/android-x64@0.27.3 OK for: esbuild@0.27.3 want: 0.27.3
1830 silly placeDep ROOT @esbuild/darwin-arm64@0.27.3 OK for: esbuild@0.27.3 want: 0.27.3
1831 silly placeDep ROOT @esbuild/darwin-x64@0.27.3 OK for: esbuild@0.27.3 want: 0.27.3
1832 silly placeDep ROOT @esbuild/freebsd-arm64@0.27.3 OK for: esbuild@0.27.3 want: 0.27.3
1833 silly placeDep ROOT @esbuild/freebsd-x64@0.27.3 OK for: esbuild@0.27.3 want: 0.27.3
1834 silly placeDep ROOT @esbuild/linux-arm@0.27.3 OK for: esbuild@0.27.3 want: 0.27.3
1835 silly placeDep ROOT @esbuild/linux-arm64@0.27.3 OK for: esbuild@0.27.3 want: 0.27.3
1836 silly placeDep ROOT @esbuild/linux-ia32@0.27.3 OK for: esbuild@0.27.3 want: 0.27.3
1837 silly placeDep ROOT @esbuild/linux-loong64@0.27.3 OK for: esbuild@0.27.3 want: 0.27.3
1838 silly placeDep ROOT @esbuild/linux-mips64el@0.27.3 OK for: esbuild@0.27.3 want: 0.27.3
1839 silly placeDep ROOT @esbuild/linux-ppc64@0.27.3 OK for: esbuild@0.27.3 want: 0.27.3
1840 silly placeDep ROOT @esbuild/linux-riscv64@0.27.3 OK for: esbuild@0.27.3 want: 0.27.3
1841 silly placeDep ROOT @esbuild/linux-s390x@0.27.3 OK for: esbuild@0.27.3 want: 0.27.3
1842 silly placeDep ROOT @esbuild/linux-x64@0.27.3 OK for: esbuild@0.27.3 want: 0.27.3
1843 silly placeDep ROOT @esbuild/netbsd-arm64@0.27.3 OK for: esbuild@0.27.3 want: 0.27.3
1844 silly placeDep ROOT @esbuild/netbsd-x64@0.27.3 OK for: esbuild@0.27.3 want: 0.27.3
1845 silly placeDep ROOT @esbuild/openbsd-arm64@0.27.3 OK for: esbuild@0.27.3 want: 0.27.3
1846 silly placeDep ROOT @esbuild/openbsd-x64@0.27.3 OK for: esbuild@0.27.3 want: 0.27.3
1847 silly placeDep ROOT @esbuild/openharmony-arm64@0.27.3 OK for: esbuild@0.27.3 want: 0.27.3
1848 silly placeDep ROOT @esbuild/sunos-x64@0.27.3 OK for: esbuild@0.27.3 want: 0.27.3
1849 silly placeDep ROOT @esbuild/win32-arm64@0.27.3 OK for: esbuild@0.27.3 want: 0.27.3
1850 silly placeDep ROOT @esbuild/win32-ia32@0.27.3 OK for: esbuild@0.27.3 want: 0.27.3
1851 silly placeDep ROOT @esbuild/win32-x64@0.27.3 OK for: esbuild@0.27.3 want: 0.27.3
1852 silly placeDep ROOT accepts@2.0.0 OK for: express@5.2.1 want: ^2.0.0
1853 silly placeDep ROOT body-parser@2.2.2 OK for: express@5.2.1 want: ^2.2.1
1854 silly placeDep ROOT content-disposition@1.0.1 OK for: express@5.2.1 want: ^1.0.0
1855 silly placeDep ROOT cookie@0.7.2 OK for: express@5.2.1 want: ^0.7.1
1856 silly placeDep ROOT cookie-signature@1.2.2 OK for: express@5.2.1 want: ^1.2.1
1857 silly placeDep ROOT depd@2.0.0 OK for: express@5.2.1 want: ^2.0.0
1858 silly placeDep ROOT encodeurl@2.0.0 OK for: express@5.2.1 want: ^2.0.0
1859 silly placeDep ROOT escape-html@1.0.3 OK for: express@5.2.1 want: ^1.0.3
1860 silly placeDep ROOT etag@1.8.1 OK for: express@5.2.1 want: ^1.8.1
1861 silly placeDep ROOT finalhandler@2.1.1 OK for: express@5.2.1 want: ^2.1.0
1862 silly placeDep ROOT fresh@2.0.0 OK for: express@5.2.1 want: ^2.0.0
1863 silly placeDep ROOT http-errors@2.0.1 OK for: express@5.2.1 want: ^2.0.0
1864 silly placeDep ROOT merge-descriptors@2.0.0 OK for: express@5.2.1 want: ^2.0.0
1865 silly placeDep ROOT mime-types@3.0.2 OK for: express@5.2.1 want: ^3.0.0
1866 silly placeDep ROOT on-finished@2.4.1 OK for: express@5.2.1 want: ^2.4.1
1867 silly placeDep ROOT once@1.4.0 OK for: express@5.2.1 want: ^1.4.0
1868 silly placeDep ROOT parseurl@1.3.3 OK for: express@5.2.1 want: ^1.3.3
1869 silly placeDep ROOT proxy-addr@2.0.7 OK for: express@5.2.1 want: ^2.0.7
1870 silly placeDep ROOT qs@6.15.0 OK for: express@5.2.1 want: ^6.14.0
1871 silly placeDep ROOT range-parser@1.2.1 OK for: express@5.2.1 want: ^1.2.1
1872 silly placeDep ROOT router@2.2.0 OK for: express@5.2.1 want: ^2.2.0
1873 silly placeDep ROOT send@1.2.1 OK for: express@5.2.1 want: ^1.1.0
1874 silly placeDep ROOT serve-static@2.2.1 OK for: express@5.2.1 want: ^2.2.0
1875 silly placeDep ROOT statuses@2.0.2 OK for: express@5.2.1 want: ^2.0.1
1876 silly placeDep ROOT type-is@2.0.1 OK for: express@5.2.1 want: ^2.0.1
1877 silly fetch manifest negotiator@^1.0.0
1878 silly packumentCache full:https://registry.npmjs.org/negotiator cache-miss
1879 silly fetch manifest bytes@^3.1.2
1880 silly packumentCache full:https://registry.npmjs.org/bytes cache-hit
1881 silly fetch manifest qs@^6.14.1
1882 silly packumentCache full:https://registry.npmjs.org/qs cache-hit
1883 silly fetch manifest inherits@~2.0.4
1884 silly packumentCache full:https://registry.npmjs.org/inherits cache-miss
1885 silly fetch manifest setprototypeof@~1.2.0
1886 silly packumentCache full:https://registry.npmjs.org/setprototypeof cache-miss
1887 silly fetch manifest statuses@~2.0.2
1888 silly packumentCache full:https://registry.npmjs.org/statuses cache-hit
1889 silly fetch manifest toidentifier@~1.0.1
1890 silly packumentCache full:https://registry.npmjs.org/toidentifier cache-miss
1891 silly fetch manifest mime-db@^1.54.0
1892 silly packumentCache full:https://registry.npmjs.org/mime-db cache-miss
1893 silly fetch manifest ee-first@1.1.1
1894 silly packumentCache full:https://registry.npmjs.org/ee-first cache-miss
1895 silly fetch manifest wrappy@1
1896 silly packumentCache full:https://registry.npmjs.org/wrappy cache-miss
1897 silly fetch manifest forwarded@0.2.0
1898 silly packumentCache full:https://registry.npmjs.org/forwarded cache-miss
1899 silly fetch manifest ipaddr.js@1.9.1
1900 silly packumentCache full:https://registry.npmjs.org/ipaddr.js cache-miss
1901 http fetch GET 200 https://registry.npmjs.org/inherits 36ms (cache revalidated)
1902 silly packumentCache full:https://registry.npmjs.org/inherits set size:12925 disposed:false
1903 silly fetch manifest side-channel@^1.1.0
1904 silly packumentCache full:https://registry.npmjs.org/side-channel cache-miss
1905 http fetch GET 200 https://registry.npmjs.org/negotiator 45ms (cache revalidated)
1906 silly packumentCache full:https://registry.npmjs.org/negotiator set size:48046 disposed:false
1907 silly fetch manifest is-promise@^4.0.0
1908 silly packumentCache full:https://registry.npmjs.org/is-promise cache-miss
1909 http fetch GET 200 https://registry.npmjs.org/forwarded 45ms (cache revalidated)
1910 silly packumentCache full:https://registry.npmjs.org/forwarded set size:11229 disposed:false
1911 silly fetch manifest path-to-regexp@^8.0.0
1912 silly packumentCache full:https://registry.npmjs.org/path-to-regexp cache-miss
1913 http fetch GET 200 https://registry.npmjs.org/ipaddr.js 44ms (cache revalidated)
1914 silly packumentCache full:https://registry.npmjs.org/ipaddr.js set size:67857 disposed:false
1915 silly fetch manifest statuses@^2.0.2
1916 silly packumentCache full:https://registry.npmjs.org/statuses cache-hit
1917 silly fetch manifest media-typer@^1.1.0
1918 silly packumentCache full:https://registry.npmjs.org/media-typer cache-miss
1919 http fetch GET 200 https://registry.npmjs.org/wrappy 52ms (cache revalidated)
1920 silly packumentCache full:https://registry.npmjs.org/wrappy set size:7682 disposed:false
1921 http fetch GET 200 https://registry.npmjs.org/setprototypeof 53ms (cache revalidated)
1922 silly packumentCache full:https://registry.npmjs.org/setprototypeof set size:14532 disposed:false
1923 http fetch GET 200 https://registry.npmjs.org/mime-db 69ms (cache revalidated)
1924 silly packumentCache full:https://registry.npmjs.org/mime-db set size:164953 disposed:false
1925 http fetch GET 200 https://registry.npmjs.org/side-channel 40ms (cache revalidated)
1926 silly packumentCache full:https://registry.npmjs.org/side-channel set size:24660 disposed:false
1927 http fetch GET 200 https://registry.npmjs.org/ee-first 78ms (cache revalidated)
1928 silly packumentCache full:https://registry.npmjs.org/ee-first set size:15327 disposed:false
1929 http fetch GET 200 https://registry.npmjs.org/toidentifier 85ms (cache revalidated)
1930 silly packumentCache full:https://registry.npmjs.org/toidentifier set size:12006 disposed:false
1931 http fetch GET 200 https://registry.npmjs.org/is-promise 41ms (cache revalidated)
1932 silly packumentCache full:https://registry.npmjs.org/is-promise set size:18599 disposed:false
1933 http fetch GET 200 https://registry.npmjs.org/path-to-regexp 48ms (cache revalidated)
1934 silly packumentCache full:https://registry.npmjs.org/path-to-regexp set size:207142 disposed:false
1935 http fetch GET 200 https://registry.npmjs.org/media-typer 65ms (cache revalidated)
1936 silly packumentCache full:https://registry.npmjs.org/media-typer set size:20873 disposed:false
1937 silly placeDep ROOT negotiator@1.0.0 OK for: accepts@2.0.0 want: ^1.0.0
1938 silly placeDep ROOT bytes@3.1.2 OK for: body-parser@2.2.2 want: ^3.1.2
1939 silly placeDep ROOT ip-address@10.1.0 OK for: express-rate-limit@8.3.1 want: 10.1.0
1940 silly placeDep node_modules/htmlparser2 entities@7.0.1 OK for: htmlparser2@10.1.0 want: ^7.0.1
1941 silly placeDep ROOT inherits@2.0.4 OK for: http-errors@2.0.1 want: ~2.0.4
1942 silly placeDep ROOT setprototypeof@1.2.0 OK for: http-errors@2.0.1 want: ~1.2.0
1943 silly placeDep ROOT toidentifier@1.0.1 OK for: http-errors@2.0.1 want: ~1.0.1
1944 silly placeDep ROOT agent-base@7.1.4 OK for: https-proxy-agent@7.0.6 want: ^7.1.2
1945 silly placeDep ROOT safer-buffer@2.1.2 OK for: iconv-lite@0.7.2 want: >= 2.1.2 < 3.0.0
1946 silly placeDep ROOT @istanbuljs/schema@0.1.3 OK for: istanbul-lib-instrument@6.0.3 want: ^0.1.3
1947 silly placeDep ROOT istanbul-lib-coverage@3.2.2 OK for: istanbul-lib-instrument@6.0.3 want: ^3.2.0
1948 silly fetch manifest @noble/hashes@^1.8.0 || ^2.0.0
1949 silly packumentCache full:https://registry.npmjs.org/@noble%2fhashes cache-miss
1950 http fetch GET 200 https://registry.npmjs.org/@noble%2fhashes 656ms (cache miss)
1951 silly packumentCache full:https://registry.npmjs.org/@noble%2fhashes set size:undefined disposed:false
1952 silly placeDep ROOT @acemir/cssom@0.9.31 OK for: jsdom@28.1.0 want: ^0.9.31
1953 silly placeDep ROOT @asamuzakjp/dom-selector@6.8.1 OK for: jsdom@28.1.0 want: ^6.8.1
1954 silly placeDep ROOT @bramus/specificity@2.4.2 OK for: jsdom@28.1.0 want: ^2.4.2
1955 silly placeDep ROOT @exodus/bytes@1.15.0 OK for: jsdom@28.1.0 want: ^1.11.0
1956 silly placeDep ROOT cssstyle@6.2.0 OK for: jsdom@28.1.0 want: ^6.0.1
1957 silly placeDep ROOT data-urls@7.0.0 OK for: jsdom@28.1.0 want: ^7.0.0
1958 silly placeDep ROOT decimal.js@10.6.0 OK for: jsdom@28.1.0 want: ^10.6.0
1959 silly placeDep ROOT html-encoding-sniffer@6.0.0 OK for: jsdom@28.1.0 want: ^6.0.0
1960 silly placeDep ROOT http-proxy-agent@7.0.2 OK for: jsdom@28.1.0 want: ^7.0.2
1961 silly placeDep ROOT is-potential-custom-element-name@1.0.1 OK for: jsdom@28.1.0 want: ^1.0.1
1962 silly placeDep ROOT parse5@8.0.0 OK for: jsdom@28.1.0 want: ^8.0.0
1963 silly placeDep ROOT saxes@6.0.0 OK for: jsdom@28.1.0 want: ^6.0.0
1964 silly placeDep ROOT symbol-tree@3.2.4 OK for: jsdom@28.1.0 want: ^3.2.4
1965 silly placeDep ROOT tough-cookie@6.0.1 OK for: jsdom@28.1.0 want: ^6.0.0
1966 silly placeDep ROOT w3c-xmlserializer@5.0.0 OK for: jsdom@28.1.0 want: ^5.0.0
1967 silly placeDep ROOT webidl-conversions@8.0.1 OK for: jsdom@28.1.0 want: ^8.0.1
1968 silly placeDep ROOT whatwg-mimetype@5.0.0 OK for: jsdom@28.1.0 want: ^5.0.0
1969 silly placeDep ROOT whatwg-url@16.0.1 OK for: jsdom@28.1.0 want: ^16.0.0
1970 silly placeDep ROOT xml-name-validator@5.0.0 OK for: jsdom@28.1.0 want: ^5.0.0
1971 silly fetch manifest bidi-js@^1.0.3
1972 silly packumentCache full:https://registry.npmjs.org/bidi-js cache-miss
1973 silly fetch manifest css-tree@^3.1.0
1974 silly packumentCache full:https://registry.npmjs.org/css-tree cache-miss
1975 silly fetch manifest lru-cache@^11.2.6
1976 silly packumentCache full:https://registry.npmjs.org/lru-cache cache-hit
1977 silly fetch manifest @asamuzakjp/nwsapi@^2.3.9
1978 silly packumentCache full:https://registry.npmjs.org/@asamuzakjp%2fnwsapi cache-miss
1979 silly fetch manifest css-tree@^3.0.0
1980 silly packumentCache full:https://registry.npmjs.org/css-tree cache-miss
1981 silly fetch manifest @asamuzakjp/css-color@^5.0.1
1982 silly packumentCache full:https://registry.npmjs.org/@asamuzakjp%2fcss-color cache-miss
1983 silly fetch manifest @csstools/css-syntax-patches-for-csstree@^1.0.28
1984 silly packumentCache full:https://registry.npmjs.org/@csstools%2fcss-syntax-patches-for-csstree cache-miss
1985 silly fetch manifest css-tree@^3.1.0
1986 silly packumentCache full:https://registry.npmjs.org/css-tree cache-miss
1987 silly fetch manifest lru-cache@^11.2.6
1988 silly packumentCache full:https://registry.npmjs.org/lru-cache cache-hit
1989 silly fetch manifest xmlchars@^2.2.0
1990 silly packumentCache full:https://registry.npmjs.org/xmlchars cache-miss
1991 silly fetch manifest tldts@^7.0.5
1992 silly packumentCache full:https://registry.npmjs.org/tldts cache-miss
1993 http fetch GET 200 https://registry.npmjs.org/bidi-js 44ms (cache miss)
1994 silly packumentCache full:https://registry.npmjs.org/bidi-js set size:undefined disposed:false
1995 silly fetch manifest tr46@^6.0.0
1996 silly packumentCache full:https://registry.npmjs.org/tr46 cache-miss
1997 http fetch GET 200 https://registry.npmjs.org/xmlchars 53ms (cache miss)
1998 silly packumentCache full:https://registry.npmjs.org/xmlchars set size:undefined disposed:false
1999 http fetch GET 200 https://registry.npmjs.org/css-tree 65ms (cache miss)
2000 silly packumentCache full:https://registry.npmjs.org/css-tree set size:undefined disposed:false
2001 http fetch GET 200 https://registry.npmjs.org/@asamuzakjp%2fcss-color 68ms (cache miss)
2002 silly packumentCache full:https://registry.npmjs.org/@asamuzakjp%2fcss-color set size:undefined disposed:false
2003 http fetch GET 200 https://registry.npmjs.org/css-tree 70ms (cache miss)
2004 silly packumentCache full:https://registry.npmjs.org/css-tree set size:undefined disposed:false
2005 http fetch GET 200 https://registry.npmjs.org/css-tree 97ms (cache miss)
2006 silly packumentCache full:https://registry.npmjs.org/css-tree set size:undefined disposed:false
2007 http fetch GET 200 https://registry.npmjs.org/tr46 65ms (cache miss)
2008 silly packumentCache full:https://registry.npmjs.org/tr46 set size:undefined disposed:false
2009 http fetch GET 200 https://registry.npmjs.org/tldts 111ms (cache miss)
2010 silly packumentCache full:https://registry.npmjs.org/tldts set size:undefined disposed:false
2011 http fetch GET 200 https://registry.npmjs.org/@csstools%2fcss-syntax-patches-for-csstree 171ms (cache miss)
2012 silly packumentCache full:https://registry.npmjs.org/@csstools%2fcss-syntax-patches-for-csstree set size:undefined disposed:false
2013 http fetch GET 200 https://registry.npmjs.org/@asamuzakjp%2fnwsapi 199ms (cache miss)
2014 silly packumentCache full:https://registry.npmjs.org/@asamuzakjp%2fnwsapi set size:undefined disposed:false
2015 silly placeDep ROOT @asamuzakjp/nwsapi@2.3.9 OK for: @asamuzakjp/dom-selector@6.8.1 want: ^2.3.9
2016 silly placeDep ROOT bidi-js@1.0.3 OK for: @asamuzakjp/dom-selector@6.8.1 want: ^1.0.3
2017 silly placeDep ROOT css-tree@3.2.1 OK for: @asamuzakjp/dom-selector@6.8.1 want: ^3.1.0
2018 silly placeDep node_modules/@asamuzakjp/dom-selector lru-cache@11.2.7 OK for: @asamuzakjp/dom-selector@6.8.1 want: ^11.2.6
2019 silly fetch manifest mdn-data@2.27.1
2020 silly packumentCache full:https://registry.npmjs.org/mdn-data cache-miss
2021 http fetch GET 200 https://registry.npmjs.org/mdn-data 200ms (cache miss)
2022 silly packumentCache full:https://registry.npmjs.org/mdn-data set size:undefined disposed:false
2023 silly placeDep ROOT mdn-data@2.27.1 OK for: css-tree@3.2.1 want: 2.27.1
2024 silly placeDep ROOT source-map-js@1.2.1 OK for: css-tree@3.2.1 want: ^1.2.1
2025 silly placeDep ROOT @asamuzakjp/css-color@5.0.1 OK for: cssstyle@6.2.0 want: ^5.0.1
2026 silly placeDep ROOT @csstools/css-syntax-patches-for-csstree@1.1.1 OK for: cssstyle@6.2.0 want: ^1.0.28
2027 silly placeDep node_modules/cssstyle lru-cache@11.2.7 OK for: cssstyle@6.2.0 want: ^11.2.6
2028 silly fetch manifest @csstools/css-calc@^3.1.1
2029 silly packumentCache full:https://registry.npmjs.org/@csstools%2fcss-calc cache-miss
2030 silly fetch manifest @csstools/css-color-parser@^4.0.2
2031 silly packumentCache full:https://registry.npmjs.org/@csstools%2fcss-color-parser cache-miss
2032 silly fetch manifest @csstools/css-parser-algorithms@^4.0.0
2033 silly packumentCache full:https://registry.npmjs.org/@csstools%2fcss-parser-algorithms cache-miss
2034 silly fetch manifest @csstools/css-tokenizer@^4.0.0
2035 silly packumentCache full:https://registry.npmjs.org/@csstools%2fcss-tokenizer cache-miss
2036 http fetch GET 200 https://registry.npmjs.org/@csstools%2fcss-parser-algorithms 64ms (cache miss)
2037 silly packumentCache full:https://registry.npmjs.org/@csstools%2fcss-parser-algorithms set size:undefined disposed:false
2038 http fetch GET 200 https://registry.npmjs.org/@csstools%2fcss-tokenizer 81ms (cache miss)
2039 silly packumentCache full:https://registry.npmjs.org/@csstools%2fcss-tokenizer set size:undefined disposed:false
2040 http fetch GET 200 https://registry.npmjs.org/@csstools%2fcss-color-parser 82ms (cache miss)
2041 silly packumentCache full:https://registry.npmjs.org/@csstools%2fcss-color-parser set size:undefined disposed:false
2042 http fetch GET 200 https://registry.npmjs.org/@csstools%2fcss-calc 144ms (cache miss)
2043 silly packumentCache full:https://registry.npmjs.org/@csstools%2fcss-calc set size:undefined disposed:false
2044 silly placeDep ROOT @csstools/css-calc@3.1.1 OK for: @asamuzakjp/css-color@5.0.1 want: ^3.1.1
2045 silly placeDep ROOT @csstools/css-parser-algorithms@4.0.0 OK for: @csstools/css-calc@3.1.1 want: ^4.0.0
2046 silly placeDep ROOT @csstools/css-tokenizer@4.0.0 OK for: @csstools/css-parser-algorithms@4.0.0 want: ^4.0.0
2047 silly placeDep ROOT @csstools/css-color-parser@4.0.2 OK for: @asamuzakjp/css-color@5.0.1 want: ^4.0.2
2048 silly placeDep node_modules/@asamuzakjp/css-color lru-cache@11.2.7 OK for: @asamuzakjp/css-color@5.0.1 want: ^11.2.6
2049 silly fetch manifest @csstools/color-helpers@^6.0.2
2050 silly packumentCache full:https://registry.npmjs.org/@csstools%2fcolor-helpers cache-miss
2051 http fetch GET 200 https://registry.npmjs.org/@csstools%2fcolor-helpers 86ms (cache miss)
2052 silly packumentCache full:https://registry.npmjs.org/@csstools%2fcolor-helpers set size:undefined disposed:false
2053 silly placeDep ROOT @csstools/color-helpers@6.0.2 OK for: @csstools/css-color-parser@4.0.2 want: ^6.0.2
2054 silly placeDep ROOT cli-truncate@5.2.0 OK for: listr2@9.0.5 want: ^5.0.0
2055 silly placeDep ROOT colorette@2.0.20 OK for: listr2@9.0.5 want: ^2.0.20
2056 silly placeDep ROOT eventemitter3@5.0.4 OK for: listr2@9.0.5 want: ^5.0.1
2057 silly placeDep ROOT log-update@6.1.0 OK for: listr2@9.0.5 want: ^6.1.0
2058 silly placeDep ROOT rfdc@1.4.1 OK for: listr2@9.0.5 want: ^1.4.1
2059 silly placeDep node_modules/listr2 wrap-ansi@9.0.2 OK for: listr2@9.0.5 want: ^9.0.0
2060 silly fetch manifest slice-ansi@^8.0.0
2061 silly packumentCache full:https://registry.npmjs.org/slice-ansi cache-miss
2062 silly fetch manifest string-width@^8.2.0
2063 silly packumentCache full:https://registry.npmjs.org/string-width cache-hit
2064 silly fetch manifest slice-ansi@^7.1.0
2065 silly packumentCache full:https://registry.npmjs.org/slice-ansi cache-miss
2066 silly fetch manifest strip-ansi@^7.1.0
2067 silly packumentCache full:https://registry.npmjs.org/strip-ansi cache-hit
2068 silly fetch manifest ansi-escapes@^7.0.0
2069 silly packumentCache full:https://registry.npmjs.org/ansi-escapes cache-miss
2070 silly fetch manifest strip-ansi@^7.1.0
2071 silly packumentCache full:https://registry.npmjs.org/strip-ansi cache-hit
2072 silly fetch manifest ansi-styles@^6.2.1
2073 silly packumentCache full:https://registry.npmjs.org/ansi-styles cache-hit
2074 silly fetch manifest string-width@^7.0.0
2075 silly packumentCache full:https://registry.npmjs.org/string-width cache-hit
2076 http fetch GET 200 https://registry.npmjs.org/ansi-escapes 44ms (cache revalidated)
2077 silly packumentCache full:https://registry.npmjs.org/ansi-escapes set size:70915 disposed:false
2078 http fetch GET 200 https://registry.npmjs.org/slice-ansi 63ms (cache revalidated)
2079 silly packumentCache full:https://registry.npmjs.org/slice-ansi set size:34449 disposed:false
2080 http fetch GET 200 https://registry.npmjs.org/slice-ansi 64ms (cache revalidated)
2081 silly packumentCache full:https://registry.npmjs.org/slice-ansi set size:34449 disposed:false
2082 silly packumentCache full:https://registry.npmjs.org/slice-ansi dispose
2083 silly placeDep ROOT slice-ansi@8.0.0 OK for: cli-truncate@5.2.0 want: ^8.0.0
2084 silly placeDep ROOT string-width@8.2.0 OK for: cli-truncate@5.2.0 want: ^8.2.0
2085 silly fetch manifest ansi-styles@^6.2.3
2086 silly packumentCache full:https://registry.npmjs.org/ansi-styles cache-hit
2087 silly fetch manifest is-fullwidth-code-point@^5.1.0
2088 silly packumentCache full:https://registry.npmjs.org/is-fullwidth-code-point cache-miss
2089 silly fetch manifest get-east-asian-width@^1.5.0
2090 silly packumentCache full:https://registry.npmjs.org/get-east-asian-width cache-miss
2091 silly fetch manifest strip-ansi@^7.1.2
2092 silly packumentCache full:https://registry.npmjs.org/strip-ansi cache-hit
2093 http fetch GET 200 https://registry.npmjs.org/is-fullwidth-code-point 38ms (cache revalidated)
2094 silly packumentCache full:https://registry.npmjs.org/is-fullwidth-code-point set size:14578 disposed:false
2095 http fetch GET 200 https://registry.npmjs.org/get-east-asian-width 46ms (cache revalidated)
2096 silly packumentCache full:https://registry.npmjs.org/get-east-asian-width set size:18337 disposed:false
2097 silly placeDep ROOT @harperfast/extended-iterable@1.0.3 OK for: lmdb@3.5.1 want: ^1.0.3
2098 silly placeDep ROOT @lmdb/lmdb-darwin-arm64@3.5.1 OK for: lmdb@3.5.1 want: 3.5.1
2099 silly placeDep ROOT @lmdb/lmdb-darwin-x64@3.5.1 OK for: lmdb@3.5.1 want: 3.5.1
2100 silly placeDep ROOT @lmdb/lmdb-linux-arm@3.5.1 OK for: lmdb@3.5.1 want: 3.5.1
2101 silly placeDep ROOT @lmdb/lmdb-linux-arm64@3.5.1 OK for: lmdb@3.5.1 want: 3.5.1
2102 silly placeDep ROOT @lmdb/lmdb-linux-x64@3.5.1 OK for: lmdb@3.5.1 want: 3.5.1
2103 silly placeDep ROOT @lmdb/lmdb-win32-arm64@3.5.1 OK for: lmdb@3.5.1 want: 3.5.1
2104 silly placeDep ROOT @lmdb/lmdb-win32-x64@3.5.1 OK for: lmdb@3.5.1 want: 3.5.1
2105 silly placeDep ROOT msgpackr@1.11.9 OK for: lmdb@3.5.1 want: ^1.11.2
2106 silly placeDep ROOT node-addon-api@6.1.0 OK for: lmdb@3.5.1 want: ^6.1.0
2107 silly placeDep ROOT node-gyp-build-optional-packages@5.2.2 OK for: lmdb@3.5.1 want: 5.2.2
2108 silly placeDep ROOT ordered-binary@1.6.1 OK for: lmdb@3.5.1 want: ^1.5.3
2109 silly placeDep ROOT weak-lru-cache@1.2.2 OK for: lmdb@3.5.1 want: ^1.2.2
2110 silly fetch manifest msgpackr-extract@^3.0.2
2111 silly packumentCache full:https://registry.npmjs.org/msgpackr-extract cache-miss
2112 silly fetch manifest detect-libc@^2.0.1
2113 silly packumentCache full:https://registry.npmjs.org/detect-libc cache-miss
2114 http fetch GET 200 https://registry.npmjs.org/detect-libc 84ms (cache miss)
2115 silly packumentCache full:https://registry.npmjs.org/detect-libc set size:undefined disposed:false
2116 http fetch GET 200 https://registry.npmjs.org/msgpackr-extract 199ms (cache miss)
2117 silly packumentCache full:https://registry.npmjs.org/msgpackr-extract set size:undefined disposed:false
2118 silly placeDep ROOT ansi-escapes@7.3.0 OK for: log-update@6.1.0 want: ^7.0.0
2119 silly placeDep ROOT cli-cursor@5.0.0 OK for: log-update@6.1.0 want: ^5.0.0
2120 silly placeDep node_modules/log-update slice-ansi@7.1.2 OK for: log-update@6.1.0 want: ^7.1.0
2121 silly placeDep ROOT strip-ansi@7.2.0 OK for: log-update@6.1.0 want: ^7.1.0
2122 silly placeDep node_modules/log-update wrap-ansi@9.0.2 OK for: log-update@6.1.0 want: ^9.0.0
2123 silly fetch manifest environment@^1.0.0
2124 silly packumentCache full:https://registry.npmjs.org/environment cache-miss
2125 silly fetch manifest restore-cursor@^5.0.0
2126 silly packumentCache full:https://registry.npmjs.org/restore-cursor cache-miss
2127 silly fetch manifest is-fullwidth-code-point@^5.0.0
2128 silly packumentCache full:https://registry.npmjs.org/is-fullwidth-code-point cache-hit
2129 silly fetch manifest ansi-regex@^6.2.2
2130 silly packumentCache full:https://registry.npmjs.org/ansi-regex cache-miss
2131 http fetch GET 200 https://registry.npmjs.org/ansi-regex 45ms (cache revalidated)
2132 silly packumentCache full:https://registry.npmjs.org/ansi-regex set size:43572 disposed:false
2133 http fetch GET 200 https://registry.npmjs.org/environment 48ms (cache revalidated)
2134 silly packumentCache full:https://registry.npmjs.org/environment set size:13915 disposed:false
2135 http fetch GET 200 https://registry.npmjs.org/restore-cursor 54ms (cache revalidated)
2136 silly packumentCache full:https://registry.npmjs.org/restore-cursor set size:17895 disposed:false
2137 silly placeDep ROOT environment@1.1.0 OK for: ansi-escapes@7.3.0 want: ^1.0.0
2138 silly placeDep ROOT restore-cursor@5.1.0 OK for: cli-cursor@5.0.0 want: ^5.0.0
2139 silly fetch manifest onetime@^7.0.0
2140 silly packumentCache full:https://registry.npmjs.org/onetime cache-miss
2141 http fetch GET 200 https://registry.npmjs.org/onetime 46ms (cache revalidated)
2142 silly packumentCache full:https://registry.npmjs.org/onetime set size:32314 disposed:false
2143 silly placeDep ROOT yallist@3.1.1 OK for: lru-cache@5.1.1 want: ^3.0.2
2144 silly placeDep ROOT mime-db@1.54.0 OK for: mime-types@3.0.2 want: ^1.54.0
2145 silly placeDep ROOT msgpackr-extract@3.0.3 OK for: msgpackr@1.11.9 want: ^3.0.2
2146 silly fetch manifest @msgpackr-extract/msgpackr-extract-darwin-arm64@3.0.3
2147 silly packumentCache full:https://registry.npmjs.org/@msgpackr-extract%2fmsgpackr-extract-darwin-arm64 cache-miss
2148 silly fetch manifest @msgpackr-extract/msgpackr-extract-darwin-x64@3.0.3
2149 silly packumentCache full:https://registry.npmjs.org/@msgpackr-extract%2fmsgpackr-extract-darwin-x64 cache-miss
2150 silly fetch manifest @msgpackr-extract/msgpackr-extract-linux-arm@3.0.3
2151 silly packumentCache full:https://registry.npmjs.org/@msgpackr-extract%2fmsgpackr-extract-linux-arm cache-miss
2152 silly fetch manifest @msgpackr-extract/msgpackr-extract-linux-arm64@3.0.3
2153 silly packumentCache full:https://registry.npmjs.org/@msgpackr-extract%2fmsgpackr-extract-linux-arm64 cache-miss
2154 silly fetch manifest @msgpackr-extract/msgpackr-extract-linux-x64@3.0.3
2155 silly packumentCache full:https://registry.npmjs.org/@msgpackr-extract%2fmsgpackr-extract-linux-x64 cache-miss
2156 silly fetch manifest @msgpackr-extract/msgpackr-extract-win32-x64@3.0.3
2157 silly packumentCache full:https://registry.npmjs.org/@msgpackr-extract%2fmsgpackr-extract-win32-x64 cache-miss
2158 http fetch GET 200 https://registry.npmjs.org/@msgpackr-extract%2fmsgpackr-extract-linux-arm64 167ms (cache miss)
2159 silly packumentCache full:https://registry.npmjs.org/@msgpackr-extract%2fmsgpackr-extract-linux-arm64 set size:undefined disposed:false
2160 http fetch GET 200 https://registry.npmjs.org/@msgpackr-extract%2fmsgpackr-extract-linux-arm 173ms (cache miss)
2161 silly packumentCache full:https://registry.npmjs.org/@msgpackr-extract%2fmsgpackr-extract-linux-arm set size:undefined disposed:false
2162 http fetch GET 200 https://registry.npmjs.org/@msgpackr-extract%2fmsgpackr-extract-win32-x64 174ms (cache miss)
2163 silly packumentCache full:https://registry.npmjs.org/@msgpackr-extract%2fmsgpackr-extract-win32-x64 set size:undefined disposed:false
2164 http fetch GET 200 https://registry.npmjs.org/@msgpackr-extract%2fmsgpackr-extract-darwin-arm64 197ms (cache miss)
2165 silly packumentCache full:https://registry.npmjs.org/@msgpackr-extract%2fmsgpackr-extract-darwin-arm64 set size:undefined disposed:false
2166 http fetch GET 200 https://registry.npmjs.org/@msgpackr-extract%2fmsgpackr-extract-darwin-x64 305ms (cache miss)
2167 silly packumentCache full:https://registry.npmjs.org/@msgpackr-extract%2fmsgpackr-extract-darwin-x64 set size:undefined disposed:false
2168 http fetch GET 200 https://registry.npmjs.org/@msgpackr-extract%2fmsgpackr-extract-linux-x64 368ms (cache miss)
2169 silly packumentCache full:https://registry.npmjs.org/@msgpackr-extract%2fmsgpackr-extract-linux-x64 set size:undefined disposed:false
2170 silly placeDep ROOT @msgpackr-extract/msgpackr-extract-darwin-arm64@3.0.3 OK for: msgpackr-extract@3.0.3 want: 3.0.3
2171 silly placeDep ROOT @msgpackr-extract/msgpackr-extract-darwin-x64@3.0.3 OK for: msgpackr-extract@3.0.3 want: 3.0.3
2172 silly placeDep ROOT @msgpackr-extract/msgpackr-extract-linux-arm@3.0.3 OK for: msgpackr-extract@3.0.3 want: 3.0.3
2173 silly placeDep ROOT @msgpackr-extract/msgpackr-extract-linux-arm64@3.0.3 OK for: msgpackr-extract@3.0.3 want: 3.0.3
2174 silly placeDep ROOT @msgpackr-extract/msgpackr-extract-linux-x64@3.0.3 OK for: msgpackr-extract@3.0.3 want: 3.0.3
2175 silly placeDep ROOT @msgpackr-extract/msgpackr-extract-win32-x64@3.0.3 OK for: msgpackr-extract@3.0.3 want: 3.0.3
2176 silly placeDep ROOT detect-libc@2.1.2 OK for: node-gyp-build-optional-packages@5.2.2 want: ^2.0.1
2177 silly placeDep ROOT hosted-git-info@9.0.2 OK for: npm-package-arg@13.0.2 want: ^9.0.0
2178 silly placeDep ROOT proc-log@6.1.0 OK for: npm-package-arg@13.0.2 want: ^6.0.0
2179 silly placeDep ROOT validate-npm-package-name@7.0.2 OK for: npm-package-arg@13.0.2 want: ^7.0.0
2180 silly fetch manifest lru-cache@^11.1.0
2181 silly packumentCache full:https://registry.npmjs.org/lru-cache cache-hit
2182 silly placeDep node_modules/hosted-git-info lru-cache@11.2.7 OK for: hosted-git-info@9.0.2 want: ^11.1.0
2183 silly placeDep ROOT ee-first@1.1.1 OK for: on-finished@2.4.1 want: 1.1.1
2184 silly placeDep ROOT wrappy@1.0.2 OK for: once@1.4.0 want: 1
2185 silly placeDep ROOT chalk@5.6.2 OK for: ora@9.3.0 want: ^5.6.2
2186 silly placeDep ROOT cli-spinners@3.4.0 OK for: ora@9.3.0 want: ^3.2.0
2187 silly placeDep ROOT is-interactive@2.0.0 OK for: ora@9.3.0 want: ^2.0.0
2188 silly placeDep ROOT is-unicode-supported@2.1.0 OK for: ora@9.3.0 want: ^2.1.0
2189 silly placeDep ROOT log-symbols@7.0.1 OK for: ora@9.3.0 want: ^7.0.1
2190 silly placeDep ROOT stdin-discarder@0.3.1 OK for: ora@9.3.0 want: ^0.3.1
2191 silly fetch manifest yoctocolors@^2.1.1
2192 silly packumentCache full:https://registry.npmjs.org/yoctocolors cache-miss
2193 http fetch GET 200 https://registry.npmjs.org/yoctocolors 50ms (cache revalidated)
2194 silly packumentCache full:https://registry.npmjs.org/yoctocolors set size:25767 disposed:false
2195 silly placeDep ROOT yoctocolors@2.1.2 OK for: log-symbols@7.0.1 want: ^2.1.1
2196 silly placeDep ROOT @npmcli/git@7.0.2 OK for: pacote@21.3.1 want: ^7.0.0
2197 silly placeDep ROOT @npmcli/installed-package-contents@4.0.0 OK for: pacote@21.3.1 want: ^4.0.0
2198 silly placeDep ROOT @npmcli/package-json@7.0.5 OK for: pacote@21.3.1 want: ^7.0.0
2199 silly placeDep ROOT @npmcli/promise-spawn@9.0.1 OK for: pacote@21.3.1 want: ^9.0.0
2200 silly placeDep ROOT @npmcli/run-script@10.0.4 OK for: pacote@21.3.1 want: ^10.0.0
2201 silly placeDep ROOT cacache@20.0.4 OK for: pacote@21.3.1 want: ^20.0.0
2202 silly placeDep ROOT fs-minipass@3.0.3 OK for: pacote@21.3.1 want: ^3.0.0
2203 silly placeDep ROOT minipass@7.1.3 OK for: pacote@21.3.1 want: ^7.0.2
2204 silly placeDep ROOT npm-packlist@10.0.4 OK for: pacote@21.3.1 want: ^10.0.1
2205 silly placeDep ROOT npm-pick-manifest@11.0.3 OK for: pacote@21.3.1 want: ^11.0.1
2206 silly placeDep ROOT npm-registry-fetch@19.1.1 OK for: pacote@21.3.1 want: ^19.0.0
2207 silly placeDep ROOT promise-retry@2.0.1 OK for: pacote@21.3.1 want: ^2.0.1
2208 silly placeDep ROOT sigstore@4.1.0 OK for: pacote@21.3.1 want: ^4.0.0
2209 silly placeDep ROOT ssri@13.0.1 OK for: pacote@21.3.1 want: ^13.0.0
2210 silly placeDep ROOT tar@7.5.11 OK for: pacote@21.3.1 want: ^7.4.3
2211 silly fetch manifest @gar/promise-retry@^1.0.0
2212 silly packumentCache full:https://registry.npmjs.org/@gar%2fpromise-retry cache-miss
2213 silly fetch manifest lru-cache@^11.2.1
2214 silly packumentCache full:https://registry.npmjs.org/lru-cache cache-hit
2215 silly fetch manifest which@^6.0.0
2216 silly packumentCache full:https://registry.npmjs.org/which cache-hit
2217 silly fetch manifest npm-bundled@^5.0.0
2218 silly packumentCache full:https://registry.npmjs.org/npm-bundled cache-miss
2219 silly fetch manifest npm-normalize-package-bin@^5.0.0
2220 silly packumentCache full:https://registry.npmjs.org/npm-normalize-package-bin cache-miss
2221 silly fetch manifest glob@^13.0.0
2222 silly packumentCache full:https://registry.npmjs.org/glob cache-miss
2223 silly fetch manifest json-parse-even-better-errors@^5.0.0
2224 silly packumentCache full:https://registry.npmjs.org/json-parse-even-better-errors cache-miss
2225 silly fetch manifest spdx-expression-parse@^4.0.0
2226 silly packumentCache full:https://registry.npmjs.org/spdx-expression-parse cache-miss
2227 silly fetch manifest which@^6.0.0
2228 silly packumentCache full:https://registry.npmjs.org/which cache-hit
2229 silly fetch manifest @npmcli/node-gyp@^5.0.0
2230 silly packumentCache full:https://registry.npmjs.org/@npmcli%2fnode-gyp cache-miss
2231 silly fetch manifest node-gyp@^12.1.0
2232 silly packumentCache full:https://registry.npmjs.org/node-gyp cache-miss
2233 silly fetch manifest @npmcli/fs@^5.0.0
2234 silly packumentCache full:https://registry.npmjs.org/@npmcli%2ffs cache-miss
2235 http fetch GET 200 https://registry.npmjs.org/npm-bundled 40ms (cache revalidated)
2236 silly packumentCache full:https://registry.npmjs.org/npm-bundled set size:41434 disposed:false
2237 silly fetch manifest glob@^13.0.0
2238 silly packumentCache full:https://registry.npmjs.org/glob cache-miss
2239 http fetch GET 200 https://registry.npmjs.org/node-gyp 55ms (cache revalidated)
2240 silly packumentCache full:https://registry.npmjs.org/node-gyp set size:315451 disposed:false
2241 silly fetch manifest minipass@^7.0.3
2242 silly packumentCache full:https://registry.npmjs.org/minipass cache-hit
2243 silly fetch manifest minipass-collect@^2.0.1
2244 silly packumentCache full:https://registry.npmjs.org/minipass-collect cache-miss
2245 http fetch GET 200 https://registry.npmjs.org/@npmcli%2fnode-gyp 58ms (cache revalidated)
2246 silly packumentCache full:https://registry.npmjs.org/@npmcli%2fnode-gyp set size:21995 disposed:false
2247 silly fetch manifest minipass-flush@^1.0.5
2248 silly packumentCache full:https://registry.npmjs.org/minipass-flush cache-miss
2249 http fetch GET 200 https://registry.npmjs.org/@npmcli%2ffs 58ms (cache revalidated)
2250 silly packumentCache full:https://registry.npmjs.org/@npmcli%2ffs set size:40552 disposed:false
2251 silly fetch manifest minipass-pipeline@^1.2.4
2252 silly packumentCache full:https://registry.npmjs.org/minipass-pipeline cache-miss
2253 http fetch GET 200 https://registry.npmjs.org/glob 61ms (cache revalidated)
2254 silly packumentCache full:https://registry.npmjs.org/glob set size:469465 disposed:false
2255 silly fetch manifest p-map@^7.0.2
2256 silly packumentCache full:https://registry.npmjs.org/p-map cache-miss
2257 http fetch GET 200 https://registry.npmjs.org/spdx-expression-parse 64ms (cache revalidated)
2258 silly packumentCache full:https://registry.npmjs.org/spdx-expression-parse set size:29500 disposed:false
2259 silly fetch manifest ignore-walk@^8.0.0
2260 silly packumentCache full:https://registry.npmjs.org/ignore-walk cache-miss
2261 http fetch GET 200 https://registry.npmjs.org/json-parse-even-better-errors 64ms (cache revalidated)
2262 silly packumentCache full:https://registry.npmjs.org/json-parse-even-better-errors set size:34572 disposed:false
2263 silly fetch manifest npm-install-checks@^8.0.0
2264 silly packumentCache full:https://registry.npmjs.org/npm-install-checks cache-miss
2265 http fetch GET 200 https://registry.npmjs.org/npm-normalize-package-bin 66ms (cache revalidated)
2266 silly packumentCache full:https://registry.npmjs.org/npm-normalize-package-bin set size:21797 disposed:false
2267 silly fetch manifest @npmcli/redact@^4.0.0
2268 silly packumentCache full:https://registry.npmjs.org/@npmcli%2fredact cache-miss
2269 http fetch GET 200 https://registry.npmjs.org/glob 41ms (cache revalidated)
2270 silly packumentCache full:https://registry.npmjs.org/glob set size:469465 disposed:false
2271 silly packumentCache full:https://registry.npmjs.org/glob dispose
2272 silly fetch manifest jsonparse@^1.3.1
2273 silly packumentCache full:https://registry.npmjs.org/jsonparse cache-miss
2274 http fetch GET 200 https://registry.npmjs.org/minipass-pipeline 43ms (cache revalidated)
2275 silly packumentCache full:https://registry.npmjs.org/minipass-pipeline set size:27941 disposed:false
2276 silly fetch manifest make-fetch-happen@^15.0.0
2277 silly packumentCache full:https://registry.npmjs.org/make-fetch-happen cache-miss
2278 http fetch GET 200 https://registry.npmjs.org/minipass-collect 50ms (cache revalidated)
2279 silly packumentCache full:https://registry.npmjs.org/minipass-collect set size:12471 disposed:false
2280 silly fetch manifest minipass-fetch@^5.0.0
2281 silly packumentCache full:https://registry.npmjs.org/minipass-fetch cache-miss
2282 http fetch GET 200 https://registry.npmjs.org/ignore-walk 45ms (cache revalidated)
2283 silly packumentCache full:https://registry.npmjs.org/ignore-walk set size:68355 disposed:false
2284 silly fetch manifest minizlib@^3.0.1
2285 silly packumentCache full:https://registry.npmjs.org/minizlib cache-miss
2286 http fetch GET 200 https://registry.npmjs.org/jsonparse 27ms (cache revalidated)
2287 silly packumentCache full:https://registry.npmjs.org/jsonparse set size:15932 disposed:false
2288 silly fetch manifest err-code@^2.0.2
2289 silly packumentCache full:https://registry.npmjs.org/err-code cache-miss
2290 http fetch GET 200 https://registry.npmjs.org/p-map 49ms (cache revalidated)
2291 silly packumentCache full:https://registry.npmjs.org/p-map set size:52373 disposed:false
2292 silly fetch manifest retry@^0.12.0
2293 silly packumentCache full:https://registry.npmjs.org/retry cache-miss
2294 http fetch GET 200 https://registry.npmjs.org/npm-install-checks 49ms (cache revalidated)
2295 silly packumentCache full:https://registry.npmjs.org/npm-install-checks set size:59311 disposed:false
2296 silly fetch manifest @sigstore/bundle@^4.0.0
2297 silly packumentCache full:https://registry.npmjs.org/@sigstore%2fbundle cache-miss
2298 http fetch GET 200 https://registry.npmjs.org/minipass-flush 62ms (cache revalidated)
2299 silly packumentCache full:https://registry.npmjs.org/minipass-flush set size:16292 disposed:false
2300 silly fetch manifest @sigstore/core@^3.1.0
2301 silly packumentCache full:https://registry.npmjs.org/@sigstore%2fcore cache-miss
2302 http fetch GET 200 https://registry.npmjs.org/make-fetch-happen 35ms (cache revalidated)
2303 silly packumentCache full:https://registry.npmjs.org/make-fetch-happen set size:373745 disposed:false
2304 silly fetch manifest @sigstore/protobuf-specs@^0.5.0
2305 silly packumentCache full:https://registry.npmjs.org/@sigstore%2fprotobuf-specs cache-miss
2306 http fetch GET 200 https://registry.npmjs.org/minizlib 36ms (cache revalidated)
2307 silly packumentCache full:https://registry.npmjs.org/minizlib set size:62862 disposed:false
2308 silly fetch manifest @sigstore/sign@^4.1.0
2309 silly packumentCache full:https://registry.npmjs.org/@sigstore%2fsign cache-miss
2310 http fetch GET 200 https://registry.npmjs.org/err-code 40ms (cache revalidated)
2311 silly packumentCache full:https://registry.npmjs.org/err-code set size:29518 disposed:false
2312 silly fetch manifest @sigstore/tuf@^4.0.1
2313 silly packumentCache full:https://registry.npmjs.org/@sigstore%2ftuf cache-miss
2314 http fetch GET 200 https://registry.npmjs.org/minipass-fetch 42ms (cache revalidated)
2315 silly packumentCache full:https://registry.npmjs.org/minipass-fetch set size:106282 disposed:false
2316 silly fetch manifest @sigstore/verify@^3.1.0
2317 silly packumentCache full:https://registry.npmjs.org/@sigstore%2fverify cache-miss
2318 http fetch GET 200 https://registry.npmjs.org/retry 54ms (cache revalidated)
2319 silly packumentCache full:https://registry.npmjs.org/retry set size:31161 disposed:false
2320 silly fetch manifest @isaacs/fs-minipass@^4.0.0
2321 silly packumentCache full:https://registry.npmjs.org/@isaacs%2ffs-minipass cache-miss
2322 http fetch GET 200 https://registry.npmjs.org/@gar%2fpromise-retry 184ms (cache revalidated)
2323 silly packumentCache full:https://registry.npmjs.org/@gar%2fpromise-retry set size:11490 disposed:false
2324 silly fetch manifest chownr@^3.0.0
2325 silly packumentCache full:https://registry.npmjs.org/chownr cache-miss
2326 http fetch GET 200 https://registry.npmjs.org/chownr 39ms (cache revalidated)
2327 silly packumentCache full:https://registry.npmjs.org/chownr set size:22157 disposed:false
2328 silly fetch manifest minizlib@^3.1.0
2329 silly packumentCache full:https://registry.npmjs.org/minizlib cache-hit
2330 silly fetch manifest yallist@^5.0.0
2331 silly packumentCache full:https://registry.npmjs.org/yallist cache-hit
2332 http fetch GET 200 https://registry.npmjs.org/@sigstore%2fprotobuf-specs 191ms (cache revalidated)
2333 silly packumentCache full:https://registry.npmjs.org/@sigstore%2fprotobuf-specs set size:26034 disposed:false
2334 http fetch GET 200 https://registry.npmjs.org/@sigstore%2fcore 212ms (cache revalidated)
2335 silly packumentCache full:https://registry.npmjs.org/@sigstore%2fcore set size:15387 disposed:false
2336 http fetch GET 200 https://registry.npmjs.org/@sigstore%2fverify 204ms (cache revalidated)
2337 silly packumentCache full:https://registry.npmjs.org/@sigstore%2fverify set size:21996 disposed:false
2338 http fetch GET 200 https://registry.npmjs.org/@npmcli%2fredact 290ms (cache revalidated)
2339 silly packumentCache full:https://registry.npmjs.org/@npmcli%2fredact set size:30551 disposed:false
2340 http fetch GET 200 https://registry.npmjs.org/@sigstore%2fsign 215ms (cache revalidated)
2341 silly packumentCache full:https://registry.npmjs.org/@sigstore%2fsign set size:39638 disposed:false
2342 http fetch GET 200 https://registry.npmjs.org/@isaacs%2ffs-minipass 205ms (cache revalidated)
2343 silly packumentCache full:https://registry.npmjs.org/@isaacs%2ffs-minipass set size:7912 disposed:false
2344 http fetch GET 200 https://registry.npmjs.org/@sigstore%2fbundle 508ms (cache revalidated)
2345 silly packumentCache full:https://registry.npmjs.org/@sigstore%2fbundle set size:23167 disposed:false
2346 http fetch GET 200 https://registry.npmjs.org/@sigstore%2ftuf 473ms (cache revalidated)
2347 silly packumentCache full:https://registry.npmjs.org/@sigstore%2ftuf set size:39378 disposed:false
2348 silly placeDep ROOT @gar/promise-retry@1.0.3 OK for: @npmcli/git@7.0.2 want: ^1.0.0
2349 silly placeDep node_modules/@npmcli/git lru-cache@11.2.7 OK for: @npmcli/git@7.0.2 want: ^11.2.1
2350 silly placeDep node_modules/@npmcli/git which@6.0.1 OK for: @npmcli/git@7.0.2 want: ^6.0.0
2351 silly fetch manifest isexe@^4.0.0
2352 silly packumentCache full:https://registry.npmjs.org/isexe cache-hit
2353 silly placeDep ROOT npm-bundled@5.0.0 OK for: @npmcli/installed-package-contents@4.0.0 want: ^5.0.0
2354 silly placeDep ROOT npm-normalize-package-bin@5.0.0 OK for: @npmcli/installed-package-contents@4.0.0 want: ^5.0.0
2355 silly placeDep ROOT glob@13.0.6 OK for: @npmcli/package-json@7.0.5 want: ^13.0.0
2356 silly placeDep ROOT json-parse-even-better-errors@5.0.0 OK for: @npmcli/package-json@7.0.5 want: ^5.0.0
2357 silly placeDep ROOT spdx-expression-parse@4.0.0 OK for: @npmcli/package-json@7.0.5 want: ^4.0.0
2358 silly fetch manifest minimatch@^10.2.2
2359 silly packumentCache full:https://registry.npmjs.org/minimatch cache-miss
2360 silly fetch manifest path-scurry@^2.0.2
2361 silly packumentCache full:https://registry.npmjs.org/path-scurry cache-miss
2362 silly fetch manifest spdx-exceptions@^2.1.0
2363 silly packumentCache full:https://registry.npmjs.org/spdx-exceptions cache-miss
2364 silly fetch manifest spdx-license-ids@^3.0.0
2365 silly packumentCache full:https://registry.npmjs.org/spdx-license-ids cache-miss
2366 http fetch GET 200 https://registry.npmjs.org/minimatch 41ms (cache revalidated)
2367 silly packumentCache full:https://registry.npmjs.org/minimatch set size:352359 disposed:false
2368 http fetch GET 200 https://registry.npmjs.org/spdx-license-ids 45ms (cache revalidated)
2369 silly packumentCache full:https://registry.npmjs.org/spdx-license-ids set size:81601 disposed:false
2370 http fetch GET 200 https://registry.npmjs.org/path-scurry 48ms (cache revalidated)
2371 silly packumentCache full:https://registry.npmjs.org/path-scurry set size:117612 disposed:false
2372 http fetch GET 200 https://registry.npmjs.org/spdx-exceptions 50ms (cache revalidated)
2373 silly packumentCache full:https://registry.npmjs.org/spdx-exceptions set size:21227 disposed:false
2374 silly placeDep node_modules/@npmcli/promise-spawn which@6.0.1 OK for: @npmcli/promise-spawn@9.0.1 want: ^6.0.0
2375 silly placeDep ROOT @npmcli/node-gyp@5.0.0 OK for: @npmcli/run-script@10.0.4 want: ^5.0.0
2376 silly placeDep ROOT node-gyp@12.2.0 OK for: @npmcli/run-script@10.0.4 want: ^12.1.0
2377 silly fetch manifest env-paths@^2.2.0
2378 silly packumentCache full:https://registry.npmjs.org/env-paths cache-miss
2379 silly fetch manifest exponential-backoff@^3.1.1
2380 silly packumentCache full:https://registry.npmjs.org/exponential-backoff cache-miss
2381 silly fetch manifest graceful-fs@^4.2.6
2382 silly packumentCache full:https://registry.npmjs.org/graceful-fs cache-hit
2383 silly fetch manifest nopt@^9.0.0
2384 silly packumentCache full:https://registry.npmjs.org/nopt cache-miss
2385 http fetch GET 200 https://registry.npmjs.org/env-paths 40ms (cache revalidated)
2386 silly packumentCache full:https://registry.npmjs.org/env-paths set size:26913 disposed:false
2387 http fetch GET 200 https://registry.npmjs.org/nopt 40ms (cache revalidated)
2388 silly packumentCache full:https://registry.npmjs.org/nopt set size:71592 disposed:false
2389 http fetch GET 200 https://registry.npmjs.org/exponential-backoff 51ms (cache revalidated)
2390 silly packumentCache full:https://registry.npmjs.org/exponential-backoff set size:56105 disposed:false
2391 silly placeDep ROOT @npmcli/fs@5.0.0 OK for: cacache@20.0.4 want: ^5.0.0
2392 silly placeDep node_modules/cacache lru-cache@11.2.7 OK for: cacache@20.0.4 want: ^11.1.0
2393 silly placeDep ROOT minipass-collect@2.0.1 OK for: cacache@20.0.4 want: ^2.0.1
2394 silly placeDep ROOT minipass-flush@1.0.5 OK for: cacache@20.0.4 want: ^1.0.5
2395 silly placeDep ROOT minipass-pipeline@1.2.4 OK for: cacache@20.0.4 want: ^1.2.4
2396 silly placeDep ROOT p-map@7.0.4 OK for: cacache@20.0.4 want: ^7.0.2
2397 silly fetch manifest minipass@^3.0.0
2398 silly packumentCache full:https://registry.npmjs.org/minipass cache-hit
2399 silly fetch manifest minipass@^3.0.0
2400 silly packumentCache full:https://registry.npmjs.org/minipass cache-hit
2401 silly placeDep ROOT minimatch@10.2.4 OK for: glob@13.0.6 want: ^10.2.2
2402 silly placeDep ROOT path-scurry@2.0.2 OK for: glob@13.0.6 want: ^2.0.2
2403 silly fetch manifest brace-expansion@^5.0.2
2404 silly packumentCache full:https://registry.npmjs.org/brace-expansion cache-miss
2405 silly fetch manifest lru-cache@^11.0.0
2406 silly packumentCache full:https://registry.npmjs.org/lru-cache cache-hit
2407 http fetch GET 200 https://registry.npmjs.org/brace-expansion 35ms (cache revalidated)
2408 silly packumentCache full:https://registry.npmjs.org/brace-expansion set size:55744 disposed:false
2409 silly placeDep ROOT brace-expansion@5.0.4 OK for: minimatch@10.2.4 want: ^5.0.2
2410 silly fetch manifest balanced-match@^4.0.2
2411 silly packumentCache full:https://registry.npmjs.org/balanced-match cache-miss
2412 http fetch GET 200 https://registry.npmjs.org/balanced-match 38ms (cache revalidated)
2413 silly packumentCache full:https://registry.npmjs.org/balanced-match set size:39082 disposed:false
2414 silly placeDep ROOT balanced-match@4.0.4 OK for: brace-expansion@5.0.4 want: ^4.0.2
2415 silly placeDep node_modules/minipass-flush minipass@3.3.6 OK for: minipass-flush@1.0.5 want: ^3.0.0
2416 silly fetch manifest yallist@^4.0.0
2417 silly packumentCache full:https://registry.npmjs.org/yallist cache-hit
2418 silly placeDep node_modules/minipass-pipeline minipass@3.3.6 OK for: minipass-pipeline@1.2.4 want: ^3.0.0
2419 silly placeDep ROOT env-paths@2.2.1 OK for: node-gyp@12.2.0 want: ^2.2.0
2420 silly placeDep ROOT exponential-backoff@3.1.3 OK for: node-gyp@12.2.0 want: ^3.1.1
2421 silly placeDep ROOT graceful-fs@4.2.11 OK for: node-gyp@12.2.0 want: ^4.2.6
2422 silly placeDep ROOT make-fetch-happen@15.0.5 OK for: node-gyp@12.2.0 want: ^15.0.0
2423 silly placeDep ROOT nopt@9.0.0 OK for: node-gyp@12.2.0 want: ^9.0.0
2424 silly placeDep node_modules/node-gyp which@6.0.1 OK for: node-gyp@12.2.0 want: ^6.0.0
2425 silly fetch manifest @npmcli/agent@^4.0.0
2426 silly packumentCache full:https://registry.npmjs.org/@npmcli%2fagent cache-miss
2427 silly fetch manifest http-cache-semantics@^4.1.1
2428 silly packumentCache full:https://registry.npmjs.org/http-cache-semantics cache-miss
2429 silly fetch manifest abbrev@^4.0.0
2430 silly packumentCache full:https://registry.npmjs.org/abbrev cache-miss
2431 http fetch GET 200 https://registry.npmjs.org/abbrev 60ms (cache revalidated)
2432 silly packumentCache full:https://registry.npmjs.org/abbrev set size:21777 disposed:false
2433 http fetch GET 200 https://registry.npmjs.org/http-cache-semantics 63ms (cache revalidated)
2434 silly packumentCache full:https://registry.npmjs.org/http-cache-semantics set size:66288 disposed:false
2435 http fetch GET 200 https://registry.npmjs.org/@npmcli%2fagent 216ms (cache revalidated)
2436 silly packumentCache full:https://registry.npmjs.org/@npmcli%2fagent set size:28435 disposed:false
2437 silly placeDep ROOT @npmcli/agent@4.0.0 OK for: make-fetch-happen@15.0.5 want: ^4.0.0
2438 silly placeDep ROOT @npmcli/redact@4.0.0 OK for: make-fetch-happen@15.0.5 want: ^4.0.0
2439 silly placeDep ROOT http-cache-semantics@4.2.0 OK for: make-fetch-happen@15.0.5 want: ^4.1.1
2440 silly placeDep ROOT minipass-fetch@5.0.2 OK for: make-fetch-happen@15.0.5 want: ^5.0.0
2441 silly fetch manifest socks-proxy-agent@^8.0.3
2442 silly packumentCache full:https://registry.npmjs.org/socks-proxy-agent cache-miss
2443 silly fetch manifest minipass-sized@^2.0.0
2444 silly packumentCache full:https://registry.npmjs.org/minipass-sized cache-miss
2445 http fetch GET 200 https://registry.npmjs.org/socks-proxy-agent 41ms (cache revalidated)
2446 silly packumentCache full:https://registry.npmjs.org/socks-proxy-agent set size:100781 disposed:false
2447 http fetch GET 200 https://registry.npmjs.org/minipass-sized 68ms (cache revalidated)
2448 silly packumentCache full:https://registry.npmjs.org/minipass-sized set size:14420 disposed:false
2449 silly placeDep node_modules/@npmcli/agent lru-cache@11.2.7 OK for: @npmcli/agent@4.0.0 want: ^11.2.1
2450 silly placeDep ROOT socks-proxy-agent@8.0.5 OK for: @npmcli/agent@4.0.0 want: ^8.0.3
2451 silly fetch manifest socks@^2.8.3
2452 silly packumentCache full:https://registry.npmjs.org/socks cache-miss
2453 http fetch GET 200 https://registry.npmjs.org/socks 31ms (cache revalidated)
2454 silly packumentCache full:https://registry.npmjs.org/socks set size:168523 disposed:false
2455 silly placeDep ROOT minipass-sized@2.0.0 OK for: minipass-fetch@5.0.2 want: ^2.0.0
2456 silly placeDep ROOT minizlib@3.1.0 OK for: minipass-fetch@5.0.2 want: ^3.0.1
2457 silly placeDep ROOT abbrev@4.0.0 OK for: nopt@9.0.0 want: ^4.0.0
2458 silly placeDep ROOT ignore-walk@8.0.0 OK for: npm-packlist@10.0.4 want: ^8.0.0
2459 silly placeDep ROOT npm-install-checks@8.0.0 OK for: npm-pick-manifest@11.0.3 want: ^8.0.0
2460 silly placeDep ROOT jsonparse@1.3.1 OK for: npm-registry-fetch@19.1.1 want: ^1.3.1
2461 silly placeDep node_modules/parse5 entities@6.0.1 OK for: parse5@8.0.0 want: ^6.0.0
2462 silly placeDep node_modules/parse5-html-rewriting-stream entities@6.0.1 OK for: parse5-html-rewriting-stream@8.0.0 want: ^6.0.0
2463 silly placeDep ROOT parse5-sax-parser@8.0.0 OK for: parse5-html-rewriting-stream@8.0.0 want: ^8.0.0
2464 silly placeDep node_modules/path-scurry lru-cache@11.2.7 OK for: path-scurry@2.0.2 want: ^11.0.0
2465 silly placeDep ROOT @napi-rs/nice@1.1.1 OK for: piscina@5.1.4 want: ^1.0.4
2466 silly fetch manifest @napi-rs/nice-darwin-x64@1.1.1
2467 silly packumentCache full:https://registry.npmjs.org/@napi-rs%2fnice-darwin-x64 cache-miss
2468 silly fetch manifest @napi-rs/nice-darwin-arm64@1.1.1
2469 silly packumentCache full:https://registry.npmjs.org/@napi-rs%2fnice-darwin-arm64 cache-miss
2470 silly fetch manifest @napi-rs/nice-linux-x64-gnu@1.1.1
2471 silly packumentCache full:https://registry.npmjs.org/@napi-rs%2fnice-linux-x64-gnu cache-miss
2472 silly fetch manifest @napi-rs/nice-win32-x64-msvc@1.1.1
2473 silly packumentCache full:https://registry.npmjs.org/@napi-rs%2fnice-win32-x64-msvc cache-miss
2474 silly fetch manifest @napi-rs/nice-linux-x64-musl@1.1.1
2475 silly packumentCache full:https://registry.npmjs.org/@napi-rs%2fnice-linux-x64-musl cache-miss
2476 silly fetch manifest @napi-rs/nice-linux-arm64-gnu@1.1.1
2477 silly packumentCache full:https://registry.npmjs.org/@napi-rs%2fnice-linux-arm64-gnu cache-miss
2478 silly fetch manifest @napi-rs/nice-win32-ia32-msvc@1.1.1
2479 silly packumentCache full:https://registry.npmjs.org/@napi-rs%2fnice-win32-ia32-msvc cache-miss
2480 silly fetch manifest @napi-rs/nice-linux-arm-gnueabihf@1.1.1
2481 silly packumentCache full:https://registry.npmjs.org/@napi-rs%2fnice-linux-arm-gnueabihf cache-miss
2482 silly fetch manifest @napi-rs/nice-android-arm64@1.1.1
2483 silly packumentCache full:https://registry.npmjs.org/@napi-rs%2fnice-android-arm64 cache-miss
2484 http fetch GET 200 https://registry.npmjs.org/@napi-rs%2fnice-android-arm64 62ms (cache miss)
2485 silly packumentCache full:https://registry.npmjs.org/@napi-rs%2fnice-android-arm64 set size:undefined disposed:false
2486 silly fetch manifest @napi-rs/nice-freebsd-x64@1.1.1
2487 silly packumentCache full:https://registry.npmjs.org/@napi-rs%2fnice-freebsd-x64 cache-miss
2488 http fetch GET 200 https://registry.npmjs.org/@napi-rs%2fnice-linux-x64-musl 63ms (cache miss)
2489 silly packumentCache full:https://registry.npmjs.org/@napi-rs%2fnice-linux-x64-musl set size:undefined disposed:false
2490 silly fetch manifest @napi-rs/nice-linux-arm64-musl@1.1.1
2491 silly packumentCache full:https://registry.npmjs.org/@napi-rs%2fnice-linux-arm64-musl cache-miss
2492 http fetch GET 200 https://registry.npmjs.org/@napi-rs%2fnice-linux-arm-gnueabihf 63ms (cache miss)
2493 silly packumentCache full:https://registry.npmjs.org/@napi-rs%2fnice-linux-arm-gnueabihf set size:undefined disposed:false
2494 silly fetch manifest @napi-rs/nice-android-arm-eabi@1.1.1
2495 silly packumentCache full:https://registry.npmjs.org/@napi-rs%2fnice-android-arm-eabi cache-miss
2496 http fetch GET 200 https://registry.npmjs.org/@napi-rs%2fnice-darwin-x64 68ms (cache miss)
2497 silly packumentCache full:https://registry.npmjs.org/@napi-rs%2fnice-darwin-x64 set size:undefined disposed:false
2498 silly fetch manifest @napi-rs/nice-win32-arm64-msvc@1.1.1
2499 silly packumentCache full:https://registry.npmjs.org/@napi-rs%2fnice-win32-arm64-msvc cache-miss
2500 http fetch GET 200 https://registry.npmjs.org/@napi-rs%2fnice-win32-x64-msvc 75ms (cache miss)
2501 silly packumentCache full:https://registry.npmjs.org/@napi-rs%2fnice-win32-x64-msvc set size:undefined disposed:false
2502 silly fetch manifest @napi-rs/nice-linux-ppc64-gnu@1.1.1
2503 silly packumentCache full:https://registry.npmjs.org/@napi-rs%2fnice-linux-ppc64-gnu cache-miss
2504 http fetch GET 200 https://registry.npmjs.org/@napi-rs%2fnice-darwin-arm64 87ms (cache miss)
2505 silly packumentCache full:https://registry.npmjs.org/@napi-rs%2fnice-darwin-arm64 set size:undefined disposed:false
2506 silly fetch manifest @napi-rs/nice-linux-s390x-gnu@1.1.1
2507 silly packumentCache full:https://registry.npmjs.org/@napi-rs%2fnice-linux-s390x-gnu cache-miss
2508 http fetch GET 200 https://registry.npmjs.org/@napi-rs%2fnice-freebsd-x64 66ms (cache miss)
2509 silly packumentCache full:https://registry.npmjs.org/@napi-rs%2fnice-freebsd-x64 set size:undefined disposed:false
2510 silly fetch manifest @napi-rs/nice-linux-riscv64-gnu@1.1.1
2511 silly packumentCache full:https://registry.npmjs.org/@napi-rs%2fnice-linux-riscv64-gnu cache-miss
2512 http fetch GET 200 https://registry.npmjs.org/@napi-rs%2fnice-android-arm-eabi 65ms (cache miss)
2513 silly packumentCache full:https://registry.npmjs.org/@napi-rs%2fnice-android-arm-eabi set size:undefined disposed:false
2514 silly fetch manifest @napi-rs/nice-openharmony-arm64@1.1.1
2515 silly packumentCache full:https://registry.npmjs.org/@napi-rs%2fnice-openharmony-arm64 cache-miss
2516 http fetch GET 200 https://registry.npmjs.org/@napi-rs%2fnice-linux-s390x-gnu 63ms (cache miss)
2517 silly packumentCache full:https://registry.npmjs.org/@napi-rs%2fnice-linux-s390x-gnu set size:undefined disposed:false
2518 http fetch GET 200 https://registry.npmjs.org/@napi-rs%2fnice-win32-ia32-msvc 202ms (cache miss)
2519 silly packumentCache full:https://registry.npmjs.org/@napi-rs%2fnice-win32-ia32-msvc set size:undefined disposed:false
2520 http fetch GET 200 https://registry.npmjs.org/@napi-rs%2fnice-linux-x64-gnu 210ms (cache miss)
2521 silly packumentCache full:https://registry.npmjs.org/@napi-rs%2fnice-linux-x64-gnu set size:undefined disposed:false
2522 http fetch GET 200 https://registry.npmjs.org/@napi-rs%2fnice-openharmony-arm64 82ms (cache miss)
2523 silly packumentCache full:https://registry.npmjs.org/@napi-rs%2fnice-openharmony-arm64 set size:undefined disposed:false
2524 http fetch GET 200 https://registry.npmjs.org/@napi-rs%2fnice-linux-arm64-gnu 238ms (cache miss)
2525 silly packumentCache full:https://registry.npmjs.org/@napi-rs%2fnice-linux-arm64-gnu set size:undefined disposed:false
2526 http fetch GET 200 https://registry.npmjs.org/@napi-rs%2fnice-linux-riscv64-gnu 121ms (cache miss)
2527 silly packumentCache full:https://registry.npmjs.org/@napi-rs%2fnice-linux-riscv64-gnu set size:undefined disposed:false
2528 http fetch GET 200 https://registry.npmjs.org/@napi-rs%2fnice-linux-ppc64-gnu 217ms (cache miss)
2529 silly packumentCache full:https://registry.npmjs.org/@napi-rs%2fnice-linux-ppc64-gnu set size:undefined disposed:false
2530 http fetch GET 200 https://registry.npmjs.org/@napi-rs%2fnice-win32-arm64-msvc 229ms (cache miss)
2531 silly packumentCache full:https://registry.npmjs.org/@napi-rs%2fnice-win32-arm64-msvc set size:undefined disposed:false
2532 http fetch GET 200 https://registry.npmjs.org/@napi-rs%2fnice-linux-arm64-musl 405ms (cache miss)
2533 silly packumentCache full:https://registry.npmjs.org/@napi-rs%2fnice-linux-arm64-musl set size:undefined disposed:false
2534 silly placeDep ROOT @napi-rs/nice-android-arm-eabi@1.1.1 OK for: @napi-rs/nice@1.1.1 want: 1.1.1
2535 silly placeDep ROOT @napi-rs/nice-android-arm64@1.1.1 OK for: @napi-rs/nice@1.1.1 want: 1.1.1
2536 silly placeDep ROOT @napi-rs/nice-darwin-arm64@1.1.1 OK for: @napi-rs/nice@1.1.1 want: 1.1.1
2537 silly placeDep ROOT @napi-rs/nice-darwin-x64@1.1.1 OK for: @napi-rs/nice@1.1.1 want: 1.1.1
2538 silly placeDep ROOT @napi-rs/nice-freebsd-x64@1.1.1 OK for: @napi-rs/nice@1.1.1 want: 1.1.1
2539 silly placeDep ROOT @napi-rs/nice-linux-arm-gnueabihf@1.1.1 OK for: @napi-rs/nice@1.1.1 want: 1.1.1
2540 silly placeDep ROOT @napi-rs/nice-linux-arm64-gnu@1.1.1 OK for: @napi-rs/nice@1.1.1 want: 1.1.1
2541 silly placeDep ROOT @napi-rs/nice-linux-arm64-musl@1.1.1 OK for: @napi-rs/nice@1.1.1 want: 1.1.1
2542 silly placeDep ROOT @napi-rs/nice-linux-ppc64-gnu@1.1.1 OK for: @napi-rs/nice@1.1.1 want: 1.1.1
2543 silly placeDep ROOT @napi-rs/nice-linux-riscv64-gnu@1.1.1 OK for: @napi-rs/nice@1.1.1 want: 1.1.1
2544 silly placeDep ROOT @napi-rs/nice-linux-s390x-gnu@1.1.1 OK for: @napi-rs/nice@1.1.1 want: 1.1.1
2545 silly placeDep ROOT @napi-rs/nice-linux-x64-gnu@1.1.1 OK for: @napi-rs/nice@1.1.1 want: 1.1.1
2546 silly placeDep ROOT @napi-rs/nice-linux-x64-musl@1.1.1 OK for: @napi-rs/nice@1.1.1 want: 1.1.1
2547 silly placeDep ROOT @napi-rs/nice-openharmony-arm64@1.1.1 OK for: @napi-rs/nice@1.1.1 want: 1.1.1
2548 silly placeDep ROOT @napi-rs/nice-win32-arm64-msvc@1.1.1 OK for: @napi-rs/nice@1.1.1 want: 1.1.1
2549 silly placeDep ROOT @napi-rs/nice-win32-ia32-msvc@1.1.1 OK for: @napi-rs/nice@1.1.1 want: 1.1.1
2550 silly placeDep ROOT @napi-rs/nice-win32-x64-msvc@1.1.1 OK for: @napi-rs/nice@1.1.1 want: 1.1.1
2551 silly placeDep ROOT nanoid@3.3.11 OK for: postcss@8.5.8 want: ^3.3.11
2552 silly placeDep ROOT err-code@2.0.3 OK for: promise-retry@2.0.1 want: ^2.0.2
2553 silly placeDep ROOT retry@0.12.0 OK for: promise-retry@2.0.1 want: ^0.12.0
2554 silly placeDep ROOT forwarded@0.2.0 OK for: proxy-addr@2.0.7 want: 0.2.0
2555 silly placeDep ROOT ipaddr.js@1.9.1 OK for: proxy-addr@2.0.7 want: 1.9.1
2556 silly placeDep ROOT side-channel@1.1.0 OK for: qs@6.15.0 want: ^1.1.0
2557 silly fetch manifest es-errors@^1.3.0
2558 silly packumentCache full:https://registry.npmjs.org/es-errors cache-miss
2559 silly fetch manifest object-inspect@^1.13.3
2560 silly packumentCache full:https://registry.npmjs.org/object-inspect cache-miss
2561 silly fetch manifest side-channel-list@^1.0.0
2562 silly packumentCache full:https://registry.npmjs.org/side-channel-list cache-miss
2563 silly fetch manifest side-channel-map@^1.0.1
2564 silly packumentCache full:https://registry.npmjs.org/side-channel-map cache-miss
2565 silly fetch manifest side-channel-weakmap@^1.0.2
2566 silly packumentCache full:https://registry.npmjs.org/side-channel-weakmap cache-miss
2567 http fetch GET 200 https://registry.npmjs.org/side-channel-weakmap 33ms (cache revalidated)
2568 silly packumentCache full:https://registry.npmjs.org/side-channel-weakmap set size:12620 disposed:false
2569 http fetch GET 200 https://registry.npmjs.org/side-channel-list 37ms (cache revalidated)
2570 silly packumentCache full:https://registry.npmjs.org/side-channel-list set size:6005 disposed:false
2571 http fetch GET 200 https://registry.npmjs.org/object-inspect 46ms (cache revalidated)
2572 silly packumentCache full:https://registry.npmjs.org/object-inspect set size:101912 disposed:false
2573 http fetch GET 200 https://registry.npmjs.org/es-errors 54ms (cache revalidated)
2574 silly packumentCache full:https://registry.npmjs.org/es-errors set size:16918 disposed:false
2575 http fetch GET 200 https://registry.npmjs.org/side-channel-map 54ms (cache revalidated)
2576 silly packumentCache full:https://registry.npmjs.org/side-channel-map set size:9126 disposed:false
2577 silly placeDep ROOT unpipe@1.0.0 OK for: raw-body@3.0.2 want: ~1.0.0
2578 silly placeDep ROOT onetime@7.0.0 OK for: restore-cursor@5.1.0 want: ^7.0.0
2579 silly fetch manifest mimic-function@^5.0.0
2580 silly packumentCache full:https://registry.npmjs.org/mimic-function cache-miss
2581 http fetch GET 200 https://registry.npmjs.org/mimic-function 47ms (cache revalidated)
2582 silly packumentCache full:https://registry.npmjs.org/mimic-function set size:6356 disposed:false
2583 silly placeDep ROOT mimic-function@5.0.1 OK for: onetime@7.0.0 want: ^5.0.0
2584 silly placeDep ROOT @oxc-project/types@0.113.0 OK for: rolldown@1.0.0-rc.4 want: =0.113.0
2585 silly placeDep ROOT @rolldown/binding-android-arm64@1.0.0-rc.4 OK for: rolldown@1.0.0-rc.4 want: 1.0.0-rc.4
2586 silly placeDep ROOT @rolldown/binding-darwin-arm64@1.0.0-rc.4 OK for: rolldown@1.0.0-rc.4 want: 1.0.0-rc.4
2587 silly placeDep ROOT @rolldown/binding-darwin-x64@1.0.0-rc.4 OK for: rolldown@1.0.0-rc.4 want: 1.0.0-rc.4
2588 silly placeDep ROOT @rolldown/binding-freebsd-x64@1.0.0-rc.4 OK for: rolldown@1.0.0-rc.4 want: 1.0.0-rc.4
2589 silly placeDep ROOT @rolldown/binding-linux-arm-gnueabihf@1.0.0-rc.4 OK for: rolldown@1.0.0-rc.4 want: 1.0.0-rc.4
2590 silly placeDep ROOT @rolldown/binding-linux-arm64-gnu@1.0.0-rc.4 OK for: rolldown@1.0.0-rc.4 want: 1.0.0-rc.4
2591 silly placeDep ROOT @rolldown/binding-linux-arm64-musl@1.0.0-rc.4 OK for: rolldown@1.0.0-rc.4 want: 1.0.0-rc.4
2592 silly placeDep ROOT @rolldown/binding-linux-x64-gnu@1.0.0-rc.4 OK for: rolldown@1.0.0-rc.4 want: 1.0.0-rc.4
2593 silly placeDep ROOT @rolldown/binding-linux-x64-musl@1.0.0-rc.4 OK for: rolldown@1.0.0-rc.4 want: 1.0.0-rc.4
2594 silly placeDep ROOT @rolldown/binding-openharmony-arm64@1.0.0-rc.4 OK for: rolldown@1.0.0-rc.4 want: 1.0.0-rc.4
2595 silly placeDep ROOT @rolldown/binding-wasm32-wasi@1.0.0-rc.4 OK for: rolldown@1.0.0-rc.4 want: 1.0.0-rc.4
2596 silly placeDep ROOT @rolldown/binding-win32-arm64-msvc@1.0.0-rc.4 OK for: rolldown@1.0.0-rc.4 want: 1.0.0-rc.4
2597 silly placeDep ROOT @rolldown/binding-win32-x64-msvc@1.0.0-rc.4 OK for: rolldown@1.0.0-rc.4 want: 1.0.0-rc.4
2598 silly placeDep ROOT @rolldown/pluginutils@1.0.0-rc.4 OK for: rolldown@1.0.0-rc.4 want: 1.0.0-rc.4
2599 silly fetch manifest @napi-rs/wasm-runtime@^1.1.1
2600 silly packumentCache full:https://registry.npmjs.org/@napi-rs%2fwasm-runtime cache-miss
2601 http fetch GET 200 https://registry.npmjs.org/@napi-rs%2fwasm-runtime 57ms (cache miss)
2602 silly packumentCache full:https://registry.npmjs.org/@napi-rs%2fwasm-runtime set size:undefined disposed:false
2603 silly placeDep ROOT @napi-rs/wasm-runtime@1.1.1 OK for: @rolldown/binding-wasm32-wasi@1.0.0-rc.4 want: ^1.1.1
2604 silly fetch manifest @emnapi/core@^1.7.1
2605 silly packumentCache full:https://registry.npmjs.org/@emnapi%2fcore cache-miss
2606 silly fetch manifest @emnapi/runtime@^1.7.1
2607 silly packumentCache full:https://registry.npmjs.org/@emnapi%2fruntime cache-miss
2608 silly fetch manifest @tybys/wasm-util@^0.10.1
2609 silly packumentCache full:https://registry.npmjs.org/@tybys%2fwasm-util cache-miss
2610 http fetch GET 200 https://registry.npmjs.org/@emnapi%2fcore 51ms (cache miss)
2611 silly packumentCache full:https://registry.npmjs.org/@emnapi%2fcore set size:undefined disposed:false
2612 http fetch GET 200 https://registry.npmjs.org/@emnapi%2fruntime 66ms (cache miss)
2613 silly packumentCache full:https://registry.npmjs.org/@emnapi%2fruntime set size:undefined disposed:false
2614 http fetch GET 200 https://registry.npmjs.org/@tybys%2fwasm-util 86ms (cache miss)
2615 silly packumentCache full:https://registry.npmjs.org/@tybys%2fwasm-util set size:undefined disposed:false
2616 silly placeDep ROOT @emnapi/core@1.9.0 OK for: @napi-rs/wasm-runtime@1.1.1 want: ^1.7.1
2617 silly placeDep ROOT @emnapi/runtime@1.9.0 OK for: @napi-rs/wasm-runtime@1.1.1 want: ^1.7.1
2618 silly placeDep ROOT @tybys/wasm-util@0.10.1 OK for: @napi-rs/wasm-runtime@1.1.1 want: ^0.10.1
2619 silly fetch manifest @emnapi/wasi-threads@1.2.0
2620 silly packumentCache full:https://registry.npmjs.org/@emnapi%2fwasi-threads cache-miss
2621 http fetch GET 200 https://registry.npmjs.org/@emnapi%2fwasi-threads 64ms (cache miss)
2622 silly packumentCache full:https://registry.npmjs.org/@emnapi%2fwasi-threads set size:undefined disposed:false
2623 silly placeDep ROOT @emnapi/wasi-threads@1.2.0 OK for: @emnapi/core@1.9.0 want: 1.2.0
2624 silly placeDep ROOT is-promise@4.0.0 OK for: router@2.2.0 want: ^4.0.0
2625 silly placeDep ROOT path-to-regexp@8.3.0 OK for: router@2.2.0 want: ^8.0.0
2626 silly placeDep ROOT @parcel/watcher@2.5.6 OK for: sass@1.97.3 want: ^2.4.1
2627 silly placeDep node_modules/sass chokidar@4.0.3 OK for: sass@1.97.3 want: ^4.0.0
2628 silly placeDep ROOT immutable@5.1.5 OK for: sass@1.97.3 want: ^5.0.2
2629 silly fetch manifest is-glob@^4.0.3
2630 silly packumentCache full:https://registry.npmjs.org/is-glob cache-miss
2631 silly fetch manifest node-addon-api@^7.0.0
2632 silly packumentCache full:https://registry.npmjs.org/node-addon-api cache-miss
2633 silly fetch manifest @parcel/watcher-darwin-x64@2.5.6
2634 silly packumentCache full:https://registry.npmjs.org/@parcel%2fwatcher-darwin-x64 cache-miss
2635 silly fetch manifest @parcel/watcher-darwin-arm64@2.5.6
2636 silly packumentCache full:https://registry.npmjs.org/@parcel%2fwatcher-darwin-arm64 cache-miss
2637 silly fetch manifest @parcel/watcher-win32-x64@2.5.6
2638 silly packumentCache full:https://registry.npmjs.org/@parcel%2fwatcher-win32-x64 cache-miss
2639 silly fetch manifest @parcel/watcher-win32-arm64@2.5.6
2640 silly packumentCache full:https://registry.npmjs.org/@parcel%2fwatcher-win32-arm64 cache-miss
2641 silly fetch manifest @parcel/watcher-win32-ia32@2.5.6
2642 silly packumentCache full:https://registry.npmjs.org/@parcel%2fwatcher-win32-ia32 cache-miss
2643 silly fetch manifest @parcel/watcher-linux-x64-glibc@2.5.6
2644 silly packumentCache full:https://registry.npmjs.org/@parcel%2fwatcher-linux-x64-glibc cache-miss
2645 silly fetch manifest @parcel/watcher-linux-x64-musl@2.5.6
2646 silly packumentCache full:https://registry.npmjs.org/@parcel%2fwatcher-linux-x64-musl cache-miss
2647 http cache https://registry.npmjs.org/node-addon-api 4ms (cache hit)
2648 silly packumentCache full:https://registry.npmjs.org/node-addon-api set size:337599 disposed:false
2649 silly fetch manifest @parcel/watcher-linux-arm64-glibc@2.5.6
2650 silly packumentCache full:https://registry.npmjs.org/@parcel%2fwatcher-linux-arm64-glibc cache-miss
2651 http fetch GET 200 https://registry.npmjs.org/is-glob 70ms (cache miss)
2652 silly packumentCache full:https://registry.npmjs.org/is-glob set size:undefined disposed:false
2653 silly fetch manifest @parcel/watcher-linux-arm64-musl@2.5.6
2654 silly packumentCache full:https://registry.npmjs.org/@parcel%2fwatcher-linux-arm64-musl cache-miss
2655 http fetch GET 200 https://registry.npmjs.org/@parcel%2fwatcher-win32-arm64 158ms (cache miss)
2656 silly packumentCache full:https://registry.npmjs.org/@parcel%2fwatcher-win32-arm64 set size:undefined disposed:false
2657 silly fetch manifest @parcel/watcher-linux-arm-glibc@2.5.6
2658 silly packumentCache full:https://registry.npmjs.org/@parcel%2fwatcher-linux-arm-glibc cache-miss
2659 http fetch GET 200 https://registry.npmjs.org/@parcel%2fwatcher-linux-arm64-glibc 154ms (cache miss)
2660 silly packumentCache full:https://registry.npmjs.org/@parcel%2fwatcher-linux-arm64-glibc set size:undefined disposed:false
2661 silly fetch manifest @parcel/watcher-linux-arm-musl@2.5.6
2662 silly packumentCache full:https://registry.npmjs.org/@parcel%2fwatcher-linux-arm-musl cache-miss
2663 http fetch GET 200 https://registry.npmjs.org/@parcel%2fwatcher-win32-x64 173ms (cache miss)
2664 silly packumentCache full:https://registry.npmjs.org/@parcel%2fwatcher-win32-x64 set size:undefined disposed:false
2665 silly fetch manifest @parcel/watcher-android-arm64@2.5.6
2666 silly packumentCache full:https://registry.npmjs.org/@parcel%2fwatcher-android-arm64 cache-miss
2667 http fetch GET 200 https://registry.npmjs.org/@parcel%2fwatcher-win32-ia32 173ms (cache miss)
2668 silly packumentCache full:https://registry.npmjs.org/@parcel%2fwatcher-win32-ia32 set size:undefined disposed:false
2669 silly fetch manifest @parcel/watcher-freebsd-x64@2.5.6
2670 silly packumentCache full:https://registry.npmjs.org/@parcel%2fwatcher-freebsd-x64 cache-miss
2671 http fetch GET 200 https://registry.npmjs.org/@parcel%2fwatcher-linux-x64-glibc 174ms (cache miss)
2672 silly packumentCache full:https://registry.npmjs.org/@parcel%2fwatcher-linux-x64-glibc set size:undefined disposed:false
2673 silly fetch manifest readdirp@^4.0.1
2674 silly packumentCache full:https://registry.npmjs.org/readdirp cache-miss
2675 http cache https://registry.npmjs.org/readdirp 2ms (cache hit)
2676 silly packumentCache full:https://registry.npmjs.org/readdirp set size:107589 disposed:false
2677 http fetch GET 200 https://registry.npmjs.org/@parcel%2fwatcher-linux-arm64-musl 165ms (cache miss)
2678 silly packumentCache full:https://registry.npmjs.org/@parcel%2fwatcher-linux-arm64-musl set size:undefined disposed:false
2679 http fetch GET 200 https://registry.npmjs.org/@parcel%2fwatcher-darwin-arm64 295ms (cache miss)
2680 silly packumentCache full:https://registry.npmjs.org/@parcel%2fwatcher-darwin-arm64 set size:undefined disposed:false
2681 http fetch GET 200 https://registry.npmjs.org/@parcel%2fwatcher-darwin-x64 315ms (cache miss)
2682 silly packumentCache full:https://registry.npmjs.org/@parcel%2fwatcher-darwin-x64 set size:undefined disposed:false
2683 http fetch GET 200 https://registry.npmjs.org/@parcel%2fwatcher-android-arm64 149ms (cache miss)
2684 silly packumentCache full:https://registry.npmjs.org/@parcel%2fwatcher-android-arm64 set size:undefined disposed:false
2685 http fetch GET 200 https://registry.npmjs.org/@parcel%2fwatcher-linux-arm-glibc 168ms (cache miss)
2686 silly packumentCache full:https://registry.npmjs.org/@parcel%2fwatcher-linux-arm-glibc set size:undefined disposed:false
2687 http fetch GET 200 https://registry.npmjs.org/@parcel%2fwatcher-linux-arm-musl 182ms (cache miss)
2688 silly packumentCache full:https://registry.npmjs.org/@parcel%2fwatcher-linux-arm-musl set size:undefined disposed:false
2689 http fetch GET 200 https://registry.npmjs.org/@parcel%2fwatcher-linux-x64-musl 418ms (cache miss)
2690 silly packumentCache full:https://registry.npmjs.org/@parcel%2fwatcher-linux-x64-musl set size:undefined disposed:false
2691 http fetch GET 200 https://registry.npmjs.org/@parcel%2fwatcher-freebsd-x64 311ms (cache miss)
2692 silly packumentCache full:https://registry.npmjs.org/@parcel%2fwatcher-freebsd-x64 set size:undefined disposed:false
2693 silly placeDep ROOT @parcel/watcher-android-arm64@2.5.6 OK for: @parcel/watcher@2.5.6 want: 2.5.6
2694 silly placeDep ROOT @parcel/watcher-darwin-arm64@2.5.6 OK for: @parcel/watcher@2.5.6 want: 2.5.6
2695 silly placeDep ROOT @parcel/watcher-darwin-x64@2.5.6 OK for: @parcel/watcher@2.5.6 want: 2.5.6
2696 silly placeDep ROOT @parcel/watcher-freebsd-x64@2.5.6 OK for: @parcel/watcher@2.5.6 want: 2.5.6
2697 silly placeDep ROOT @parcel/watcher-linux-arm-glibc@2.5.6 OK for: @parcel/watcher@2.5.6 want: 2.5.6
2698 silly placeDep ROOT @parcel/watcher-linux-arm-musl@2.5.6 OK for: @parcel/watcher@2.5.6 want: 2.5.6
2699 silly placeDep ROOT @parcel/watcher-linux-arm64-glibc@2.5.6 OK for: @parcel/watcher@2.5.6 want: 2.5.6
2700 silly placeDep ROOT @parcel/watcher-linux-arm64-musl@2.5.6 OK for: @parcel/watcher@2.5.6 want: 2.5.6
2701 silly placeDep ROOT @parcel/watcher-linux-x64-glibc@2.5.6 OK for: @parcel/watcher@2.5.6 want: 2.5.6
2702 silly placeDep ROOT @parcel/watcher-linux-x64-musl@2.5.6 OK for: @parcel/watcher@2.5.6 want: 2.5.6
2703 silly placeDep ROOT @parcel/watcher-win32-arm64@2.5.6 OK for: @parcel/watcher@2.5.6 want: 2.5.6
2704 silly placeDep ROOT @parcel/watcher-win32-ia32@2.5.6 OK for: @parcel/watcher@2.5.6 want: 2.5.6
2705 silly placeDep ROOT @parcel/watcher-win32-x64@2.5.6 OK for: @parcel/watcher@2.5.6 want: 2.5.6
2706 silly placeDep ROOT is-glob@4.0.3 OK for: @parcel/watcher@2.5.6 want: ^4.0.3
2707 silly placeDep node_modules/@parcel/watcher node-addon-api@7.1.1 OK for: @parcel/watcher@2.5.6 want: ^7.0.0
2708 silly fetch manifest is-extglob@^2.1.1
2709 silly packumentCache full:https://registry.npmjs.org/is-extglob cache-miss
2710 http fetch GET 200 https://registry.npmjs.org/is-extglob 33ms (cache miss)
2711 silly packumentCache full:https://registry.npmjs.org/is-extglob set size:undefined disposed:false
2712 silly placeDep ROOT is-extglob@2.1.1 OK for: is-glob@4.0.3 want: ^2.1.1
2713 silly placeDep ROOT xmlchars@2.2.0 OK for: saxes@6.0.0 want: ^2.2.0
2714 silly placeDep ROOT shebang-regex@3.0.0 OK for: shebang-command@2.0.0 want: ^3.0.0
2715 silly placeDep ROOT es-errors@1.3.0 OK for: side-channel@1.1.0 want: ^1.3.0
2716 silly placeDep ROOT object-inspect@1.13.4 OK for: side-channel@1.1.0 want: ^1.13.3
2717 silly placeDep ROOT side-channel-list@1.0.0 OK for: side-channel@1.1.0 want: ^1.0.0
2718 silly placeDep ROOT side-channel-map@1.0.1 OK for: side-channel@1.1.0 want: ^1.0.1
2719 silly placeDep ROOT side-channel-weakmap@1.0.2 OK for: side-channel@1.1.0 want: ^1.0.2
2720 silly fetch manifest call-bound@^1.0.2
2721 silly packumentCache full:https://registry.npmjs.org/call-bound cache-miss
2722 silly fetch manifest get-intrinsic@^1.2.5
2723 silly packumentCache full:https://registry.npmjs.org/get-intrinsic cache-miss
2724 silly fetch manifest call-bound@^1.0.2
2725 silly packumentCache full:https://registry.npmjs.org/call-bound cache-miss
2726 silly fetch manifest get-intrinsic@^1.2.5
2727 silly packumentCache full:https://registry.npmjs.org/get-intrinsic cache-miss
2728 http fetch GET 200 https://registry.npmjs.org/call-bound 49ms (cache revalidated)
2729 silly packumentCache full:https://registry.npmjs.org/call-bound set size:15317 disposed:false
2730 http fetch GET 200 https://registry.npmjs.org/get-intrinsic 50ms (cache revalidated)
2731 silly packumentCache full:https://registry.npmjs.org/get-intrinsic set size:60985 disposed:false
2732 http fetch GET 200 https://registry.npmjs.org/call-bound 64ms (cache revalidated)
2733 silly packumentCache full:https://registry.npmjs.org/call-bound set size:15317 disposed:false
2734 silly packumentCache full:https://registry.npmjs.org/call-bound dispose
2735 http fetch GET 200 https://registry.npmjs.org/get-intrinsic 68ms (cache revalidated)
2736 silly packumentCache full:https://registry.npmjs.org/get-intrinsic set size:60985 disposed:false
2737 silly packumentCache full:https://registry.npmjs.org/get-intrinsic dispose
2738 silly placeDep ROOT call-bound@1.0.4 OK for: side-channel-map@1.0.1 want: ^1.0.2
2739 silly placeDep ROOT get-intrinsic@1.3.0 OK for: side-channel-map@1.0.1 want: ^1.2.5
2740 silly fetch manifest call-bind-apply-helpers@^1.0.2
2741 silly packumentCache full:https://registry.npmjs.org/call-bind-apply-helpers cache-miss
2742 silly fetch manifest get-intrinsic@^1.3.0
2743 silly packumentCache full:https://registry.npmjs.org/get-intrinsic cache-hit
2744 silly fetch manifest gopd@^1.2.0
2745 silly packumentCache full:https://registry.npmjs.org/gopd cache-miss
2746 silly fetch manifest hasown@^2.0.2
2747 silly packumentCache full:https://registry.npmjs.org/hasown cache-miss
2748 silly fetch manifest get-proto@^1.0.1
2749 silly packumentCache full:https://registry.npmjs.org/get-proto cache-miss
2750 silly fetch manifest has-symbols@^1.1.0
2751 silly packumentCache full:https://registry.npmjs.org/has-symbols cache-miss
2752 silly fetch manifest function-bind@^1.1.2
2753 silly packumentCache full:https://registry.npmjs.org/function-bind cache-miss
2754 silly fetch manifest es-object-atoms@^1.1.1
2755 silly packumentCache full:https://registry.npmjs.org/es-object-atoms cache-miss
2756 silly fetch manifest math-intrinsics@^1.1.0
2757 silly packumentCache full:https://registry.npmjs.org/math-intrinsics cache-miss
2758 silly fetch manifest es-define-property@^1.0.1
2759 silly packumentCache full:https://registry.npmjs.org/es-define-property cache-miss
2760 http fetch GET 200 https://registry.npmjs.org/function-bind 34ms (cache revalidated)
2761 silly packumentCache full:https://registry.npmjs.org/function-bind set size:15733 disposed:false
2762 silly fetch manifest call-bind-apply-helpers@^1.0.2
2763 silly packumentCache full:https://registry.npmjs.org/call-bind-apply-helpers cache-miss
2764 http fetch GET 200 https://registry.npmjs.org/get-proto 37ms (cache revalidated)
2765 silly packumentCache full:https://registry.npmjs.org/get-proto set size:8300 disposed:false
2766 http fetch GET 200 https://registry.npmjs.org/hasown 38ms (cache revalidated)
2767 silly packumentCache full:https://registry.npmjs.org/hasown set size:12476 disposed:false
2768 http fetch GET 200 https://registry.npmjs.org/gopd 39ms (cache revalidated)
2769 silly packumentCache full:https://registry.npmjs.org/gopd set size:11458 disposed:false
2770 http fetch GET 200 https://registry.npmjs.org/has-symbols 40ms (cache revalidated)
2771 silly packumentCache full:https://registry.npmjs.org/has-symbols set size:21550 disposed:false
2772 http fetch GET 200 https://registry.npmjs.org/call-bind-apply-helpers 47ms (cache revalidated)
2773 silly packumentCache full:https://registry.npmjs.org/call-bind-apply-helpers set size:12744 disposed:false
2774 http fetch GET 200 https://registry.npmjs.org/es-define-property 47ms (cache revalidated)
2775 silly packumentCache full:https://registry.npmjs.org/es-define-property set size:8542 disposed:false
2776 http fetch GET 200 https://registry.npmjs.org/es-object-atoms 49ms (cache revalidated)
2777 silly packumentCache full:https://registry.npmjs.org/es-object-atoms set size:15304 disposed:false
2778 http fetch GET 200 https://registry.npmjs.org/call-bind-apply-helpers 49ms (cache revalidated)
2779 silly packumentCache full:https://registry.npmjs.org/call-bind-apply-helpers set size:12744 disposed:false
2780 silly packumentCache full:https://registry.npmjs.org/call-bind-apply-helpers dispose
2781 http fetch GET 200 https://registry.npmjs.org/math-intrinsics 98ms (cache revalidated)
2782 silly packumentCache full:https://registry.npmjs.org/math-intrinsics set size:9265 disposed:false
2783 silly placeDep ROOT call-bind-apply-helpers@1.0.2 OK for: call-bound@1.0.4 want: ^1.0.2
2784 silly placeDep ROOT function-bind@1.1.2 OK for: call-bind-apply-helpers@1.0.2 want: ^1.1.2
2785 silly placeDep ROOT es-define-property@1.0.1 OK for: get-intrinsic@1.3.0 want: ^1.0.1
2786 silly placeDep ROOT es-object-atoms@1.1.1 OK for: get-intrinsic@1.3.0 want: ^1.1.1
2787 silly placeDep ROOT get-proto@1.0.1 OK for: get-intrinsic@1.3.0 want: ^1.0.1
2788 silly placeDep ROOT gopd@1.2.0 OK for: get-intrinsic@1.3.0 want: ^1.2.0
2789 silly placeDep ROOT has-symbols@1.1.0 OK for: get-intrinsic@1.3.0 want: ^1.1.0
2790 silly placeDep ROOT hasown@2.0.2 OK for: get-intrinsic@1.3.0 want: ^2.0.2
2791 silly placeDep ROOT math-intrinsics@1.1.0 OK for: get-intrinsic@1.3.0 want: ^1.1.0
2792 silly fetch manifest dunder-proto@^1.0.1
2793 silly packumentCache full:https://registry.npmjs.org/dunder-proto cache-miss
2794 http fetch GET 200 https://registry.npmjs.org/dunder-proto 37ms (cache revalidated)
2795 silly packumentCache full:https://registry.npmjs.org/dunder-proto set size:8256 disposed:false
2796 silly placeDep ROOT dunder-proto@1.0.1 OK for: get-proto@1.0.1 want: ^1.0.1
2797 silly placeDep ROOT @sigstore/bundle@4.0.0 OK for: sigstore@4.1.0 want: ^4.0.0
2798 silly placeDep ROOT @sigstore/core@3.2.0 OK for: sigstore@4.1.0 want: ^3.1.0
2799 silly placeDep ROOT @sigstore/protobuf-specs@0.5.0 OK for: sigstore@4.1.0 want: ^0.5.0
2800 silly placeDep ROOT @sigstore/sign@4.1.1 OK for: sigstore@4.1.0 want: ^4.1.0
2801 silly placeDep ROOT @sigstore/tuf@4.0.2 OK for: sigstore@4.1.0 want: ^4.0.1
2802 silly placeDep ROOT @sigstore/verify@3.1.0 OK for: sigstore@4.1.0 want: ^3.1.0
2803 silly fetch manifest tuf-js@^4.1.0
2804 silly packumentCache full:https://registry.npmjs.org/tuf-js cache-miss
2805 http fetch GET 200 https://registry.npmjs.org/tuf-js 198ms (cache revalidated)
2806 silly packumentCache full:https://registry.npmjs.org/tuf-js set size:65399 disposed:false
2807 silly placeDep ROOT tuf-js@4.1.0 OK for: @sigstore/tuf@4.0.2 want: ^4.1.0
2808 silly fetch manifest @tufjs/models@4.1.0
2809 silly packumentCache full:https://registry.npmjs.org/@tufjs%2fmodels cache-miss
2810 http fetch GET 200 https://registry.npmjs.org/@tufjs%2fmodels 200ms (cache revalidated)
2811 silly packumentCache full:https://registry.npmjs.org/@tufjs%2fmodels set size:29375 disposed:false
2812 silly placeDep ROOT ansi-styles@6.2.3 OK for: slice-ansi@8.0.0 want: ^6.2.3
2813 silly placeDep ROOT is-fullwidth-code-point@5.1.0 OK for: slice-ansi@8.0.0 want: ^5.1.0
2814 silly fetch manifest get-east-asian-width@^1.3.1
2815 silly packumentCache full:https://registry.npmjs.org/get-east-asian-width cache-hit
2816 silly placeDep ROOT get-east-asian-width@1.5.0 OK for: is-fullwidth-code-point@5.1.0 want: ^1.3.1
2817 silly placeDep ROOT socks@2.8.7 OK for: socks-proxy-agent@8.0.5 want: ^2.8.3
2818 silly fetch manifest smart-buffer@^4.2.0
2819 silly packumentCache full:https://registry.npmjs.org/smart-buffer cache-miss
2820 http fetch GET 200 https://registry.npmjs.org/smart-buffer 75ms (cache revalidated)
2821 silly packumentCache full:https://registry.npmjs.org/smart-buffer set size:87065 disposed:false
2822 silly placeDep ROOT smart-buffer@4.2.0 OK for: socks@2.8.7 want: ^4.2.0
2823 silly placeDep ROOT buffer-from@1.1.2 OK for: source-map-support@0.5.21 want: ^1.0.0
2824 silly placeDep node_modules/source-map-support source-map@0.6.1 OK for: source-map-support@0.5.21 want: ^0.6.0
2825 silly placeDep ROOT spdx-exceptions@2.5.0 OK for: spdx-expression-parse@4.0.0 want: ^2.1.0
2826 silly placeDep ROOT spdx-license-ids@3.0.23 OK for: spdx-expression-parse@4.0.0 want: ^3.0.0
2827 silly placeDep ROOT ansi-regex@6.2.2 OK for: strip-ansi@7.2.0 want: ^6.2.2
2828 silly placeDep ROOT @isaacs/fs-minipass@4.0.1 OK for: tar@7.5.11 want: ^4.0.0
2829 silly placeDep ROOT chownr@3.0.0 OK for: tar@7.5.11 want: ^3.0.0
2830 silly placeDep node_modules/tar yallist@5.0.0 OK for: tar@7.5.11 want: ^5.0.0
2831 silly placeDep ROOT fdir@6.5.0 OK for: tinyglobby@0.2.15 want: ^6.5.0
2832 silly placeDep ROOT tldts@7.0.26 OK for: tough-cookie@6.0.1 want: ^7.0.5
2833 silly fetch manifest tldts-core@^7.0.26
2834 silly packumentCache full:https://registry.npmjs.org/tldts-core cache-miss
2835 http fetch GET 200 https://registry.npmjs.org/tldts-core 109ms (cache miss)
2836 silly packumentCache full:https://registry.npmjs.org/tldts-core set size:undefined disposed:false
2837 silly placeDep ROOT tldts-core@7.0.26 OK for: tldts@7.0.26 want: ^7.0.26
2838 silly placeDep ROOT @tufjs/models@4.1.0 OK for: tuf-js@4.1.0 want: 4.1.0
2839 silly fetch manifest @tufjs/canonical-json@2.0.0
2840 silly packumentCache full:https://registry.npmjs.org/@tufjs%2fcanonical-json cache-miss
2841 http fetch GET 200 https://registry.npmjs.org/@tufjs%2fcanonical-json 189ms (cache revalidated)
2842 silly packumentCache full:https://registry.npmjs.org/@tufjs%2fcanonical-json set size:7336 disposed:false
2843 silly placeDep ROOT @tufjs/canonical-json@2.0.0 OK for: @tufjs/models@4.1.0 want: 2.0.0
2844 silly placeDep ROOT media-typer@1.1.0 OK for: type-is@2.0.1 want: ^1.1.0
2845 silly placeDep ROOT escalade@3.2.0 OK for: update-browserslist-db@1.2.3 want: ^3.2.0
2846 silly placeDep ROOT fsevents@2.3.3 OK for: vite@7.3.1 want: ~2.3.3
2847 silly placeDep ROOT rollup@4.59.0 OK for: vite@7.3.1 want: ^4.43.0
2848 silly fetch manifest @types/estree@1.0.8
2849 silly packumentCache full:https://registry.npmjs.org/@types%2festree cache-miss
2850 silly fetch manifest @rollup/rollup-darwin-arm64@4.59.0
2851 silly packumentCache full:https://registry.npmjs.org/@rollup%2frollup-darwin-arm64 cache-miss
2852 silly fetch manifest @rollup/rollup-android-arm64@4.59.0
2853 silly packumentCache full:https://registry.npmjs.org/@rollup%2frollup-android-arm64 cache-miss
2854 silly fetch manifest @rollup/rollup-win32-arm64-msvc@4.59.0
2855 silly packumentCache full:https://registry.npmjs.org/@rollup%2frollup-win32-arm64-msvc cache-miss
2856 silly fetch manifest @rollup/rollup-freebsd-arm64@4.59.0
2857 silly packumentCache full:https://registry.npmjs.org/@rollup%2frollup-freebsd-arm64 cache-miss
2858 silly fetch manifest @rollup/rollup-linux-arm64-gnu@4.59.0
2859 silly packumentCache full:https://registry.npmjs.org/@rollup%2frollup-linux-arm64-gnu cache-miss
2860 silly fetch manifest @rollup/rollup-linux-arm64-musl@4.59.0
2861 silly packumentCache full:https://registry.npmjs.org/@rollup%2frollup-linux-arm64-musl cache-miss
2862 silly fetch manifest @rollup/rollup-android-arm-eabi@4.59.0
2863 silly packumentCache full:https://registry.npmjs.org/@rollup%2frollup-android-arm-eabi cache-miss
2864 silly fetch manifest @rollup/rollup-linux-arm-gnueabihf@4.59.0
2865 silly packumentCache full:https://registry.npmjs.org/@rollup%2frollup-linux-arm-gnueabihf cache-miss
2866 http fetch GET 200 https://registry.npmjs.org/@rollup%2frollup-freebsd-arm64 66ms (cache miss)
2867 silly packumentCache full:https://registry.npmjs.org/@rollup%2frollup-freebsd-arm64 set size:undefined disposed:false
2868 silly fetch manifest @rollup/rollup-linux-arm-musleabihf@4.59.0
2869 silly packumentCache full:https://registry.npmjs.org/@rollup%2frollup-linux-arm-musleabihf cache-miss
2870 http fetch GET 200 https://registry.npmjs.org/@rollup%2frollup-win32-arm64-msvc 69ms (cache miss)
2871 silly packumentCache full:https://registry.npmjs.org/@rollup%2frollup-win32-arm64-msvc set size:undefined disposed:false
2872 silly fetch manifest @rollup/rollup-win32-ia32-msvc@4.59.0
2873 silly packumentCache full:https://registry.npmjs.org/@rollup%2frollup-win32-ia32-msvc cache-miss
2874 http fetch GET 200 https://registry.npmjs.org/@rollup%2frollup-android-arm-eabi 78ms (cache miss)
2875 silly packumentCache full:https://registry.npmjs.org/@rollup%2frollup-android-arm-eabi set size:undefined disposed:false
2876 silly fetch manifest @rollup/rollup-linux-loong64-gnu@4.59.0
2877 silly packumentCache full:https://registry.npmjs.org/@rollup%2frollup-linux-loong64-gnu cache-miss
2878 http fetch GET 200 https://registry.npmjs.org/@rollup%2frollup-linux-arm64-musl 83ms (cache miss)
2879 silly packumentCache full:https://registry.npmjs.org/@rollup%2frollup-linux-arm64-musl set size:undefined disposed:false
2880 silly fetch manifest @rollup/rollup-linux-loong64-musl@4.59.0
2881 silly packumentCache full:https://registry.npmjs.org/@rollup%2frollup-linux-loong64-musl cache-miss
2882 http fetch GET 200 https://registry.npmjs.org/@types%2festree 86ms (cache miss)
2883 silly packumentCache full:https://registry.npmjs.org/@types%2festree set size:undefined disposed:false
2884 silly fetch manifest @rollup/rollup-linux-riscv64-gnu@4.59.0
2885 silly packumentCache full:https://registry.npmjs.org/@rollup%2frollup-linux-riscv64-gnu cache-miss
2886 http fetch GET 200 https://registry.npmjs.org/@rollup%2frollup-darwin-arm64 88ms (cache miss)
2887 silly packumentCache full:https://registry.npmjs.org/@rollup%2frollup-darwin-arm64 set size:undefined disposed:false
2888 silly fetch manifest @rollup/rollup-linux-riscv64-musl@4.59.0
2889 silly packumentCache full:https://registry.npmjs.org/@rollup%2frollup-linux-riscv64-musl cache-miss
2890 http fetch GET 200 https://registry.npmjs.org/@rollup%2frollup-linux-arm64-gnu 92ms (cache miss)
2891 silly packumentCache full:https://registry.npmjs.org/@rollup%2frollup-linux-arm64-gnu set size:undefined disposed:false
2892 silly fetch manifest @rollup/rollup-linux-ppc64-gnu@4.59.0
2893 silly packumentCache full:https://registry.npmjs.org/@rollup%2frollup-linux-ppc64-gnu cache-miss
2894 http fetch GET 200 https://registry.npmjs.org/@rollup%2frollup-android-arm64 101ms (cache miss)
2895 silly packumentCache full:https://registry.npmjs.org/@rollup%2frollup-android-arm64 set size:undefined disposed:false
2896 silly fetch manifest @rollup/rollup-linux-ppc64-musl@4.59.0
2897 silly packumentCache full:https://registry.npmjs.org/@rollup%2frollup-linux-ppc64-musl cache-miss
2898 http fetch GET 200 https://registry.npmjs.org/@rollup%2frollup-linux-arm-gnueabihf 123ms (cache miss)
2899 silly packumentCache full:https://registry.npmjs.org/@rollup%2frollup-linux-arm-gnueabihf set size:undefined disposed:false
2900 silly fetch manifest @rollup/rollup-linux-s390x-gnu@4.59.0
2901 silly packumentCache full:https://registry.npmjs.org/@rollup%2frollup-linux-s390x-gnu cache-miss
2902 http fetch GET 200 https://registry.npmjs.org/@rollup%2frollup-linux-arm-musleabihf 60ms (cache miss)
2903 silly packumentCache full:https://registry.npmjs.org/@rollup%2frollup-linux-arm-musleabihf set size:undefined disposed:false
2904 silly fetch manifest @rollup/rollup-darwin-x64@4.59.0
2905 silly packumentCache full:https://registry.npmjs.org/@rollup%2frollup-darwin-x64 cache-miss
2906 http fetch GET 200 https://registry.npmjs.org/@rollup%2frollup-linux-loong64-musl 50ms (cache miss)
2907 silly packumentCache full:https://registry.npmjs.org/@rollup%2frollup-linux-loong64-musl set size:undefined disposed:false
2908 silly fetch manifest @rollup/rollup-win32-x64-gnu@4.59.0
2909 silly packumentCache full:https://registry.npmjs.org/@rollup%2frollup-win32-x64-gnu cache-miss
2910 http fetch GET 200 https://registry.npmjs.org/@rollup%2frollup-linux-loong64-gnu 70ms (cache miss)
2911 silly packumentCache full:https://registry.npmjs.org/@rollup%2frollup-linux-loong64-gnu set size:undefined disposed:false
2912 silly fetch manifest @rollup/rollup-win32-x64-msvc@4.59.0
2913 silly packumentCache full:https://registry.npmjs.org/@rollup%2frollup-win32-x64-msvc cache-miss
2914 http fetch GET 200 https://registry.npmjs.org/@rollup%2frollup-win32-ia32-msvc 83ms (cache miss)
2915 silly packumentCache full:https://registry.npmjs.org/@rollup%2frollup-win32-ia32-msvc set size:undefined disposed:false
2916 silly fetch manifest @rollup/rollup-freebsd-x64@4.59.0
2917 silly packumentCache full:https://registry.npmjs.org/@rollup%2frollup-freebsd-x64 cache-miss
2918 http fetch GET 200 https://registry.npmjs.org/@rollup%2frollup-linux-ppc64-gnu 63ms (cache miss)
2919 silly packumentCache full:https://registry.npmjs.org/@rollup%2frollup-linux-ppc64-gnu set size:undefined disposed:false
2920 silly fetch manifest @rollup/rollup-linux-x64-gnu@4.59.0
2921 silly packumentCache full:https://registry.npmjs.org/@rollup%2frollup-linux-x64-gnu cache-miss
2922 http fetch GET 200 https://registry.npmjs.org/@rollup%2frollup-linux-ppc64-musl 80ms (cache miss)
2923 silly packumentCache full:https://registry.npmjs.org/@rollup%2frollup-linux-ppc64-musl set size:undefined disposed:false
2924 silly fetch manifest @rollup/rollup-linux-x64-musl@4.59.0
2925 silly packumentCache full:https://registry.npmjs.org/@rollup%2frollup-linux-x64-musl cache-miss
2926 http fetch GET 200 https://registry.npmjs.org/@rollup%2frollup-win32-x64-gnu 49ms (cache miss)
2927 silly packumentCache full:https://registry.npmjs.org/@rollup%2frollup-win32-x64-gnu set size:undefined disposed:false
2928 silly fetch manifest @rollup/rollup-openbsd-x64@4.59.0
2929 silly packumentCache full:https://registry.npmjs.org/@rollup%2frollup-openbsd-x64 cache-miss
2930 http fetch GET 200 https://registry.npmjs.org/@rollup%2frollup-darwin-x64 56ms (cache miss)
2931 silly packumentCache full:https://registry.npmjs.org/@rollup%2frollup-darwin-x64 set size:undefined disposed:false
2932 silly fetch manifest @rollup/rollup-openharmony-arm64@4.59.0
2933 silly packumentCache full:https://registry.npmjs.org/@rollup%2frollup-openharmony-arm64 cache-miss
2934 http fetch GET 200 https://registry.npmjs.org/@rollup%2frollup-win32-x64-msvc 51ms (cache miss)
2935 silly packumentCache full:https://registry.npmjs.org/@rollup%2frollup-win32-x64-msvc set size:undefined disposed:false
2936 http fetch GET 200 https://registry.npmjs.org/@rollup%2frollup-linux-s390x-gnu 92ms (cache miss)
2937 silly packumentCache full:https://registry.npmjs.org/@rollup%2frollup-linux-s390x-gnu set size:undefined disposed:false
2938 http fetch GET 200 https://registry.npmjs.org/@rollup%2frollup-freebsd-x64 69ms (cache miss)
2939 silly packumentCache full:https://registry.npmjs.org/@rollup%2frollup-freebsd-x64 set size:undefined disposed:false
2940 http fetch GET 200 https://registry.npmjs.org/@rollup%2frollup-openharmony-arm64 51ms (cache miss)
2941 silly packumentCache full:https://registry.npmjs.org/@rollup%2frollup-openharmony-arm64 set size:undefined disposed:false
2942 http fetch GET 200 https://registry.npmjs.org/@rollup%2frollup-openbsd-x64 68ms (cache miss)
2943 silly packumentCache full:https://registry.npmjs.org/@rollup%2frollup-openbsd-x64 set size:undefined disposed:false
2944 http fetch GET 200 https://registry.npmjs.org/@rollup%2frollup-linux-x64-musl 70ms (cache miss)
2945 silly packumentCache full:https://registry.npmjs.org/@rollup%2frollup-linux-x64-musl set size:undefined disposed:false
2946 http fetch GET 200 https://registry.npmjs.org/@rollup%2frollup-linux-riscv64-gnu 169ms (cache miss)
2947 silly packumentCache full:https://registry.npmjs.org/@rollup%2frollup-linux-riscv64-gnu set size:undefined disposed:false
2948 http fetch GET 200 https://registry.npmjs.org/@rollup%2frollup-linux-x64-gnu 111ms (cache miss)
2949 silly packumentCache full:https://registry.npmjs.org/@rollup%2frollup-linux-x64-gnu set size:undefined disposed:false
2950 http fetch GET 200 https://registry.npmjs.org/@rollup%2frollup-linux-riscv64-musl 207ms (cache miss)
2951 silly packumentCache full:https://registry.npmjs.org/@rollup%2frollup-linux-riscv64-musl set size:undefined disposed:false
2952 silly placeDep ROOT @rollup/rollup-android-arm-eabi@4.59.0 OK for: rollup@4.59.0 want: 4.59.0
2953 silly placeDep ROOT @rollup/rollup-android-arm64@4.59.0 OK for: rollup@4.59.0 want: 4.59.0
2954 silly placeDep ROOT @rollup/rollup-darwin-arm64@4.59.0 OK for: rollup@4.59.0 want: 4.59.0
2955 silly placeDep ROOT @rollup/rollup-darwin-x64@4.59.0 OK for: rollup@4.59.0 want: 4.59.0
2956 silly placeDep ROOT @rollup/rollup-freebsd-arm64@4.59.0 OK for: rollup@4.59.0 want: 4.59.0
2957 silly placeDep ROOT @rollup/rollup-freebsd-x64@4.59.0 OK for: rollup@4.59.0 want: 4.59.0
2958 silly placeDep ROOT @rollup/rollup-linux-arm-gnueabihf@4.59.0 OK for: rollup@4.59.0 want: 4.59.0
2959 silly placeDep ROOT @rollup/rollup-linux-arm-musleabihf@4.59.0 OK for: rollup@4.59.0 want: 4.59.0
2960 silly placeDep ROOT @rollup/rollup-linux-arm64-gnu@4.59.0 OK for: rollup@4.59.0 want: 4.59.0
2961 silly placeDep ROOT @rollup/rollup-linux-arm64-musl@4.59.0 OK for: rollup@4.59.0 want: 4.59.0
2962 silly placeDep ROOT @rollup/rollup-linux-loong64-gnu@4.59.0 OK for: rollup@4.59.0 want: 4.59.0
2963 silly placeDep ROOT @rollup/rollup-linux-loong64-musl@4.59.0 OK for: rollup@4.59.0 want: 4.59.0
2964 silly placeDep ROOT @rollup/rollup-linux-ppc64-gnu@4.59.0 OK for: rollup@4.59.0 want: 4.59.0
2965 silly placeDep ROOT @rollup/rollup-linux-ppc64-musl@4.59.0 OK for: rollup@4.59.0 want: 4.59.0
2966 silly placeDep ROOT @rollup/rollup-linux-riscv64-gnu@4.59.0 OK for: rollup@4.59.0 want: 4.59.0
2967 silly placeDep ROOT @rollup/rollup-linux-riscv64-musl@4.59.0 OK for: rollup@4.59.0 want: 4.59.0
2968 silly placeDep ROOT @rollup/rollup-linux-s390x-gnu@4.59.0 OK for: rollup@4.59.0 want: 4.59.0
2969 silly placeDep ROOT @rollup/rollup-linux-x64-gnu@4.59.0 OK for: rollup@4.59.0 want: 4.59.0
2970 silly placeDep ROOT @rollup/rollup-linux-x64-musl@4.59.0 OK for: rollup@4.59.0 want: 4.59.0
2971 silly placeDep ROOT @rollup/rollup-openbsd-x64@4.59.0 OK for: rollup@4.59.0 want: 4.59.0
2972 silly placeDep ROOT @rollup/rollup-openharmony-arm64@4.59.0 OK for: rollup@4.59.0 want: 4.59.0
2973 silly placeDep ROOT @rollup/rollup-win32-arm64-msvc@4.59.0 OK for: rollup@4.59.0 want: 4.59.0
2974 silly placeDep ROOT @rollup/rollup-win32-ia32-msvc@4.59.0 OK for: rollup@4.59.0 want: 4.59.0
2975 silly placeDep ROOT @rollup/rollup-win32-x64-gnu@4.59.0 OK for: rollup@4.59.0 want: 4.59.0
2976 silly placeDep ROOT @rollup/rollup-win32-x64-msvc@4.59.0 OK for: rollup@4.59.0 want: 4.59.0
2977 silly placeDep ROOT @types/estree@1.0.8 OK for: rollup@4.59.0 want: 1.0.8
2978 silly fetch manifest msw@^2.4.9
2979 silly packumentCache full:https://registry.npmjs.org/msw cache-miss
2980 http fetch GET 200 https://registry.npmjs.org/msw 66ms (cache miss)
2981 silly packumentCache full:https://registry.npmjs.org/msw set size:undefined disposed:false
2982 silly fetch manifest typescript@>= 4.8.x
2983 silly packumentCache full:https://registry.npmjs.org/typescript cache-miss
2984 http cache https://registry.npmjs.org/typescript 19ms (cache hit)
2985 silly packumentCache full:https://registry.npmjs.org/typescript set size:15369697 disposed:false
2986 silly fetch manifest @vitejs/devtools@^0.0.0-alpha.31
2987 silly packumentCache full:https://registry.npmjs.org/@vitejs%2fdevtools cache-miss
2988 http fetch GET 200 https://registry.npmjs.org/@vitejs%2fdevtools 182ms (cache miss)
2989 silly packumentCache full:https://registry.npmjs.org/@vitejs%2fdevtools set size:undefined disposed:false
2990 silly fetch manifest less@^4.0.0
2991 silly packumentCache full:https://registry.npmjs.org/less cache-miss
2992 http cache https://registry.npmjs.org/less 2ms (cache hit)
2993 silly packumentCache full:https://registry.npmjs.org/less set size:461684 disposed:false
2994 silly fetch manifest sass@^1.70.0
2995 silly packumentCache full:https://registry.npmjs.org/sass cache-miss
2996 http cache https://registry.npmjs.org/sass 2ms (cache hit)
2997 silly packumentCache full:https://registry.npmjs.org/sass set size:724154 disposed:false
2998 silly fetch manifest postcss@^8.3.3
2999 silly packumentCache full:https://registry.npmjs.org/postcss cache-hit
3000 silly placeDep ROOT @vitest/expect@4.1.0 OK for: vitest@4.1.0 want: 4.1.0
3001 silly placeDep ROOT @vitest/mocker@4.1.0 OK for: vitest@4.1.0 want: 4.1.0
3002 silly placeDep ROOT @vitest/pretty-format@4.1.0 OK for: vitest@4.1.0 want: 4.1.0
3003 silly placeDep ROOT @vitest/runner@4.1.0 OK for: vitest@4.1.0 want: 4.1.0
3004 silly placeDep ROOT @vitest/snapshot@4.1.0 OK for: vitest@4.1.0 want: 4.1.0
3005 silly placeDep ROOT @vitest/spy@4.1.0 OK for: vitest@4.1.0 want: 4.1.0
3006 silly placeDep ROOT @vitest/utils@4.1.0 OK for: vitest@4.1.0 want: 4.1.0
3007 silly placeDep ROOT es-module-lexer@2.0.0 OK for: vitest@4.1.0 want: ^2.0.0
3008 silly placeDep ROOT expect-type@1.3.0 OK for: vitest@4.1.0 want: ^1.3.0
3009 silly placeDep ROOT obug@2.1.1 OK for: vitest@4.1.0 want: ^2.1.1
3010 silly placeDep ROOT pathe@2.0.3 OK for: vitest@4.1.0 want: ^2.0.3
3011 silly placeDep ROOT std-env@4.0.0 OK for: vitest@4.1.0 want: ^4.0.0-rc.1
3012 silly placeDep ROOT tinybench@2.9.0 OK for: vitest@4.1.0 want: ^2.9.0
3013 silly placeDep ROOT tinyexec@1.0.4 OK for: vitest@4.1.0 want: ^1.0.2
3014 silly placeDep ROOT tinyrainbow@3.1.0 OK for: vitest@4.1.0 want: ^3.0.3
3015 silly placeDep ROOT why-is-node-running@2.3.0 OK for: vitest@4.1.0 want: ^2.3.0
3016 silly fetch manifest @types/chai@^5.2.2
3017 silly packumentCache full:https://registry.npmjs.org/@types%2fchai cache-miss
3018 silly fetch manifest chai@^6.2.2
3019 silly packumentCache full:https://registry.npmjs.org/chai cache-miss
3020 silly fetch manifest estree-walker@^3.0.3
3021 silly packumentCache full:https://registry.npmjs.org/estree-walker cache-miss
3022 silly fetch manifest siginfo@^2.0.0
3023 silly packumentCache full:https://registry.npmjs.org/siginfo cache-miss
3024 silly fetch manifest stackback@0.0.2
3025 silly packumentCache full:https://registry.npmjs.org/stackback cache-miss
3026 http fetch GET 200 https://registry.npmjs.org/estree-walker 46ms (cache miss)
3027 silly packumentCache full:https://registry.npmjs.org/estree-walker set size:undefined disposed:false
3028 http fetch GET 200 https://registry.npmjs.org/stackback 48ms (cache miss)
3029 silly packumentCache full:https://registry.npmjs.org/stackback set size:undefined disposed:false
3030 http fetch GET 200 https://registry.npmjs.org/siginfo 48ms (cache miss)
3031 silly packumentCache full:https://registry.npmjs.org/siginfo set size:undefined disposed:false
3032 http fetch GET 200 https://registry.npmjs.org/@types%2fchai 370ms (cache miss)
3033 silly packumentCache full:https://registry.npmjs.org/@types%2fchai set size:undefined disposed:false
3034 http fetch GET 200 https://registry.npmjs.org/chai 453ms (cache miss)
3035 silly packumentCache full:https://registry.npmjs.org/chai set size:undefined disposed:false
3036 silly placeDep ROOT @types/chai@5.2.3 OK for: @vitest/expect@4.1.0 want: ^5.2.2
3037 silly placeDep ROOT chai@6.2.2 OK for: @vitest/expect@4.1.0 want: ^6.2.2
3038 silly fetch manifest @types/deep-eql@*
3039 silly packumentCache full:https://registry.npmjs.org/@types%2fdeep-eql cache-miss
3040 silly fetch manifest assertion-error@^2.0.1
3041 silly packumentCache full:https://registry.npmjs.org/assertion-error cache-miss
3042 http fetch GET 200 https://registry.npmjs.org/assertion-error 72ms (cache miss)
3043 silly packumentCache full:https://registry.npmjs.org/assertion-error set size:undefined disposed:false
3044 http fetch GET 200 https://registry.npmjs.org/@types%2fdeep-eql 348ms (cache miss)
3045 silly packumentCache full:https://registry.npmjs.org/@types%2fdeep-eql set size:undefined disposed:false
3046 silly placeDep ROOT @types/deep-eql@4.0.2 OK for: @types/chai@5.2.3 want: *
3047 silly placeDep ROOT assertion-error@2.0.1 OK for: @types/chai@5.2.3 want: ^2.0.1
3048 silly placeDep ROOT estree-walker@3.0.3 OK for: @vitest/mocker@4.1.0 want: ^3.0.3
3049 silly placeDep node_modules/@vitest/utils convert-source-map@2.0.0 OK for: @vitest/utils@4.1.0 want: ^2.0.0
3050 silly placeDep ROOT glob-to-regexp@0.4.1 OK for: watchpack@2.5.1 want: ^0.4.1
3051 silly placeDep ROOT tr46@6.0.0 OK for: whatwg-url@16.0.1 want: ^6.0.0
3052 silly fetch manifest punycode@^2.3.1
3053 silly packumentCache full:https://registry.npmjs.org/punycode cache-miss
3054 http fetch GET 200 https://registry.npmjs.org/punycode 90ms (cache miss)
3055 silly packumentCache full:https://registry.npmjs.org/punycode set size:undefined disposed:false
3056 silly placeDep ROOT punycode@2.3.1 OK for: tr46@6.0.0 want: ^2.3.1
3057 silly placeDep ROOT isexe@2.0.0 OK for: which@2.0.2 want: ^2.0.0
3058 silly placeDep ROOT siginfo@2.0.0 OK for: why-is-node-running@2.3.0 want: ^2.0.0
3059 silly placeDep ROOT stackback@0.0.2 OK for: why-is-node-running@2.3.0 want: 0.0.2
3060 silly placeDep node_modules/wrap-ansi ansi-styles@4.3.0 OK for: wrap-ansi@6.2.0 want: ^4.0.0
3061 silly placeDep node_modules/wrap-ansi string-width@4.2.3 OK for: wrap-ansi@6.2.0 want: ^4.1.0
3062 silly placeDep node_modules/wrap-ansi strip-ansi@6.0.1 OK for: wrap-ansi@6.2.0 want: ^6.0.0
3063 silly fetch manifest color-convert@^2.0.1
3064 silly packumentCache full:https://registry.npmjs.org/color-convert cache-miss
3065 silly fetch manifest strip-ansi@^6.0.1
3066 silly packumentCache full:https://registry.npmjs.org/strip-ansi cache-hit
3067 silly fetch manifest emoji-regex@^8.0.0
3068 silly packumentCache full:https://registry.npmjs.org/emoji-regex cache-miss
3069 silly fetch manifest is-fullwidth-code-point@^3.0.0
3070 silly packumentCache full:https://registry.npmjs.org/is-fullwidth-code-point cache-hit
3071 silly fetch manifest ansi-regex@^5.0.1
3072 silly packumentCache full:https://registry.npmjs.org/ansi-regex cache-hit
3073 http fetch GET 200 https://registry.npmjs.org/color-convert 60ms (cache revalidated)
3074 silly packumentCache full:https://registry.npmjs.org/color-convert set size:72663 disposed:false
3075 http fetch GET 200 https://registry.npmjs.org/emoji-regex 70ms (cache revalidated)
3076 silly packumentCache full:https://registry.npmjs.org/emoji-regex set size:89088 disposed:false
3077 silly placeDep ROOT cliui@9.0.1 OK for: yargs@18.0.0 want: ^9.0.1
3078 silly placeDep ROOT get-caller-file@2.0.5 OK for: yargs@18.0.0 want: ^2.0.5
3079 silly placeDep node_modules/yargs string-width@7.2.0 OK for: yargs@18.0.0 want: ^7.2.0
3080 silly placeDep ROOT y18n@5.0.8 OK for: yargs@18.0.0 want: ^5.0.5
3081 silly placeDep ROOT yargs-parser@22.0.0 OK for: yargs@18.0.0 want: ^22.0.0
3082 silly fetch manifest emoji-regex@^10.3.0
3083 silly packumentCache full:https://registry.npmjs.org/emoji-regex cache-hit
3084 silly placeDep node_modules/cliui string-width@7.2.0 OK for: cliui@9.0.1 want: ^7.2.0
3085 silly placeDep node_modules/cliui wrap-ansi@9.0.2 OK for: cliui@9.0.1 want: ^9.0.0
3086 silly placeDep node_modules/@npmcli/git isexe@4.0.0 OK for: which@6.0.1 want: ^4.0.0
3087 silly placeDep node_modules/@npmcli/promise-spawn isexe@4.0.0 OK for: which@6.0.1 want: ^4.0.0
3088 silly placeDep ROOT emoji-regex@10.6.0 OK for: string-width@7.2.0 want: ^10.3.0
3089 silly placeDep node_modules/listr2 string-width@7.2.0 OK for: wrap-ansi@9.0.2 want: ^7.0.0
3090 silly placeDep node_modules/log-update string-width@7.2.0 OK for: wrap-ansi@9.0.2 want: ^7.0.0
3091 silly placeDep node_modules/minipass-flush yallist@4.0.0 OK for: minipass@3.3.6 want: ^4.0.0
3092 silly placeDep node_modules/minipass-pipeline yallist@4.0.0 OK for: minipass@3.3.6 want: ^4.0.0
3093 silly placeDep node_modules/node-gyp isexe@4.0.0 OK for: which@6.0.1 want: ^4.0.0
3094 silly placeDep node_modules/sass readdirp@4.1.2 OK for: chokidar@4.0.3 want: ^4.0.1
3095 silly placeDep ROOT color-convert@2.0.1 OK for: ansi-styles@4.3.0 want: ^2.0.1
3096 silly fetch manifest color-name@~1.1.4
3097 silly packumentCache full:https://registry.npmjs.org/color-name cache-miss
3098 http fetch GET 200 https://registry.npmjs.org/color-name 41ms (cache revalidated)
3099 silly packumentCache full:https://registry.npmjs.org/color-name set size:19467 disposed:false
3100 silly placeDep ROOT color-name@1.1.4 OK for: color-convert@2.0.1 want: ~1.1.4
3101 silly placeDep node_modules/wrap-ansi emoji-regex@8.0.0 OK for: string-width@4.2.3 want: ^8.0.0
3102 silly placeDep node_modules/wrap-ansi is-fullwidth-code-point@3.0.0 OK for: string-width@4.2.3 want: ^3.0.0
3103 silly placeDep node_modules/wrap-ansi ansi-regex@5.0.1 OK for: strip-ansi@6.0.1 want: ^5.0.1
3104 silly reify moves {}
3105 silly audit bulk request {
3105 silly audit   '@angular/build': [ '21.2.3' ],
3105 silly audit   tslib: [ '2.8.1' ],
3105 silly audit   typescript: [ '5.9.3' ],
3105 silly audit   '@angular/compiler': [ '21.2.5' ],
3105 silly audit   '@angular/compiler-cli': [ '21.2.5' ],
3105 silly audit   '@angular/cli': [ '21.2.3' ],
3105 silly audit   '@angular/common': [ '21.2.5' ],
3105 silly audit   '@angular/core': [ '21.2.5' ],
3105 silly audit   rxjs: [ '7.8.2' ],
3105 silly audit   '@angular/forms': [ '21.2.5' ],
3105 silly audit   '@angular/platform-browser': [ '21.2.5' ],
3105 silly audit   '@angular/router': [ '21.2.5' ],
3105 silly audit   jsdom: [ '28.1.0' ],
3105 silly audit   prettier: [ '3.8.1' ],
3105 silly audit   vitest: [ '4.1.0' ],
3105 silly audit   '@ampproject/remapping': [ '2.3.0' ],
3105 silly audit   '@angular-devkit/architect': [ '0.2102.3' ],
3105 silly audit   '@babel/core': [ '7.29.0' ],
3105 silly audit   '@babel/helper-annotate-as-pure': [ '7.27.3' ],
3105 silly audit   '@babel/helper-split-export-declaration': [ '7.24.7' ],
3105 silly audit   '@inquirer/confirm': [ '5.1.21' ],
3105 silly audit   '@vitejs/plugin-basic-ssl': [ '2.1.4' ],
3105 silly audit   vite: [ '7.3.1' ],
3105 silly audit   beasties: [ '0.4.1' ],
3105 silly audit   browserslist: [ '4.28.1' ],
3105 silly audit   esbuild: [ '0.27.3' ],
3105 silly audit   'https-proxy-agent': [ '7.0.6' ],
3105 silly audit   'istanbul-lib-instrument': [ '6.0.3' ],
3105 silly audit   'jsonc-parser': [ '3.3.1' ],
3105 silly audit   listr2: [ '9.0.5' ],
3105 silly audit   lmdb: [ '3.5.1' ],
3105 silly audit   'magic-string': [ '0.30.21' ],
3105 silly audit   mrmime: [ '2.0.1' ],
3105 silly audit   'parse5-html-rewriting-stream': [ '8.0.0' ],
3105 silly audit   picomatch: [ '4.0.3' ],
3105 silly audit   piscina: [ '5.1.4' ],
3105 silly audit   rolldown: [ '1.0.0-rc.4' ],
3105 silly audit   sass: [ '1.97.3' ],
3105 silly audit   semver: [ '7.7.4', '6.3.1' ],
3105 silly audit   'source-map-support': [ '0.5.21' ],
3105 silly audit   tinyglobby: [ '0.2.15' ],
3105 silly audit   undici: [ '7.22.0' ],
3105 silly audit   watchpack: [ '2.5.1' ],
3105 silly audit   '@jridgewell/gen-mapping': [ '0.3.13' ],
3105 silly audit   '@jridgewell/trace-mapping': [ '0.3.31' ],
3105 silly audit   '@angular-devkit/core': [ '21.2.3' ],
3105 silly audit   ajv: [ '8.18.0' ],
3105 silly audit   'ajv-formats': [ '3.0.1' ],
3105 silly audit   'source-map': [ '0.7.6', '0.6.1' ],
3105 silly audit   '@angular-devkit/schematics': [ '21.2.3' ],
3105 silly audit   '@inquirer/prompts': [ '7.10.1' ],
3105 silly audit   '@listr2/prompt-adapter-inquirer': [ '3.0.5' ],
3105 silly audit   '@modelcontextprotocol/sdk': [ '1.26.0' ],
3105 silly audit   '@schematics/angular': [ '21.2.3' ],
3105 silly audit   '@yarnpkg/lockfile': [ '1.1.0' ],
3105 silly audit   algoliasearch: [ '5.48.1' ],
3105 silly audit   ini: [ '6.0.0' ],
3105 silly audit   'npm-package-arg': [ '13.0.2' ],
3105 silly audit   pacote: [ '21.3.1' ],
3105 silly audit   yargs: [ '18.0.0' ],
3105 silly audit   zod: [ '4.3.6' ],
3105 silly audit   ora: [ '9.3.0' ],
3105 silly audit   '@jridgewell/sourcemap-codec': [ '1.5.5' ],
3105 silly audit   chokidar: [ '5.0.0', '4.0.3' ],
3105 silly audit   'convert-source-map': [ '1.9.0', '2.0.0' ],
3105 silly audit   'reflect-metadata': [ '0.2.2' ],
3105 silly audit   '@standard-schema/spec': [ '1.1.0' ],
3105 silly audit   '@babel/code-frame': [ '7.29.0' ],
3105 silly audit   '@babel/generator': [ '7.29.1' ],
3105 silly audit   '@babel/helper-compilation-targets': [ '7.28.6' ],
3105 silly audit   '@babel/helper-module-transforms': [ '7.28.6' ],
3105 silly audit   '@babel/helpers': [ '7.29.2' ],
3105 silly audit   '@babel/parser': [ '7.29.2' ],
3105 silly audit   '@babel/template': [ '7.28.6' ],
3105 silly audit   '@babel/traverse': [ '7.29.0' ],
3105 silly audit   '@babel/types': [ '7.29.0' ],
3105 silly audit   '@jridgewell/remapping': [ '2.3.5' ],
3105 silly audit   debug: [ '4.4.3' ],
3105 silly audit   gensync: [ '1.0.0-beta.2' ],
3105 silly audit   json5: [ '2.2.3' ],
3105 silly audit   '@babel/helper-validator-identifier': [ '7.28.5' ],
3105 silly audit   'js-tokens': [ '4.0.0' ],
3105 silly audit   picocolors: [ '1.1.1' ],
3105 silly audit   jsesc: [ '3.1.0' ],
3105 silly audit   '@babel/compat-data': [ '7.29.0' ],
3105 silly audit   '@babel/helper-validator-option': [ '7.27.1' ],
3105 silly audit   'lru-cache': [ '5.1.1', '11.2.7' ],
3105 silly audit   '@babel/helper-module-imports': [ '7.28.6' ],
3105 silly audit   '@babel/helper-globals': [ '7.28.0' ],
3105 silly audit   '@babel/helper-string-parser': [ '7.27.1' ],
3105 silly audit   '@inquirer/core': [ '10.3.2' ],
3105 silly audit   '@inquirer/type': [ '3.0.10' ],
3105 silly audit   '@inquirer/ansi': [ '1.0.2' ],
3105 silly audit   '@inquirer/figures': [ '1.0.15' ],
3105 silly audit   'cli-width': [ '4.1.0' ],
3105 silly audit   'mute-stream': [ '2.0.0' ],
3105 silly audit   'signal-exit': [ '4.1.0' ],
3105 silly audit   'wrap-ansi': [ '6.2.0', '9.0.2' ],
3105 silly audit   'yoctocolors-cjs': [ '2.1.3' ],
3105 silly audit   '@inquirer/checkbox': [ '4.3.2' ],
3105 silly audit   '@inquirer/editor': [ '4.2.23' ],
3105 silly audit   '@inquirer/expand': [ '4.0.23' ],
3105 silly audit   '@inquirer/input': [ '4.3.1' ],
3105 silly audit   '@inquirer/number': [ '3.0.23' ],
3105 silly audit   '@inquirer/password': [ '4.0.23' ],
3105 silly audit   '@inquirer/rawlist': [ '4.1.11' ],
3105 silly audit   '@inquirer/search': [ '3.2.2' ],
3105 silly audit   '@inquirer/select': [ '4.4.2' ],
3105 silly audit   '@inquirer/external-editor': [ '1.0.3' ],
3105 silly audit   chardet: [ '2.1.1' ],
3105 silly audit   'iconv-lite': [ '0.7.2' ],
3105 silly audit   '@jridgewell/resolve-uri': [ '3.1.2' ],
3105 silly audit   '@hono/node-server': [ '1.19.11' ],
3105 silly audit   hono: [ '4.12.8' ],
3105 silly audit   'content-type': [ '1.0.5' ],
3105 silly audit   cors: [ '2.8.6' ],
3105 silly audit   'cross-spawn': [ '7.0.6' ],
3105 silly audit   eventsource: [ '3.0.7' ],
3105 silly audit   'eventsource-parser': [ '3.0.6' ],
3105 silly audit   express: [ '5.2.1' ],
3105 silly audit   'express-rate-limit': [ '8.3.1' ],
3105 silly audit   jose: [ '6.2.2' ],
3105 silly audit   'json-schema-typed': [ '8.0.2' ],
3105 silly audit   'pkce-challenge': [ '5.0.1' ],
3105 silly audit   'raw-body': [ '3.0.2' ],
3105 silly audit   'zod-to-json-schema': [ '3.25.1' ],
3105 silly audit   'fast-deep-equal': [ '3.1.3' ],
3105 silly audit   'fast-uri': [ '3.1.0' ],
3105 silly audit   'json-schema-traverse': [ '1.0.0' ],
3105 silly audit   'require-from-string': [ '2.0.2' ],
3105 silly audit   '@algolia/abtesting': [ '1.14.1' ],
3105 silly audit   '@algolia/client-abtesting': [ '5.48.1' ],
3105 silly audit   '@algolia/client-analytics': [ '5.48.1' ],
3105 silly audit   '@algolia/client-common': [ '5.48.1' ],
3105 silly audit   '@algolia/client-insights': [ '5.48.1' ],
3105 silly audit   '@algolia/client-personalization': [ '5.48.1' ],
3105 silly audit   '@algolia/client-query-suggestions': [ '5.48.1' ],
3105 silly audit   '@algolia/client-search': [ '5.48.1' ],
3105 silly audit   '@algolia/ingestion': [ '1.48.1' ],
3105 silly audit   '@algolia/monitoring': [ '1.48.1' ],
3105 silly audit   '@algolia/recommend': [ '5.48.1' ],
3105 silly audit   '@algolia/requester-browser-xhr': [ '5.48.1' ],
3105 silly audit   '@algolia/requester-fetch': [ '5.48.1' ],
3105 silly audit   '@algolia/requester-node-http': [ '5.48.1' ],
3105 silly audit   'css-select': [ '6.0.0' ],
3105 silly audit   'css-what': [ '7.0.0' ],
3105 silly audit   'dom-serializer': [ '2.0.0' ],
3105 silly audit   domhandler: [ '5.0.3' ],
3105 silly audit   htmlparser2: [ '10.1.0' ],
3105 silly audit   postcss: [ '8.5.8' ],
3105 silly audit   'postcss-media-query-parser': [ '0.2.3' ],
3105 silly audit   'postcss-safe-parser': [ '7.0.1' ],
3105 silly audit   'baseline-browser-mapping': [ '2.10.8' ],
3105 silly audit   'caniuse-lite': [ '1.0.30001780' ],
3105 silly audit   'electron-to-chromium': [ '1.5.321' ],
3105 silly audit   'node-releases': [ '2.0.36' ],
3105 silly audit   'update-browserslist-db': [ '1.2.3' ],
3105 silly audit   readdirp: [ '5.0.0', '4.1.2' ],
3105 silly audit   'object-assign': [ '4.1.1' ],
3105 silly audit   vary: [ '1.1.2' ],
3105 silly audit   'path-key': [ '3.1.1' ],
3105 silly audit   'shebang-command': [ '2.0.0' ],
3105 silly audit   which: [ '2.0.2', '6.0.1' ],
3105 silly audit   boolbase: [ '1.0.0' ],
3105 silly audit   domutils: [ '3.2.2' ],
3105 silly audit   'nth-check': [ '2.1.1' ],
3105 silly audit   ms: [ '2.1.3' ],
3105 silly audit   domelementtype: [ '2.3.0' ],
3105 silly audit   entities: [ '4.5.0', '7.0.1', '6.0.1' ],
3105 silly audit   '@esbuild/aix-ppc64': [ '0.27.3' ],
3105 silly audit   '@esbuild/android-arm': [ '0.27.3' ],
3105 silly audit   '@esbuild/android-arm64': [ '0.27.3' ],
3105 silly audit   '@esbuild/android-x64': [ '0.27.3' ],
3105 silly audit   '@esbuild/darwin-arm64': [ '0.27.3' ],
3105 silly audit   '@esbuild/darwin-x64': [ '0.27.3' ],
3105 silly audit   '@esbuild/freebsd-arm64': [ '0.27.3' ],
3105 silly audit   '@esbuild/freebsd-x64': [ '0.27.3' ],
3105 silly audit   '@esbuild/linux-arm': [ '0.27.3' ],
3105 silly audit   '@esbuild/linux-arm64': [ '0.27.3' ],
3105 silly audit   '@esbuild/linux-ia32': [ '0.27.3' ],
3105 silly audit   '@esbuild/linux-loong64': [ '0.27.3' ],
3105 silly audit   '@esbuild/linux-mips64el': [ '0.27.3' ],
3105 silly audit   '@esbuild/linux-ppc64': [ '0.27.3' ],
3105 silly audit   '@esbuild/linux-riscv64': [ '0.27.3' ],
3105 silly audit   '@esbuild/linux-s390x': [ '0.27.3' ],
3105 silly audit   '@esbuild/linux-x64': [ '0.27.3' ],
3105 silly audit   '@esbuild/netbsd-arm64': [ '0.27.3' ],
3105 silly audit   '@esbuild/netbsd-x64': [ '0.27.3' ],
3105 silly audit   '@esbuild/openbsd-arm64': [ '0.27.3' ],
3105 silly audit   '@esbuild/openbsd-x64': [ '0.27.3' ],
3105 silly audit   '@esbuild/openharmony-arm64': [ '0.27.3' ],
3105 silly audit   '@esbuild/sunos-x64': [ '0.27.3' ],
3105 silly audit   '@esbuild/win32-arm64': [ '0.27.3' ],
3105 silly audit   '@esbuild/win32-ia32': [ '0.27.3' ],
3105 silly audit   '@esbuild/win32-x64': [ '0.27.3' ],
3105 silly audit   accepts: [ '2.0.0' ],
3105 silly audit   'body-parser': [ '2.2.2' ],
3105 silly audit   'content-disposition': [ '1.0.1' ],
3105 silly audit   cookie: [ '0.7.2' ],
3105 silly audit   'cookie-signature': [ '1.2.2' ],
3105 silly audit   depd: [ '2.0.0' ],
3105 silly audit   encodeurl: [ '2.0.0' ],
3105 silly audit   'escape-html': [ '1.0.3' ],
3105 silly audit   etag: [ '1.8.1' ],
3105 silly audit   finalhandler: [ '2.1.1' ],
3105 silly audit   fresh: [ '2.0.0' ],
3105 silly audit   'http-errors': [ '2.0.1' ],
3105 silly audit   'merge-descriptors': [ '2.0.0' ],
3105 silly audit   'mime-types': [ '3.0.2' ],
3105 silly audit   'on-finished': [ '2.4.1' ],
3105 silly audit   once: [ '1.4.0' ],
3105 silly audit   parseurl: [ '1.3.3' ],
3105 silly audit   'proxy-addr': [ '2.0.7' ],
3105 silly audit   qs: [ '6.15.0' ],
3105 silly audit   'range-parser': [ '1.2.1' ],
3105 silly audit   router: [ '2.2.0' ],
3105 silly audit   send: [ '1.2.1' ],
3105 silly audit   'serve-static': [ '2.2.1' ],
3105 silly audit   statuses: [ '2.0.2' ],
3105 silly audit   'type-is': [ '2.0.1' ],
3105 silly audit   negotiator: [ '1.0.0' ],
3105 silly audit   bytes: [ '3.1.2' ],
3105 silly audit   'ip-address': [ '10.1.0' ],
3105 silly audit   inherits: [ '2.0.4' ],
3105 silly audit   setprototypeof: [ '1.2.0' ],
3105 silly audit   toidentifier: [ '1.0.1' ],
3105 silly audit   'agent-base': [ '7.1.4' ],
3105 silly audit   'safer-buffer': [ '2.1.2' ],
3105 silly audit   '@istanbuljs/schema': [ '0.1.3' ],
3105 silly audit   'istanbul-lib-coverage': [ '3.2.2' ],
3105 silly audit   '@acemir/cssom': [ '0.9.31' ],
3105 silly audit   '@asamuzakjp/dom-selector': [ '6.8.1' ],
3105 silly audit   '@bramus/specificity': [ '2.4.2' ],
3105 silly audit   '@exodus/bytes': [ '1.15.0' ],
3105 silly audit   cssstyle: [ '6.2.0' ],
3105 silly audit   'data-urls': [ '7.0.0' ],
3105 silly audit   'decimal.js': [ '10.6.0' ],
3105 silly audit   'html-encoding-sniffer': [ '6.0.0' ],
3105 silly audit   'http-proxy-agent': [ '7.0.2' ],
3105 silly audit   'is-potential-custom-element-name': [ '1.0.1' ],
3105 silly audit   parse5: [ '8.0.0' ],
3105 silly audit   saxes: [ '6.0.0' ],
3105 silly audit   'symbol-tree': [ '3.2.4' ],
3105 silly audit   'tough-cookie': [ '6.0.1' ],
3105 silly audit   'w3c-xmlserializer': [ '5.0.0' ],
3105 silly audit   'webidl-conversions': [ '8.0.1' ],
3105 silly audit   'whatwg-mimetype': [ '5.0.0' ],
3105 silly audit   'whatwg-url': [ '16.0.1' ],
3105 silly audit   'xml-name-validator': [ '5.0.0' ],
3105 silly audit   '@asamuzakjp/nwsapi': [ '2.3.9' ],
3105 silly audit   'bidi-js': [ '1.0.3' ],
3105 silly audit   'css-tree': [ '3.2.1' ],
3105 silly audit   'mdn-data': [ '2.27.1' ],
3105 silly audit   'source-map-js': [ '1.2.1' ],
3105 silly audit   '@asamuzakjp/css-color': [ '5.0.1' ],
3105 silly audit   '@csstools/css-syntax-patches-for-csstree': [ '1.1.1' ],
3105 silly audit   '@csstools/css-calc': [ '3.1.1' ],
3105 silly audit   '@csstools/css-parser-algorithms': [ '4.0.0' ],
3105 silly audit   '@csstools/css-tokenizer': [ '4.0.0' ],
3105 silly audit   '@csstools/css-color-parser': [ '4.0.2' ],
3105 silly audit   '@csstools/color-helpers': [ '6.0.2' ],
3105 silly audit   'cli-truncate': [ '5.2.0' ],
3105 silly audit   colorette: [ '2.0.20' ],
3105 silly audit   eventemitter3: [ '5.0.4' ],
3105 silly audit   'log-update': [ '6.1.0' ],
3105 silly audit   rfdc: [ '1.4.1' ],
3105 silly audit   'slice-ansi': [ '8.0.0', '7.1.2' ],
3105 silly audit   'string-width': [ '8.2.0', '4.2.3', '7.2.0' ],
3105 silly audit   '@harperfast/extended-iterable': [ '1.0.3' ],
3105 silly audit   '@lmdb/lmdb-darwin-arm64': [ '3.5.1' ],
3105 silly audit   '@lmdb/lmdb-darwin-x64': [ '3.5.1' ],
3105 silly audit   '@lmdb/lmdb-linux-arm': [ '3.5.1' ],
3105 silly audit   '@lmdb/lmdb-linux-arm64': [ '3.5.1' ],
3105 silly audit   '@lmdb/lmdb-linux-x64': [ '3.5.1' ],
3105 silly audit   '@lmdb/lmdb-win32-arm64': [ '3.5.1' ],
3105 silly audit   '@lmdb/lmdb-win32-x64': [ '3.5.1' ],
3105 silly audit   msgpackr: [ '1.11.9' ],
3105 silly audit   'node-addon-api': [ '6.1.0', '7.1.1' ],
3105 silly audit   'node-gyp-build-optional-packages': [ '5.2.2' ],
3105 silly audit   'ordered-binary': [ '1.6.1' ],
3105 silly audit   'weak-lru-cache': [ '1.2.2' ],
3105 silly audit   'ansi-escapes': [ '7.3.0' ],
3105 silly audit   'cli-cursor': [ '5.0.0' ],
3105 silly audit   'strip-ansi': [ '7.2.0', '6.0.1' ],
3105 silly audit   environment: [ '1.1.0' ],
3105 silly audit   'restore-cursor': [ '5.1.0' ],
3105 silly audit   yallist: [ '3.1.1', '5.0.0', '4.0.0' ],
3105 silly audit   'mime-db': [ '1.54.0' ],
3105 silly audit   'msgpackr-extract': [ '3.0.3' ],
3105 silly audit   '@msgpackr-extract/msgpackr-extract-darwin-arm64': [ '3.0.3' ],
3105 silly audit   '@msgpackr-extract/msgpackr-extract-darwin-x64': [ '3.0.3' ],
3105 silly audit   '@msgpackr-extract/msgpackr-extract-linux-arm': [ '3.0.3' ],
3105 silly audit   '@msgpackr-extract/msgpackr-extract-linux-arm64': [ '3.0.3' ],
3105 silly audit   '@msgpackr-extract/msgpackr-extract-linux-x64': [ '3.0.3' ],
3105 silly audit   '@msgpackr-extract/msgpackr-extract-win32-x64': [ '3.0.3' ],
3105 silly audit   'detect-libc': [ '2.1.2' ],
3105 silly audit   'hosted-git-info': [ '9.0.2' ],
3105 silly audit   'proc-log': [ '6.1.0' ],
3105 silly audit   'validate-npm-package-name': [ '7.0.2' ],
3105 silly audit   'ee-first': [ '1.1.1' ],
3105 silly audit   wrappy: [ '1.0.2' ],
3105 silly audit   chalk: [ '5.6.2' ],
3105 silly audit   'cli-spinners': [ '3.4.0' ],
3105 silly audit   'is-interactive': [ '2.0.0' ],
3105 silly audit   'is-unicode-supported': [ '2.1.0' ],
3105 silly audit   'log-symbols': [ '7.0.1' ],
3105 silly audit   'stdin-discarder': [ '0.3.1' ],
3105 silly audit   yoctocolors: [ '2.1.2' ],
3105 silly audit   '@npmcli/git': [ '7.0.2' ],
3105 silly audit   '@npmcli/installed-package-contents': [ '4.0.0' ],
3105 silly audit   '@npmcli/package-json': [ '7.0.5' ],
3105 silly audit   '@npmcli/promise-spawn': [ '9.0.1' ],
3105 silly audit   '@npmcli/run-script': [ '10.0.4' ],
3105 silly audit   cacache: [ '20.0.4' ],
3105 silly audit   'fs-minipass': [ '3.0.3' ],
3105 silly audit   minipass: [ '7.1.3', '3.3.6' ],
3105 silly audit   'npm-packlist': [ '10.0.4' ],
3105 silly audit   'npm-pick-manifest': [ '11.0.3' ],
3105 silly audit   'npm-registry-fetch': [ '19.1.1' ],
3105 silly audit   'promise-retry': [ '2.0.1' ],
3105 silly audit   sigstore: [ '4.1.0' ],
3105 silly audit   ssri: [ '13.0.1' ],
3105 silly audit   tar: [ '7.5.11' ],
3105 silly audit   '@gar/promise-retry': [ '1.0.3' ],
3105 silly audit   'npm-bundled': [ '5.0.0' ],
3105 silly audit   'npm-normalize-package-bin': [ '5.0.0' ],
3105 silly audit   glob: [ '13.0.6' ],
3105 silly audit   'json-parse-even-better-errors': [ '5.0.0' ],
3105 silly audit   'spdx-expression-parse': [ '4.0.0' ],
3105 silly audit   '@npmcli/node-gyp': [ '5.0.0' ],
3105 silly audit   'node-gyp': [ '12.2.0' ],
3105 silly audit   '@npmcli/fs': [ '5.0.0' ],
3105 silly audit   'minipass-collect': [ '2.0.1' ],
3105 silly audit   'minipass-flush': [ '1.0.5' ],
3105 silly audit   'minipass-pipeline': [ '1.2.4' ],
3105 silly audit   'p-map': [ '7.0.4' ],
3105 silly audit   minimatch: [ '10.2.4' ],
3105 silly audit   'path-scurry': [ '2.0.2' ],
3105 silly audit   'brace-expansion': [ '5.0.4' ],
3105 silly audit   'balanced-match': [ '4.0.4' ],
3105 silly audit   'env-paths': [ '2.2.1' ],
3105 silly audit   'exponential-backoff': [ '3.1.3' ],
3105 silly audit   'graceful-fs': [ '4.2.11' ],
3105 silly audit   'make-fetch-happen': [ '15.0.5' ],
3105 silly audit   nopt: [ '9.0.0' ],
3105 silly audit   '@npmcli/agent': [ '4.0.0' ],
3105 silly audit   '@npmcli/redact': [ '4.0.0' ],
3105 silly audit   'http-cache-semantics': [ '4.2.0' ],
3105 silly audit   'minipass-fetch': [ '5.0.2' ],
3105 silly audit   'socks-proxy-agent': [ '8.0.5' ],
3105 silly audit   'minipass-sized': [ '2.0.0' ],
3105 silly audit   minizlib: [ '3.1.0' ],
3105 silly audit   abbrev: [ '4.0.0' ],
3105 silly audit   'ignore-walk': [ '8.0.0' ],
3105 silly audit   'npm-install-checks': [ '8.0.0' ],
3105 silly audit   jsonparse: [ '1.3.1' ],
3105 silly audit   'parse5-sax-parser': [ '8.0.0' ],
3105 silly audit   '@napi-rs/nice': [ '1.1.1' ],
3105 silly audit   '@napi-rs/nice-android-arm-eabi': [ '1.1.1' ],
3105 silly audit   '@napi-rs/nice-android-arm64': [ '1.1.1' ],
3105 silly audit   '@napi-rs/nice-darwin-arm64': [ '1.1.1' ],
3105 silly audit   '@napi-rs/nice-darwin-x64': [ '1.1.1' ],
3105 silly audit   '@napi-rs/nice-freebsd-x64': [ '1.1.1' ],
3105 silly audit   '@napi-rs/nice-linux-arm-gnueabihf': [ '1.1.1' ],
3105 silly audit   '@napi-rs/nice-linux-arm64-gnu': [ '1.1.1' ],
3105 silly audit   '@napi-rs/nice-linux-arm64-musl': [ '1.1.1' ],
3105 silly audit   '@napi-rs/nice-linux-ppc64-gnu': [ '1.1.1' ],
3105 silly audit   '@napi-rs/nice-linux-riscv64-gnu': [ '1.1.1' ],
3105 silly audit   '@napi-rs/nice-linux-s390x-gnu': [ '1.1.1' ],
3105 silly audit   '@napi-rs/nice-linux-x64-gnu': [ '1.1.1' ],
3105 silly audit   '@napi-rs/nice-linux-x64-musl': [ '1.1.1' ],
3105 silly audit   '@napi-rs/nice-openharmony-arm64': [ '1.1.1' ],
3105 silly audit   '@napi-rs/nice-win32-arm64-msvc': [ '1.1.1' ],
3105 silly audit   '@napi-rs/nice-win32-ia32-msvc': [ '1.1.1' ],
3105 silly audit   '@napi-rs/nice-win32-x64-msvc': [ '1.1.1' ],
3105 silly audit   nanoid: [ '3.3.11' ],
3105 silly audit   'err-code': [ '2.0.3' ],
3105 silly audit   retry: [ '0.12.0' ],
3105 silly audit   forwarded: [ '0.2.0' ],
3105 silly audit   'ipaddr.js': [ '1.9.1' ],
3105 silly audit   'side-channel': [ '1.1.0' ],
3105 silly audit   unpipe: [ '1.0.0' ],
3105 silly audit   onetime: [ '7.0.0' ],
3105 silly audit   'mimic-function': [ '5.0.1' ],
3105 silly audit   '@oxc-project/types': [ '0.113.0' ],
3105 silly audit   '@rolldown/binding-android-arm64': [ '1.0.0-rc.4' ],
3105 silly audit   '@rolldown/binding-darwin-arm64': [ '1.0.0-rc.4' ],
3105 silly audit   '@rolldown/binding-darwin-x64': [ '1.0.0-rc.4' ],
3105 silly audit   '@rolldown/binding-freebsd-x64': [ '1.0.0-rc.4' ],
3105 silly audit   '@rolldown/binding-linux-arm-gnueabihf': [ '1.0.0-rc.4' ],
3105 silly audit   '@rolldown/binding-linux-arm64-gnu': [ '1.0.0-rc.4' ],
3105 silly audit   '@rolldown/binding-linux-arm64-musl': [ '1.0.0-rc.4' ],
3105 silly audit   '@rolldown/binding-linux-x64-gnu': [ '1.0.0-rc.4' ],
3105 silly audit   '@rolldown/binding-linux-x64-musl': [ '1.0.0-rc.4' ],
3105 silly audit   '@rolldown/binding-openharmony-arm64': [ '1.0.0-rc.4' ],
3105 silly audit   '@rolldown/binding-wasm32-wasi': [ '1.0.0-rc.4' ],
3105 silly audit   '@rolldown/binding-win32-arm64-msvc': [ '1.0.0-rc.4' ],
3105 silly audit   '@rolldown/binding-win32-x64-msvc': [ '1.0.0-rc.4' ],
3105 silly audit   '@rolldown/pluginutils': [ '1.0.0-rc.4' ],
3105 silly audit   '@napi-rs/wasm-runtime': [ '1.1.1' ],
3105 silly audit   '@emnapi/core': [ '1.9.0' ],
3105 silly audit   '@emnapi/runtime': [ '1.9.0' ],
3105 silly audit   '@tybys/wasm-util': [ '0.10.1' ],
3105 silly audit   '@emnapi/wasi-threads': [ '1.2.0' ],
3105 silly audit   'is-promise': [ '4.0.0' ],
3105 silly audit   'path-to-regexp': [ '8.3.0' ],
3105 silly audit   '@parcel/watcher': [ '2.5.6' ],
3105 silly audit   immutable: [ '5.1.5' ],
3105 silly audit   '@parcel/watcher-android-arm64': [ '2.5.6' ],
3105 silly audit   '@parcel/watcher-darwin-arm64': [ '2.5.6' ],
3105 silly audit   '@parcel/watcher-darwin-x64': [ '2.5.6' ],
3105 silly audit   '@parcel/watcher-freebsd-x64': [ '2.5.6' ],
3105 silly audit   '@parcel/watcher-linux-arm-glibc': [ '2.5.6' ],
3105 silly audit   '@parcel/watcher-linux-arm-musl': [ '2.5.6' ],
3105 silly audit   '@parcel/watcher-linux-arm64-glibc': [ '2.5.6' ],
3105 silly audit   '@parcel/watcher-linux-arm64-musl': [ '2.5.6' ],
3105 silly audit   '@parcel/watcher-linux-x64-glibc': [ '2.5.6' ],
3105 silly audit   '@parcel/watcher-linux-x64-musl': [ '2.5.6' ],
3105 silly audit   '@parcel/watcher-win32-arm64': [ '2.5.6' ],
3105 silly audit   '@parcel/watcher-win32-ia32': [ '2.5.6' ],
3105 silly audit   '@parcel/watcher-win32-x64': [ '2.5.6' ],
3105 silly audit   'is-glob': [ '4.0.3' ],
3105 silly audit   'is-extglob': [ '2.1.1' ],
3105 silly audit   xmlchars: [ '2.2.0' ],
3105 silly audit   'shebang-regex': [ '3.0.0' ],
3105 silly audit   'es-errors': [ '1.3.0' ],
3105 silly audit   'object-inspect': [ '1.13.4' ],
3105 silly audit   'side-channel-list': [ '1.0.0' ],
3105 silly audit   'side-channel-map': [ '1.0.1' ],
3105 silly audit   'side-channel-weakmap': [ '1.0.2' ],
3105 silly audit   'call-bound': [ '1.0.4' ],
3105 silly audit   'get-intrinsic': [ '1.3.0' ],
3105 silly audit   'call-bind-apply-helpers': [ '1.0.2' ],
3105 silly audit   'function-bind': [ '1.1.2' ],
3105 silly audit   'es-define-property': [ '1.0.1' ],
3105 silly audit   'es-object-atoms': [ '1.1.1' ],
3105 silly audit   'get-proto': [ '1.0.1' ],
3105 silly audit   gopd: [ '1.2.0' ],
3105 silly audit   'has-symbols': [ '1.1.0' ],
3105 silly audit   hasown: [ '2.0.2' ],
3105 silly audit   'math-intrinsics': [ '1.1.0' ],
3105 silly audit   'dunder-proto': [ '1.0.1' ],
3105 silly audit   '@sigstore/bundle': [ '4.0.0' ],
3105 silly audit   '@sigstore/core': [ '3.2.0' ],
3105 silly audit   '@sigstore/protobuf-specs': [ '0.5.0' ],
3105 silly audit   '@sigstore/sign': [ '4.1.1' ],
3105 silly audit   '@sigstore/tuf': [ '4.0.2' ],
3105 silly audit   '@sigstore/verify': [ '3.1.0' ],
3105 silly audit   'tuf-js': [ '4.1.0' ],
3105 silly audit   'ansi-styles': [ '6.2.3', '4.3.0' ],
3105 silly audit   'is-fullwidth-code-point': [ '5.1.0', '3.0.0' ],
3105 silly audit   'get-east-asian-width': [ '1.5.0' ],
3105 silly audit   socks: [ '2.8.7' ],
3105 silly audit   'smart-buffer': [ '4.2.0' ],
3105 silly audit   'buffer-from': [ '1.1.2' ],
3105 silly audit   'spdx-exceptions': [ '2.5.0' ],
3105 silly audit   'spdx-license-ids': [ '3.0.23' ],
3105 silly audit   'ansi-regex': [ '6.2.2', '5.0.1' ],
3105 silly audit   '@isaacs/fs-minipass': [ '4.0.1' ],
3105 silly audit   chownr: [ '3.0.0' ],
3105 silly audit   fdir: [ '6.5.0' ],
3105 silly audit   tldts: [ '7.0.26' ],
3105 silly audit   'tldts-core': [ '7.0.26' ],
3105 silly audit   '@tufjs/models': [ '4.1.0' ],
3105 silly audit   '@tufjs/canonical-json': [ '2.0.0' ],
3105 silly audit   'media-typer': [ '1.1.0' ],
3105 silly audit   escalade: [ '3.2.0' ],
3105 silly audit   fsevents: [ '2.3.3' ],
3105 silly audit   rollup: [ '4.59.0' ],
3105 silly audit   '@rollup/rollup-android-arm-eabi': [ '4.59.0' ],
3105 silly audit   '@rollup/rollup-android-arm64': [ '4.59.0' ],
3105 silly audit   '@rollup/rollup-darwin-arm64': [ '4.59.0' ],
3105 silly audit   '@rollup/rollup-darwin-x64': [ '4.59.0' ],
3105 silly audit   '@rollup/rollup-freebsd-arm64': [ '4.59.0' ],
3105 silly audit   '@rollup/rollup-freebsd-x64': [ '4.59.0' ],
3105 silly audit   '@rollup/rollup-linux-arm-gnueabihf': [ '4.59.0' ],
3105 silly audit   '@rollup/rollup-linux-arm-musleabihf': [ '4.59.0' ],
3105 silly audit   '@rollup/rollup-linux-arm64-gnu': [ '4.59.0' ],
3105 silly audit   '@rollup/rollup-linux-arm64-musl': [ '4.59.0' ],
3105 silly audit   '@rollup/rollup-linux-loong64-gnu': [ '4.59.0' ],
3105 silly audit   '@rollup/rollup-linux-loong64-musl': [ '4.59.0' ],
3105 silly audit   '@rollup/rollup-linux-ppc64-gnu': [ '4.59.0' ],
3105 silly audit   '@rollup/rollup-linux-ppc64-musl': [ '4.59.0' ],
3105 silly audit   '@rollup/rollup-linux-riscv64-gnu': [ '4.59.0' ],
3105 silly audit   '@rollup/rollup-linux-riscv64-musl': [ '4.59.0' ],
3105 silly audit   '@rollup/rollup-linux-s390x-gnu': [ '4.59.0' ],
3105 silly audit   '@rollup/rollup-linux-x64-gnu': [ '4.59.0' ],
3105 silly audit   '@rollup/rollup-linux-x64-musl': [ '4.59.0' ],
3105 silly audit   '@rollup/rollup-openbsd-x64': [ '4.59.0' ],
3105 silly audit   '@rollup/rollup-openharmony-arm64': [ '4.59.0' ],
3105 silly audit   '@rollup/rollup-win32-arm64-msvc': [ '4.59.0' ],
3105 silly audit   '@rollup/rollup-win32-ia32-msvc': [ '4.59.0' ],
3105 silly audit   '@rollup/rollup-win32-x64-gnu': [ '4.59.0' ],
3105 silly audit   '@rollup/rollup-win32-x64-msvc': [ '4.59.0' ],
3105 silly audit   '@types/estree': [ '1.0.8' ],
3105 silly audit   '@vitest/expect': [ '4.1.0' ],
3105 silly audit   '@vitest/mocker': [ '4.1.0' ],
3105 silly audit   '@vitest/pretty-format': [ '4.1.0' ],
3105 silly audit   '@vitest/runner': [ '4.1.0' ],
3105 silly audit   '@vitest/snapshot': [ '4.1.0' ],
3105 silly audit   '@vitest/spy': [ '4.1.0' ],
3105 silly audit   '@vitest/utils': [ '4.1.0' ],
3105 silly audit   'es-module-lexer': [ '2.0.0' ],
3105 silly audit   'expect-type': [ '1.3.0' ],
3105 silly audit   obug: [ '2.1.1' ],
3105 silly audit   pathe: [ '2.0.3' ],
3105 silly audit   'std-env': [ '4.0.0' ],
3105 silly audit   tinybench: [ '2.9.0' ],
3105 silly audit   tinyexec: [ '1.0.4' ],
3105 silly audit   tinyrainbow: [ '3.1.0' ],
3105 silly audit   'why-is-node-running': [ '2.3.0' ],
3105 silly audit   '@types/chai': [ '5.2.3' ],
3105 silly audit   chai: [ '6.2.2' ],
3105 silly audit   '@types/deep-eql': [ '4.0.2' ],
3105 silly audit   'assertion-error': [ '2.0.1' ],
3105 silly audit   'estree-walker': [ '3.0.3' ],
3105 silly audit   'glob-to-regexp': [ '0.4.1' ],
3105 silly audit   tr46: [ '6.0.0' ],
3105 silly audit   punycode: [ '2.3.1' ],
3105 silly audit   isexe: [ '2.0.0', '4.0.0' ],
3105 silly audit   siginfo: [ '2.0.0' ],
3105 silly audit   stackback: [ '0.0.2' ],
3105 silly audit   cliui: [ '9.0.1' ],
3105 silly audit   'get-caller-file': [ '2.0.5' ],
3105 silly audit   y18n: [ '5.0.8' ],
3105 silly audit   'yargs-parser': [ '22.0.0' ],
3105 silly audit   'emoji-regex': [ '10.6.0', '8.0.0' ],
3105 silly audit   'color-convert': [ '2.0.1' ],
3105 silly audit   'color-name': [ '1.1.4' ]
3105 silly audit }
3106 http cache color-name@https://registry.npmjs.org/color-name/-/color-name-1.1.4.tgz 0ms (cache hit)
3107 http cache color-convert@https://registry.npmjs.org/color-convert/-/color-convert-2.0.1.tgz 0ms (cache hit)
3108 http cache y18n@https://registry.npmjs.org/y18n/-/y18n-5.0.8.tgz 0ms (cache hit)
3109 http cache get-caller-file@https://registry.npmjs.org/get-caller-file/-/get-caller-file-2.0.5.tgz 0ms (cache hit)
3110 http cache cliui@https://registry.npmjs.org/cliui/-/cliui-9.0.1.tgz 0ms (cache hit)
3111 http cache isexe@https://registry.npmjs.org/isexe/-/isexe-2.0.0.tgz 0ms (cache hit)
3112 http cache stackback@https://registry.npmjs.org/stackback/-/stackback-0.0.2.tgz 0ms (cache hit)
3113 http cache siginfo@https://registry.npmjs.org/siginfo/-/siginfo-2.0.0.tgz 0ms (cache hit)
3114 http cache glob-to-regexp@https://registry.npmjs.org/glob-to-regexp/-/glob-to-regexp-0.4.1.tgz 0ms (cache hit)
3115 http cache punycode@https://registry.npmjs.org/punycode/-/punycode-2.3.1.tgz 0ms (cache hit)
3116 http cache tr46@https://registry.npmjs.org/tr46/-/tr46-6.0.0.tgz 0ms (cache hit)
3117 http cache @types/deep-eql@https://registry.npmjs.org/@types/deep-eql/-/deep-eql-4.0.2.tgz 0ms (cache hit)
3118 http cache yargs-parser@https://registry.npmjs.org/yargs-parser/-/yargs-parser-22.0.0.tgz 0ms (cache hit)
3119 http cache estree-walker@https://registry.npmjs.org/estree-walker/-/estree-walker-3.0.3.tgz 0ms (cache hit)
3120 http cache emoji-regex@https://registry.npmjs.org/emoji-regex/-/emoji-regex-10.6.0.tgz 0ms (cache hit)
3121 http cache assertion-error@https://registry.npmjs.org/assertion-error/-/assertion-error-2.0.1.tgz 0ms (cache hit)
3122 http cache why-is-node-running@https://registry.npmjs.org/why-is-node-running/-/why-is-node-running-2.3.0.tgz 0ms (cache hit)
3123 http cache chai@https://registry.npmjs.org/chai/-/chai-6.2.2.tgz 0ms (cache hit)
3124 http cache @types/chai@https://registry.npmjs.org/@types/chai/-/chai-5.2.3.tgz 0ms (cache hit)
3125 http cache pathe@https://registry.npmjs.org/pathe/-/pathe-2.0.3.tgz 0ms (cache hit)
3126 http cache tinyrainbow@https://registry.npmjs.org/tinyrainbow/-/tinyrainbow-3.1.0.tgz 0ms (cache hit)
3127 http cache tinybench@https://registry.npmjs.org/tinybench/-/tinybench-2.9.0.tgz 0ms (cache hit)
3128 http cache std-env@https://registry.npmjs.org/std-env/-/std-env-4.0.0.tgz 0ms (cache hit)
3129 http cache obug@https://registry.npmjs.org/obug/-/obug-2.1.1.tgz 0ms (cache hit)
3130 http cache tinyexec@https://registry.npmjs.org/tinyexec/-/tinyexec-1.0.4.tgz 0ms (cache hit)
3131 http cache es-module-lexer@https://registry.npmjs.org/es-module-lexer/-/es-module-lexer-2.0.0.tgz 0ms (cache hit)
3132 http cache expect-type@https://registry.npmjs.org/expect-type/-/expect-type-1.3.0.tgz 0ms (cache hit)
3133 http cache @vitest/utils@https://registry.npmjs.org/@vitest/utils/-/utils-4.1.0.tgz 0ms (cache hit)
3134 http cache @vitest/snapshot@https://registry.npmjs.org/@vitest/snapshot/-/snapshot-4.1.0.tgz 0ms (cache hit)
3135 http cache @vitest/runner@https://registry.npmjs.org/@vitest/runner/-/runner-4.1.0.tgz 0ms (cache hit)
3136 http cache @vitest/spy@https://registry.npmjs.org/@vitest/spy/-/spy-4.1.0.tgz 0ms (cache hit)
3137 http cache @types/estree@https://registry.npmjs.org/@types/estree/-/estree-1.0.8.tgz 0ms (cache hit)
3138 http cache @vitest/mocker@https://registry.npmjs.org/@vitest/mocker/-/mocker-4.1.0.tgz 0ms (cache hit)
3139 http cache @vitest/expect@https://registry.npmjs.org/@vitest/expect/-/expect-4.1.0.tgz 0ms (cache hit)
3140 http cache @vitest/pretty-format@https://registry.npmjs.org/@vitest/pretty-format/-/pretty-format-4.1.0.tgz 0ms (cache hit)
3141 http cache rollup@https://registry.npmjs.org/rollup/-/rollup-4.59.0.tgz 0ms (cache hit)
3142 http cache fsevents@https://registry.npmjs.org/fsevents/-/fsevents-2.3.3.tgz 0ms (cache hit)
3143 http cache @rollup/rollup-darwin-arm64@https://registry.npmjs.org/@rollup/rollup-darwin-arm64/-/rollup-darwin-arm64-4.59.0.tgz 0ms (cache hit)
3144 http cache escalade@https://registry.npmjs.org/escalade/-/escalade-3.2.0.tgz 0ms (cache hit)
3145 http cache media-typer@https://registry.npmjs.org/media-typer/-/media-typer-1.1.0.tgz 0ms (cache hit)
3146 http cache @tufjs/models@https://registry.npmjs.org/@tufjs/models/-/models-4.1.0.tgz 0ms (cache hit)
3147 http cache @tufjs/canonical-json@https://registry.npmjs.org/@tufjs/canonical-json/-/canonical-json-2.0.0.tgz 0ms (cache hit)
3148 http cache tldts@https://registry.npmjs.org/tldts/-/tldts-7.0.26.tgz 0ms (cache hit)
3149 http cache fdir@https://registry.npmjs.org/fdir/-/fdir-6.5.0.tgz 0ms (cache hit)
3150 http cache @isaacs/fs-minipass@https://registry.npmjs.org/@isaacs/fs-minipass/-/fs-minipass-4.0.1.tgz 0ms (cache hit)
3151 http cache ansi-regex@https://registry.npmjs.org/ansi-regex/-/ansi-regex-6.2.2.tgz 0ms (cache hit)
3152 http cache chownr@https://registry.npmjs.org/chownr/-/chownr-3.0.0.tgz 0ms (cache hit)
3153 http cache spdx-license-ids@https://registry.npmjs.org/spdx-license-ids/-/spdx-license-ids-3.0.23.tgz 0ms (cache hit)
3154 http cache tldts-core@https://registry.npmjs.org/tldts-core/-/tldts-core-7.0.26.tgz 0ms (cache hit)
3155 http cache spdx-exceptions@https://registry.npmjs.org/spdx-exceptions/-/spdx-exceptions-2.5.0.tgz 0ms (cache hit)
3156 http cache buffer-from@https://registry.npmjs.org/buffer-from/-/buffer-from-1.1.2.tgz 0ms (cache hit)
3157 http cache smart-buffer@https://registry.npmjs.org/smart-buffer/-/smart-buffer-4.2.0.tgz 0ms (cache hit)
3158 http cache get-east-asian-width@https://registry.npmjs.org/get-east-asian-width/-/get-east-asian-width-1.5.0.tgz 0ms (cache hit)
3159 http cache ansi-styles@https://registry.npmjs.org/ansi-styles/-/ansi-styles-6.2.3.tgz 0ms (cache hit)
3160 http cache is-fullwidth-code-point@https://registry.npmjs.org/is-fullwidth-code-point/-/is-fullwidth-code-point-5.1.0.tgz 0ms (cache hit)
3161 http cache tuf-js@https://registry.npmjs.org/tuf-js/-/tuf-js-4.1.0.tgz 0ms (cache hit)
3162 http cache socks@https://registry.npmjs.org/socks/-/socks-2.8.7.tgz 0ms (cache hit)
3163 http cache @sigstore/tuf@https://registry.npmjs.org/@sigstore/tuf/-/tuf-4.0.2.tgz 0ms (cache hit)
3164 http cache @sigstore/sign@https://registry.npmjs.org/@sigstore/sign/-/sign-4.1.1.tgz 0ms (cache hit)
3165 http cache @sigstore/core@https://registry.npmjs.org/@sigstore/core/-/core-3.2.0.tgz 0ms (cache hit)
3166 http cache dunder-proto@https://registry.npmjs.org/dunder-proto/-/dunder-proto-1.0.1.tgz 0ms (cache hit)
3167 http cache @sigstore/bundle@https://registry.npmjs.org/@sigstore/bundle/-/bundle-4.0.0.tgz 0ms (cache hit)
3168 http cache hasown@https://registry.npmjs.org/hasown/-/hasown-2.0.2.tgz 0ms (cache hit)
3169 http cache has-symbols@https://registry.npmjs.org/has-symbols/-/has-symbols-1.1.0.tgz 0ms (cache hit)
3170 http cache @sigstore/protobuf-specs@https://registry.npmjs.org/@sigstore/protobuf-specs/-/protobuf-specs-0.5.0.tgz 0ms (cache hit)
3171 http cache gopd@https://registry.npmjs.org/gopd/-/gopd-1.2.0.tgz 0ms (cache hit)
3172 http cache get-proto@https://registry.npmjs.org/get-proto/-/get-proto-1.0.1.tgz 0ms (cache hit)
3173 http cache math-intrinsics@https://registry.npmjs.org/math-intrinsics/-/math-intrinsics-1.1.0.tgz 0ms (cache hit)
3174 http cache function-bind@https://registry.npmjs.org/function-bind/-/function-bind-1.1.2.tgz 0ms (cache hit)
3175 http cache es-object-atoms@https://registry.npmjs.org/es-object-atoms/-/es-object-atoms-1.1.1.tgz 0ms (cache hit)
3176 http cache get-intrinsic@https://registry.npmjs.org/get-intrinsic/-/get-intrinsic-1.3.0.tgz 0ms (cache hit)
3177 http cache es-define-property@https://registry.npmjs.org/es-define-property/-/es-define-property-1.0.1.tgz 0ms (cache hit)
3178 http cache side-channel-weakmap@https://registry.npmjs.org/side-channel-weakmap/-/side-channel-weakmap-1.0.2.tgz 0ms (cache hit)
3179 http cache call-bind-apply-helpers@https://registry.npmjs.org/call-bind-apply-helpers/-/call-bind-apply-helpers-1.0.2.tgz 0ms (cache hit)
3180 http cache call-bound@https://registry.npmjs.org/call-bound/-/call-bound-1.0.4.tgz 0ms (cache hit)
3181 http cache side-channel-map@https://registry.npmjs.org/side-channel-map/-/side-channel-map-1.0.1.tgz 0ms (cache hit)
3182 http cache @sigstore/verify@https://registry.npmjs.org/@sigstore/verify/-/verify-3.1.0.tgz 0ms (cache hit)
3183 http cache side-channel-list@https://registry.npmjs.org/side-channel-list/-/side-channel-list-1.0.0.tgz 0ms (cache hit)
3184 http cache es-errors@https://registry.npmjs.org/es-errors/-/es-errors-1.3.0.tgz 0ms (cache hit)
3185 http cache is-extglob@https://registry.npmjs.org/is-extglob/-/is-extglob-2.1.1.tgz 0ms (cache hit)
3186 http cache shebang-regex@https://registry.npmjs.org/shebang-regex/-/shebang-regex-3.0.0.tgz 0ms (cache hit)
3187 http cache is-glob@https://registry.npmjs.org/is-glob/-/is-glob-4.0.3.tgz 0ms (cache hit)
3188 http cache xmlchars@https://registry.npmjs.org/xmlchars/-/xmlchars-2.2.0.tgz 0ms (cache hit)
3189 http cache immutable@https://registry.npmjs.org/immutable/-/immutable-5.1.5.tgz 0ms (cache hit)
3190 http cache @parcel/watcher@https://registry.npmjs.org/@parcel/watcher/-/watcher-2.5.6.tgz 0ms (cache hit)
3191 http cache is-promise@https://registry.npmjs.org/is-promise/-/is-promise-4.0.0.tgz 0ms (cache hit)
3192 http cache @rolldown/pluginutils@https://registry.npmjs.org/@rolldown/pluginutils/-/pluginutils-1.0.0-rc.4.tgz 0ms (cache hit)
3193 http cache @rolldown/binding-darwin-arm64@https://registry.npmjs.org/@rolldown/binding-darwin-arm64/-/binding-darwin-arm64-1.0.0-rc.4.tgz 0ms (cache hit)
3194 http cache path-to-regexp@https://registry.npmjs.org/path-to-regexp/-/path-to-regexp-8.3.0.tgz 0ms (cache hit)
3195 http cache @oxc-project/types@https://registry.npmjs.org/@oxc-project/types/-/types-0.113.0.tgz 0ms (cache hit)
3196 http cache object-inspect@https://registry.npmjs.org/object-inspect/-/object-inspect-1.13.4.tgz 0ms (cache hit)
3197 http cache mimic-function@https://registry.npmjs.org/mimic-function/-/mimic-function-5.0.1.tgz 0ms (cache hit)
3198 http cache @parcel/watcher-darwin-arm64@https://registry.npmjs.org/@parcel/watcher-darwin-arm64/-/watcher-darwin-arm64-2.5.6.tgz 0ms (cache hit)
3199 http cache onetime@https://registry.npmjs.org/onetime/-/onetime-7.0.0.tgz 0ms (cache hit)
3200 http cache side-channel@https://registry.npmjs.org/side-channel/-/side-channel-1.1.0.tgz 0ms (cache hit)
3201 http cache ipaddr.js@https://registry.npmjs.org/ipaddr.js/-/ipaddr.js-1.9.1.tgz 0ms (cache hit)
3202 http cache retry@https://registry.npmjs.org/retry/-/retry-0.12.0.tgz 0ms (cache hit)
3203 http cache forwarded@https://registry.npmjs.org/forwarded/-/forwarded-0.2.0.tgz 0ms (cache hit)
3204 http cache unpipe@https://registry.npmjs.org/unpipe/-/unpipe-1.0.0.tgz 0ms (cache hit)
3205 http cache jsonparse@https://registry.npmjs.org/jsonparse/-/jsonparse-1.3.1.tgz 0ms (cache hit)
3206 http cache nanoid@https://registry.npmjs.org/nanoid/-/nanoid-3.3.11.tgz 0ms (cache hit)
3207 http cache err-code@https://registry.npmjs.org/err-code/-/err-code-2.0.3.tgz 0ms (cache hit)
3208 http cache npm-install-checks@https://registry.npmjs.org/npm-install-checks/-/npm-install-checks-8.0.0.tgz 0ms (cache hit)
3209 http cache parse5-sax-parser@https://registry.npmjs.org/parse5-sax-parser/-/parse5-sax-parser-8.0.0.tgz 0ms (cache hit)
3210 http cache ignore-walk@https://registry.npmjs.org/ignore-walk/-/ignore-walk-8.0.0.tgz 0ms (cache hit)
3211 http cache minizlib@https://registry.npmjs.org/minizlib/-/minizlib-3.1.0.tgz 0ms (cache hit)
3212 http cache minipass-fetch@https://registry.npmjs.org/minipass-fetch/-/minipass-fetch-5.0.2.tgz 0ms (cache hit)
3213 http cache @napi-rs/nice-darwin-arm64@https://registry.npmjs.org/@napi-rs/nice-darwin-arm64/-/nice-darwin-arm64-1.1.1.tgz 0ms (cache hit)
3214 http cache socks-proxy-agent@https://registry.npmjs.org/socks-proxy-agent/-/socks-proxy-agent-8.0.5.tgz 0ms (cache hit)
3215 http cache http-cache-semantics@https://registry.npmjs.org/http-cache-semantics/-/http-cache-semantics-4.2.0.tgz 0ms (cache hit)
3216 http cache @napi-rs/nice@https://registry.npmjs.org/@napi-rs/nice/-/nice-1.1.1.tgz 0ms (cache hit)
3217 http cache abbrev@https://registry.npmjs.org/abbrev/-/abbrev-4.0.0.tgz 0ms (cache hit)
3218 http cache @npmcli/redact@https://registry.npmjs.org/@npmcli/redact/-/redact-4.0.0.tgz 0ms (cache hit)
3219 http cache nopt@https://registry.npmjs.org/nopt/-/nopt-9.0.0.tgz 0ms (cache hit)
3220 http cache @npmcli/agent@https://registry.npmjs.org/@npmcli/agent/-/agent-4.0.0.tgz 0ms (cache hit)
3221 http cache make-fetch-happen@https://registry.npmjs.org/make-fetch-happen/-/make-fetch-happen-15.0.5.tgz 0ms (cache hit)
3222 http cache minipass-sized@https://registry.npmjs.org/minipass-sized/-/minipass-sized-2.0.0.tgz 0ms (cache hit)
3223 http cache balanced-match@https://registry.npmjs.org/balanced-match/-/balanced-match-4.0.4.tgz 0ms (cache hit)
3224 http cache env-paths@https://registry.npmjs.org/env-paths/-/env-paths-2.2.1.tgz 0ms (cache hit)
3225 http cache path-scurry@https://registry.npmjs.org/path-scurry/-/path-scurry-2.0.2.tgz 0ms (cache hit)
3226 http cache exponential-backoff@https://registry.npmjs.org/exponential-backoff/-/exponential-backoff-3.1.3.tgz 0ms (cache hit)
3227 http cache brace-expansion@https://registry.npmjs.org/brace-expansion/-/brace-expansion-5.0.4.tgz 0ms (cache hit)
3228 http cache p-map@https://registry.npmjs.org/p-map/-/p-map-7.0.4.tgz 0ms (cache hit)
3229 http cache minimatch@https://registry.npmjs.org/minimatch/-/minimatch-10.2.4.tgz 0ms (cache hit)
3230 http cache @npmcli/fs@https://registry.npmjs.org/@npmcli/fs/-/fs-5.0.0.tgz 0ms (cache hit)
3231 http cache minipass-flush@https://registry.npmjs.org/minipass-flush/-/minipass-flush-1.0.5.tgz 0ms (cache hit)
3232 http cache minipass-collect@https://registry.npmjs.org/minipass-collect/-/minipass-collect-2.0.1.tgz 0ms (cache hit)
3233 http cache @npmcli/node-gyp@https://registry.npmjs.org/@npmcli/node-gyp/-/node-gyp-5.0.0.tgz 0ms (cache hit)
3234 http cache graceful-fs@https://registry.npmjs.org/graceful-fs/-/graceful-fs-4.2.11.tgz 0ms (cache hit)
3235 http cache spdx-expression-parse@https://registry.npmjs.org/spdx-expression-parse/-/spdx-expression-parse-4.0.0.tgz 0ms (cache hit)
3236 http cache glob@https://registry.npmjs.org/glob/-/glob-13.0.6.tgz 0ms (cache hit)
3237 http cache json-parse-even-better-errors@https://registry.npmjs.org/json-parse-even-better-errors/-/json-parse-even-better-errors-5.0.0.tgz 0ms (cache hit)
3238 http cache minipass-pipeline@https://registry.npmjs.org/minipass-pipeline/-/minipass-pipeline-1.2.4.tgz 0ms (cache hit)
3239 http cache sigstore@https://registry.npmjs.org/sigstore/-/sigstore-4.1.0.tgz 0ms (cache hit)
3240 http cache @gar/promise-retry@https://registry.npmjs.org/@gar/promise-retry/-/promise-retry-1.0.3.tgz 0ms (cache hit)
3241 http cache npm-normalize-package-bin@https://registry.npmjs.org/npm-normalize-package-bin/-/npm-normalize-package-bin-5.0.0.tgz 0ms (cache hit)
3242 http cache tar@https://registry.npmjs.org/tar/-/tar-7.5.11.tgz 0ms (cache hit)
3243 http cache node-gyp@https://registry.npmjs.org/node-gyp/-/node-gyp-12.2.0.tgz 0ms (cache hit)
3244 http cache npm-registry-fetch@https://registry.npmjs.org/npm-registry-fetch/-/npm-registry-fetch-19.1.1.tgz 0ms (cache hit)
3245 http cache npm-packlist@https://registry.npmjs.org/npm-packlist/-/npm-packlist-10.0.4.tgz 0ms (cache hit)
3246 http cache promise-retry@https://registry.npmjs.org/promise-retry/-/promise-retry-2.0.1.tgz 0ms (cache hit)
3247 http cache @npmcli/run-script@https://registry.npmjs.org/@npmcli/run-script/-/run-script-10.0.4.tgz 0ms (cache hit)
3248 http cache npm-pick-manifest@https://registry.npmjs.org/npm-pick-manifest/-/npm-pick-manifest-11.0.3.tgz 0ms (cache hit)
3249 http cache npm-bundled@https://registry.npmjs.org/npm-bundled/-/npm-bundled-5.0.0.tgz 0ms (cache hit)
3250 http cache minipass@https://registry.npmjs.org/minipass/-/minipass-7.1.3.tgz 0ms (cache hit)
3251 http cache @npmcli/installed-package-contents@https://registry.npmjs.org/@npmcli/installed-package-contents/-/installed-package-contents-4.0.0.tgz 0ms (cache hit)
3252 http cache @npmcli/git@https://registry.npmjs.org/@npmcli/git/-/git-7.0.2.tgz 0ms (cache hit)
3253 http cache @npmcli/promise-spawn@https://registry.npmjs.org/@npmcli/promise-spawn/-/promise-spawn-9.0.1.tgz 0ms (cache hit)
3254 http cache yoctocolors@https://registry.npmjs.org/yoctocolors/-/yoctocolors-2.1.2.tgz 0ms (cache hit)
3255 http cache ssri@https://registry.npmjs.org/ssri/-/ssri-13.0.1.tgz 0ms (cache hit)
3256 http cache cacache@https://registry.npmjs.org/cacache/-/cacache-20.0.4.tgz 0ms (cache hit)
3257 http cache stdin-discarder@https://registry.npmjs.org/stdin-discarder/-/stdin-discarder-0.3.1.tgz 0ms (cache hit)
3258 http cache log-symbols@https://registry.npmjs.org/log-symbols/-/log-symbols-7.0.1.tgz 0ms (cache hit)
3259 http cache @npmcli/package-json@https://registry.npmjs.org/@npmcli/package-json/-/package-json-7.0.5.tgz 0ms (cache hit)
3260 http cache is-interactive@https://registry.npmjs.org/is-interactive/-/is-interactive-2.0.0.tgz 0ms (cache hit)
3261 http cache cli-spinners@https://registry.npmjs.org/cli-spinners/-/cli-spinners-3.4.0.tgz 0ms (cache hit)
3262 http cache fs-minipass@https://registry.npmjs.org/fs-minipass/-/fs-minipass-3.0.3.tgz 0ms (cache hit)
3263 http cache ee-first@https://registry.npmjs.org/ee-first/-/ee-first-1.1.1.tgz 0ms (cache hit)
3264 http cache validate-npm-package-name@https://registry.npmjs.org/validate-npm-package-name/-/validate-npm-package-name-7.0.2.tgz 0ms (cache hit)
3265 http cache @msgpackr-extract/msgpackr-extract-darwin-arm64@https://registry.npmjs.org/@msgpackr-extract/msgpackr-extract-darwin-arm64/-/msgpackr-extract-darwin-arm64-3.0.3.tgz 0ms (cache hit)
3266 http cache detect-libc@https://registry.npmjs.org/detect-libc/-/detect-libc-2.1.2.tgz 0ms (cache hit)
3267 http cache hosted-git-info@https://registry.npmjs.org/hosted-git-info/-/hosted-git-info-9.0.2.tgz 0ms (cache hit)
3268 http cache msgpackr-extract@https://registry.npmjs.org/msgpackr-extract/-/msgpackr-extract-3.0.3.tgz 0ms (cache hit)
3269 http cache wrappy@https://registry.npmjs.org/wrappy/-/wrappy-1.0.2.tgz 0ms (cache hit)
3270 http cache mime-db@https://registry.npmjs.org/mime-db/-/mime-db-1.54.0.tgz 0ms (cache hit)
3271 http cache yallist@https://registry.npmjs.org/yallist/-/yallist-3.1.1.tgz 0ms (cache hit)
3272 http cache chalk@https://registry.npmjs.org/chalk/-/chalk-5.6.2.tgz 0ms (cache hit)
3273 http cache strip-ansi@https://registry.npmjs.org/strip-ansi/-/strip-ansi-7.2.0.tgz 0ms (cache hit)
3274 http cache is-unicode-supported@https://registry.npmjs.org/is-unicode-supported/-/is-unicode-supported-2.1.0.tgz 0ms (cache hit)
3275 http cache proc-log@https://registry.npmjs.org/proc-log/-/proc-log-6.1.0.tgz 0ms (cache hit)
3276 http cache restore-cursor@https://registry.npmjs.org/restore-cursor/-/restore-cursor-5.1.0.tgz 0ms (cache hit)
3277 http cache weak-lru-cache@https://registry.npmjs.org/weak-lru-cache/-/weak-lru-cache-1.2.2.tgz 0ms (cache hit)
3278 http cache environment@https://registry.npmjs.org/environment/-/environment-1.1.0.tgz 0ms (cache hit)
3279 http cache node-gyp-build-optional-packages@https://registry.npmjs.org/node-gyp-build-optional-packages/-/node-gyp-build-optional-packages-5.2.2.tgz 0ms (cache hit)
3280 http cache cli-cursor@https://registry.npmjs.org/cli-cursor/-/cli-cursor-5.0.0.tgz 0ms (cache hit)
3281 http cache ansi-escapes@https://registry.npmjs.org/ansi-escapes/-/ansi-escapes-7.3.0.tgz 0ms (cache hit)
3282 http cache ordered-binary@https://registry.npmjs.org/ordered-binary/-/ordered-binary-1.6.1.tgz 0ms (cache hit)
3283 http cache node-addon-api@https://registry.npmjs.org/node-addon-api/-/node-addon-api-6.1.0.tgz 0ms (cache hit)
3284 http cache @lmdb/lmdb-darwin-arm64@https://registry.npmjs.org/@lmdb/lmdb-darwin-arm64/-/lmdb-darwin-arm64-3.5.1.tgz 0ms (cache hit)
3285 http cache @harperfast/extended-iterable@https://registry.npmjs.org/@harperfast/extended-iterable/-/extended-iterable-1.0.3.tgz 0ms (cache hit)
3286 http cache slice-ansi@https://registry.npmjs.org/slice-ansi/-/slice-ansi-8.0.0.tgz 0ms (cache hit)
3287 http cache string-width@https://registry.npmjs.org/string-width/-/string-width-8.2.0.tgz 0ms (cache hit)
3288 http cache log-update@https://registry.npmjs.org/log-update/-/log-update-6.1.0.tgz 0ms (cache hit)
3289 http cache eventemitter3@https://registry.npmjs.org/eventemitter3/-/eventemitter3-5.0.4.tgz 0ms (cache hit)
3290 http cache cli-truncate@https://registry.npmjs.org/cli-truncate/-/cli-truncate-5.2.0.tgz 0ms (cache hit)
3291 http cache @csstools/color-helpers@https://registry.npmjs.org/@csstools/color-helpers/-/color-helpers-6.0.2.tgz 0ms (cache hit)
3292 http cache @csstools/css-tokenizer@https://registry.npmjs.org/@csstools/css-tokenizer/-/css-tokenizer-4.0.0.tgz 0ms (cache hit)
3293 http cache @csstools/css-parser-algorithms@https://registry.npmjs.org/@csstools/css-parser-algorithms/-/css-parser-algorithms-4.0.0.tgz 0ms (cache hit)
3294 http cache colorette@https://registry.npmjs.org/colorette/-/colorette-2.0.20.tgz 0ms (cache hit)
3295 http cache @csstools/css-color-parser@https://registry.npmjs.org/@csstools/css-color-parser/-/css-color-parser-4.0.2.tgz 0ms (cache hit)
3296 http cache @csstools/css-calc@https://registry.npmjs.org/@csstools/css-calc/-/css-calc-3.1.1.tgz 0ms (cache hit)
3297 http cache rfdc@https://registry.npmjs.org/rfdc/-/rfdc-1.4.1.tgz 0ms (cache hit)
3298 http cache @csstools/css-syntax-patches-for-csstree@https://registry.npmjs.org/@csstools/css-syntax-patches-for-csstree/-/css-syntax-patches-for-csstree-1.1.1.tgz 0ms (cache hit)
3299 http cache @asamuzakjp/css-color@https://registry.npmjs.org/@asamuzakjp/css-color/-/css-color-5.0.1.tgz 0ms (cache hit)
3300 http cache source-map-js@https://registry.npmjs.org/source-map-js/-/source-map-js-1.2.1.tgz 0ms (cache hit)
3301 http cache css-tree@https://registry.npmjs.org/css-tree/-/css-tree-3.2.1.tgz 0ms (cache hit)
3302 http cache mdn-data@https://registry.npmjs.org/mdn-data/-/mdn-data-2.27.1.tgz 0ms (cache hit)
3303 http cache xml-name-validator@https://registry.npmjs.org/xml-name-validator/-/xml-name-validator-5.0.0.tgz 0ms (cache hit)
3304 http cache bidi-js@https://registry.npmjs.org/bidi-js/-/bidi-js-1.0.3.tgz 0ms (cache hit)
3305 http cache @asamuzakjp/nwsapi@https://registry.npmjs.org/@asamuzakjp/nwsapi/-/nwsapi-2.3.9.tgz 0ms (cache hit)
3306 http cache whatwg-mimetype@https://registry.npmjs.org/whatwg-mimetype/-/whatwg-mimetype-5.0.0.tgz 0ms (cache hit)
3307 http cache w3c-xmlserializer@https://registry.npmjs.org/w3c-xmlserializer/-/w3c-xmlserializer-5.0.0.tgz 0ms (cache hit)
3308 http cache webidl-conversions@https://registry.npmjs.org/webidl-conversions/-/webidl-conversions-8.0.1.tgz 0ms (cache hit)
3309 http cache whatwg-url@https://registry.npmjs.org/whatwg-url/-/whatwg-url-16.0.1.tgz 0ms (cache hit)
3310 http cache msgpackr@https://registry.npmjs.org/msgpackr/-/msgpackr-1.11.9.tgz 0ms (cache hit)
3311 http cache saxes@https://registry.npmjs.org/saxes/-/saxes-6.0.0.tgz 0ms (cache hit)
3312 http cache tough-cookie@https://registry.npmjs.org/tough-cookie/-/tough-cookie-6.0.1.tgz 0ms (cache hit)
3313 http cache symbol-tree@https://registry.npmjs.org/symbol-tree/-/symbol-tree-3.2.4.tgz 0ms (cache hit)
3314 http cache decimal.js@https://registry.npmjs.org/decimal.js/-/decimal.js-10.6.0.tgz 0ms (cache hit)
3315 http cache http-proxy-agent@https://registry.npmjs.org/http-proxy-agent/-/http-proxy-agent-7.0.2.tgz 0ms (cache hit)
3316 http cache is-potential-custom-element-name@https://registry.npmjs.org/is-potential-custom-element-name/-/is-potential-custom-element-name-1.0.1.tgz 0ms (cache hit)
3317 http cache data-urls@https://registry.npmjs.org/data-urls/-/data-urls-7.0.0.tgz 0ms (cache hit)
3318 http cache @bramus/specificity@https://registry.npmjs.org/@bramus/specificity/-/specificity-2.4.2.tgz 0ms (cache hit)
3319 http cache cssstyle@https://registry.npmjs.org/cssstyle/-/cssstyle-6.2.0.tgz 0ms (cache hit)
3320 http cache html-encoding-sniffer@https://registry.npmjs.org/html-encoding-sniffer/-/html-encoding-sniffer-6.0.0.tgz 0ms (cache hit)
3321 http cache @exodus/bytes@https://registry.npmjs.org/@exodus/bytes/-/bytes-1.15.0.tgz 0ms (cache hit)
3322 http cache @asamuzakjp/dom-selector@https://registry.npmjs.org/@asamuzakjp/dom-selector/-/dom-selector-6.8.1.tgz 0ms (cache hit)
3323 http cache @acemir/cssom@https://registry.npmjs.org/@acemir/cssom/-/cssom-0.9.31.tgz 0ms (cache hit)
3324 http cache agent-base@https://registry.npmjs.org/agent-base/-/agent-base-7.1.4.tgz 0ms (cache hit)
3325 http cache parse5@https://registry.npmjs.org/parse5/-/parse5-8.0.0.tgz 0ms (cache hit)
3326 http cache istanbul-lib-coverage@https://registry.npmjs.org/istanbul-lib-coverage/-/istanbul-lib-coverage-3.2.2.tgz 0ms (cache hit)
3327 http cache toidentifier@https://registry.npmjs.org/toidentifier/-/toidentifier-1.0.1.tgz 0ms (cache hit)
3328 http cache safer-buffer@https://registry.npmjs.org/safer-buffer/-/safer-buffer-2.1.2.tgz 0ms (cache hit)
3329 http cache setprototypeof@https://registry.npmjs.org/setprototypeof/-/setprototypeof-1.2.0.tgz 0ms (cache hit)
3330 http cache inherits@https://registry.npmjs.org/inherits/-/inherits-2.0.4.tgz 0ms (cache hit)
3331 http cache ip-address@https://registry.npmjs.org/ip-address/-/ip-address-10.1.0.tgz 0ms (cache hit)
3332 http cache bytes@https://registry.npmjs.org/bytes/-/bytes-3.1.2.tgz 0ms (cache hit)
3333 http cache type-is@https://registry.npmjs.org/type-is/-/type-is-2.0.1.tgz 0ms (cache hit)
3334 http cache statuses@https://registry.npmjs.org/statuses/-/statuses-2.0.2.tgz 0ms (cache hit)
3335 http cache negotiator@https://registry.npmjs.org/negotiator/-/negotiator-1.0.0.tgz 0ms (cache hit)
3336 http cache send@https://registry.npmjs.org/send/-/send-1.2.1.tgz 0ms (cache hit)
3337 http cache @istanbuljs/schema@https://registry.npmjs.org/@istanbuljs/schema/-/schema-0.1.3.tgz 0ms (cache hit)
3338 http cache router@https://registry.npmjs.org/router/-/router-2.2.0.tgz 0ms (cache hit)
3339 http cache parseurl@https://registry.npmjs.org/parseurl/-/parseurl-1.3.3.tgz 0ms (cache hit)
3340 http cache serve-static@https://registry.npmjs.org/serve-static/-/serve-static-2.2.1.tgz 0ms (cache hit)
3341 http cache qs@https://registry.npmjs.org/qs/-/qs-6.15.0.tgz 0ms (cache hit)
3342 http cache mime-types@https://registry.npmjs.org/mime-types/-/mime-types-3.0.2.tgz 0ms (cache hit)
3343 http cache once@https://registry.npmjs.org/once/-/once-1.4.0.tgz 0ms (cache hit)
3344 http cache proxy-addr@https://registry.npmjs.org/proxy-addr/-/proxy-addr-2.0.7.tgz 0ms (cache hit)
3345 http cache merge-descriptors@https://registry.npmjs.org/merge-descriptors/-/merge-descriptors-2.0.0.tgz 0ms (cache hit)
3346 http cache etag@https://registry.npmjs.org/etag/-/etag-1.8.1.tgz 0ms (cache hit)
3347 http cache fresh@https://registry.npmjs.org/fresh/-/fresh-2.0.0.tgz 0ms (cache hit)
3348 http cache finalhandler@https://registry.npmjs.org/finalhandler/-/finalhandler-2.1.1.tgz 0ms (cache hit)
3349 http cache range-parser@https://registry.npmjs.org/range-parser/-/range-parser-1.2.1.tgz 0ms (cache hit)
3350 http cache http-errors@https://registry.npmjs.org/http-errors/-/http-errors-2.0.1.tgz 0ms (cache hit)
3351 http cache escape-html@https://registry.npmjs.org/escape-html/-/escape-html-1.0.3.tgz 0ms (cache hit)
3352 http cache cookie@https://registry.npmjs.org/cookie/-/cookie-0.7.2.tgz 0ms (cache hit)
3353 http cache depd@https://registry.npmjs.org/depd/-/depd-2.0.0.tgz 0ms (cache hit)
3354 http cache on-finished@https://registry.npmjs.org/on-finished/-/on-finished-2.4.1.tgz 0ms (cache hit)
3355 http cache encodeurl@https://registry.npmjs.org/encodeurl/-/encodeurl-2.0.0.tgz 0ms (cache hit)
3356 http cache body-parser@https://registry.npmjs.org/body-parser/-/body-parser-2.2.2.tgz 0ms (cache hit)
3357 http cache @esbuild/darwin-arm64@https://registry.npmjs.org/@esbuild/darwin-arm64/-/darwin-arm64-0.27.3.tgz 0ms (cache hit)
3358 http cache entities@https://registry.npmjs.org/entities/-/entities-4.5.0.tgz 0ms (cache hit)
3359 http cache cookie-signature@https://registry.npmjs.org/cookie-signature/-/cookie-signature-1.2.2.tgz 0ms (cache hit)
3360 http cache accepts@https://registry.npmjs.org/accepts/-/accepts-2.0.0.tgz 0ms (cache hit)
3361 http cache content-disposition@https://registry.npmjs.org/content-disposition/-/content-disposition-1.0.1.tgz 0ms (cache hit)
3362 http cache nth-check@https://registry.npmjs.org/nth-check/-/nth-check-2.1.1.tgz 0ms (cache hit)
3363 http cache domutils@https://registry.npmjs.org/domutils/-/domutils-3.2.2.tgz 0ms (cache hit)
3364 http cache boolbase@https://registry.npmjs.org/boolbase/-/boolbase-1.0.0.tgz 0ms (cache hit)
3365 http cache ms@https://registry.npmjs.org/ms/-/ms-2.1.3.tgz 0ms (cache hit)
3366 http cache which@https://registry.npmjs.org/which/-/which-2.0.2.tgz 0ms (cache hit)
3367 http cache shebang-command@https://registry.npmjs.org/shebang-command/-/shebang-command-2.0.0.tgz 0ms (cache hit)
3368 http cache readdirp@https://registry.npmjs.org/readdirp/-/readdirp-5.0.0.tgz 0ms (cache hit)
3369 http cache vary@https://registry.npmjs.org/vary/-/vary-1.1.2.tgz 0ms (cache hit)
3370 http cache domelementtype@https://registry.npmjs.org/domelementtype/-/domelementtype-2.3.0.tgz 0ms (cache hit)
3371 http cache path-key@https://registry.npmjs.org/path-key/-/path-key-3.1.1.tgz 0ms (cache hit)
3372 http cache object-assign@https://registry.npmjs.org/object-assign/-/object-assign-4.1.1.tgz 0ms (cache hit)
3373 http cache update-browserslist-db@https://registry.npmjs.org/update-browserslist-db/-/update-browserslist-db-1.2.3.tgz 0ms (cache hit)
3374 http cache caniuse-lite@https://registry.npmjs.org/caniuse-lite/-/caniuse-lite-1.0.30001780.tgz 0ms (cache hit)
3375 http cache electron-to-chromium@https://registry.npmjs.org/electron-to-chromium/-/electron-to-chromium-1.5.321.tgz 0ms (cache hit)
3376 http cache postcss-safe-parser@https://registry.npmjs.org/postcss-safe-parser/-/postcss-safe-parser-7.0.1.tgz 0ms (cache hit)
3377 http cache baseline-browser-mapping@https://registry.npmjs.org/baseline-browser-mapping/-/baseline-browser-mapping-2.10.8.tgz 0ms (cache hit)
3378 http cache postcss-media-query-parser@https://registry.npmjs.org/postcss-media-query-parser/-/postcss-media-query-parser-0.2.3.tgz 0ms (cache hit)
3379 http cache node-releases@https://registry.npmjs.org/node-releases/-/node-releases-2.0.36.tgz 0ms (cache hit)
3380 http cache postcss@https://registry.npmjs.org/postcss/-/postcss-8.5.8.tgz 0ms (cache hit)
3381 http cache css-what@https://registry.npmjs.org/css-what/-/css-what-7.0.0.tgz 0ms (cache hit)
3382 http cache dom-serializer@https://registry.npmjs.org/dom-serializer/-/dom-serializer-2.0.0.tgz 0ms (cache hit)
3383 http cache htmlparser2@https://registry.npmjs.org/htmlparser2/-/htmlparser2-10.1.0.tgz 0ms (cache hit)
3384 http cache @algolia/requester-node-http@https://registry.npmjs.org/@algolia/requester-node-http/-/requester-node-http-5.48.1.tgz 0ms (cache hit)
3385 http cache css-select@https://registry.npmjs.org/css-select/-/css-select-6.0.0.tgz 0ms (cache hit)
3386 http cache domhandler@https://registry.npmjs.org/domhandler/-/domhandler-5.0.3.tgz 0ms (cache hit)
3387 http cache @algolia/requester-browser-xhr@https://registry.npmjs.org/@algolia/requester-browser-xhr/-/requester-browser-xhr-5.48.1.tgz 0ms (cache hit)
3388 http cache @algolia/recommend@https://registry.npmjs.org/@algolia/recommend/-/recommend-5.48.1.tgz 0ms (cache hit)
3389 http cache @algolia/ingestion@https://registry.npmjs.org/@algolia/ingestion/-/ingestion-1.48.1.tgz 0ms (cache hit)
3390 http cache @algolia/client-search@https://registry.npmjs.org/@algolia/client-search/-/client-search-5.48.1.tgz 0ms (cache hit)
3391 http cache @algolia/client-query-suggestions@https://registry.npmjs.org/@algolia/client-query-suggestions/-/client-query-suggestions-5.48.1.tgz 0ms (cache hit)
3392 http cache @algolia/monitoring@https://registry.npmjs.org/@algolia/monitoring/-/monitoring-1.48.1.tgz 0ms (cache hit)
3393 http cache @algolia/requester-fetch@https://registry.npmjs.org/@algolia/requester-fetch/-/requester-fetch-5.48.1.tgz 0ms (cache hit)
3394 http cache @algolia/client-insights@https://registry.npmjs.org/@algolia/client-insights/-/client-insights-5.48.1.tgz 0ms (cache hit)
3395 http cache @algolia/client-personalization@https://registry.npmjs.org/@algolia/client-personalization/-/client-personalization-5.48.1.tgz 0ms (cache hit)
3396 http cache @algolia/client-common@https://registry.npmjs.org/@algolia/client-common/-/client-common-5.48.1.tgz 0ms (cache hit)
3397 http cache @algolia/client-analytics@https://registry.npmjs.org/@algolia/client-analytics/-/client-analytics-5.48.1.tgz 0ms (cache hit)
3398 http cache @algolia/client-abtesting@https://registry.npmjs.org/@algolia/client-abtesting/-/client-abtesting-5.48.1.tgz 0ms (cache hit)
3399 http cache require-from-string@https://registry.npmjs.org/require-from-string/-/require-from-string-2.0.2.tgz 0ms (cache hit)
3400 http cache json-schema-traverse@https://registry.npmjs.org/json-schema-traverse/-/json-schema-traverse-1.0.0.tgz 0ms (cache hit)
3401 http cache fast-uri@https://registry.npmjs.org/fast-uri/-/fast-uri-3.1.0.tgz 0ms (cache hit)
3402 http cache zod-to-json-schema@https://registry.npmjs.org/zod-to-json-schema/-/zod-to-json-schema-3.25.1.tgz 0ms (cache hit)
3403 http cache fast-deep-equal@https://registry.npmjs.org/fast-deep-equal/-/fast-deep-equal-3.1.3.tgz 0ms (cache hit)
3404 http cache raw-body@https://registry.npmjs.org/raw-body/-/raw-body-3.0.2.tgz 0ms (cache hit)
3405 http cache json-schema-typed@https://registry.npmjs.org/json-schema-typed/-/json-schema-typed-8.0.2.tgz 0ms (cache hit)
3406 http cache @algolia/abtesting@https://registry.npmjs.org/@algolia/abtesting/-/abtesting-1.14.1.tgz 0ms (cache hit)
3407 http cache pkce-challenge@https://registry.npmjs.org/pkce-challenge/-/pkce-challenge-5.0.1.tgz 0ms (cache hit)
3408 http cache jose@https://registry.npmjs.org/jose/-/jose-6.2.2.tgz 0ms (cache hit)
3409 http cache eventsource@https://registry.npmjs.org/eventsource/-/eventsource-3.0.7.tgz 0ms (cache hit)
3410 http cache cors@https://registry.npmjs.org/cors/-/cors-2.8.6.tgz 0ms (cache hit)
3411 http cache cross-spawn@https://registry.npmjs.org/cross-spawn/-/cross-spawn-7.0.6.tgz 0ms (cache hit)
3412 http cache content-type@https://registry.npmjs.org/content-type/-/content-type-1.0.5.tgz 0ms (cache hit)
3413 http cache express-rate-limit@https://registry.npmjs.org/express-rate-limit/-/express-rate-limit-8.3.1.tgz 0ms (cache hit)
3414 http cache @hono/node-server@https://registry.npmjs.org/@hono/node-server/-/node-server-1.19.11.tgz 0ms (cache hit)
3415 http cache hono@https://registry.npmjs.org/hono/-/hono-4.12.8.tgz 0ms (cache hit)
3416 http cache @jridgewell/resolve-uri@https://registry.npmjs.org/@jridgewell/resolve-uri/-/resolve-uri-3.1.2.tgz 0ms (cache hit)
3417 http cache eventsource-parser@https://registry.npmjs.org/eventsource-parser/-/eventsource-parser-3.0.6.tgz 0ms (cache hit)
3418 http cache iconv-lite@https://registry.npmjs.org/iconv-lite/-/iconv-lite-0.7.2.tgz 0ms (cache hit)
3419 http cache @inquirer/search@https://registry.npmjs.org/@inquirer/search/-/search-3.2.2.tgz 0ms (cache hit)
3420 http cache chardet@https://registry.npmjs.org/chardet/-/chardet-2.1.1.tgz 0ms (cache hit)
3421 http cache @inquirer/external-editor@https://registry.npmjs.org/@inquirer/external-editor/-/external-editor-1.0.3.tgz 0ms (cache hit)
3422 http cache @inquirer/select@https://registry.npmjs.org/@inquirer/select/-/select-4.4.2.tgz 0ms (cache hit)
3423 http cache @inquirer/number@https://registry.npmjs.org/@inquirer/number/-/number-3.0.23.tgz 0ms (cache hit)
3424 http cache @inquirer/password@https://registry.npmjs.org/@inquirer/password/-/password-4.0.23.tgz 0ms (cache hit)
3425 http cache @inquirer/rawlist@https://registry.npmjs.org/@inquirer/rawlist/-/rawlist-4.1.11.tgz 0ms (cache hit)
3426 http cache @inquirer/expand@https://registry.npmjs.org/@inquirer/expand/-/expand-4.0.23.tgz 0ms (cache hit)
3427 http cache @inquirer/input@https://registry.npmjs.org/@inquirer/input/-/input-4.3.1.tgz 0ms (cache hit)
3428 http cache @inquirer/editor@https://registry.npmjs.org/@inquirer/editor/-/editor-4.2.23.tgz 0ms (cache hit)
3429 http cache @inquirer/checkbox@https://registry.npmjs.org/@inquirer/checkbox/-/checkbox-4.3.2.tgz 0ms (cache hit)
3430 http cache yoctocolors-cjs@https://registry.npmjs.org/yoctocolors-cjs/-/yoctocolors-cjs-2.1.3.tgz 0ms (cache hit)
3431 http cache signal-exit@https://registry.npmjs.org/signal-exit/-/signal-exit-4.1.0.tgz 0ms (cache hit)
3432 http cache @inquirer/figures@https://registry.npmjs.org/@inquirer/figures/-/figures-1.0.15.tgz 0ms (cache hit)
3433 http cache @inquirer/ansi@https://registry.npmjs.org/@inquirer/ansi/-/ansi-1.0.2.tgz 0ms (cache hit)
3434 http cache wrap-ansi@https://registry.npmjs.org/wrap-ansi/-/wrap-ansi-6.2.0.tgz 0ms (cache hit)
3435 http cache cli-width@https://registry.npmjs.org/cli-width/-/cli-width-4.1.0.tgz 0ms (cache hit)
3436 http cache express@https://registry.npmjs.org/express/-/express-5.2.1.tgz 0ms (cache hit)
3437 http cache @babel/helper-string-parser@https://registry.npmjs.org/@babel/helper-string-parser/-/helper-string-parser-7.27.1.tgz 0ms (cache hit)
3438 http cache @inquirer/core@https://registry.npmjs.org/@inquirer/core/-/core-10.3.2.tgz 0ms (cache hit)
3439 http cache @babel/helper-module-imports@https://registry.npmjs.org/@babel/helper-module-imports/-/helper-module-imports-7.28.6.tgz 0ms (cache hit)
3440 http cache lru-cache@https://registry.npmjs.org/lru-cache/-/lru-cache-5.1.1.tgz 0ms (cache hit)
3441 http cache jsesc@https://registry.npmjs.org/jsesc/-/jsesc-3.1.0.tgz 0ms (cache hit)
3442 http cache @babel/compat-data@https://registry.npmjs.org/@babel/compat-data/-/compat-data-7.29.0.tgz 0ms (cache hit)
3443 http cache @babel/helper-globals@https://registry.npmjs.org/@babel/helper-globals/-/helper-globals-7.28.0.tgz 0ms (cache hit)
3444 http cache picocolors@https://registry.npmjs.org/picocolors/-/picocolors-1.1.1.tgz 0ms (cache hit)
3445 http cache js-tokens@https://registry.npmjs.org/js-tokens/-/js-tokens-4.0.0.tgz 0ms (cache hit)
3446 http cache json5@https://registry.npmjs.org/json5/-/json5-2.2.3.tgz 0ms (cache hit)
3447 http cache @babel/helper-validator-option@https://registry.npmjs.org/@babel/helper-validator-option/-/helper-validator-option-7.27.1.tgz 0ms (cache hit)
3448 http cache @jridgewell/remapping@https://registry.npmjs.org/@jridgewell/remapping/-/remapping-2.3.5.tgz 0ms (cache hit)
3449 http cache debug@https://registry.npmjs.org/debug/-/debug-4.4.3.tgz 0ms (cache hit)
3450 http cache gensync@https://registry.npmjs.org/gensync/-/gensync-1.0.0-beta.2.tgz 0ms (cache hit)
3451 http cache @inquirer/type@https://registry.npmjs.org/@inquirer/type/-/type-3.0.10.tgz 0ms (cache hit)
3452 http cache @babel/parser@https://registry.npmjs.org/@babel/parser/-/parser-7.29.2.tgz 0ms (cache hit)
3453 http cache @babel/template@https://registry.npmjs.org/@babel/template/-/template-7.28.6.tgz 0ms (cache hit)
3454 http cache mute-stream@https://registry.npmjs.org/mute-stream/-/mute-stream-2.0.0.tgz 0ms (cache hit)
3455 http cache @babel/helpers@https://registry.npmjs.org/@babel/helpers/-/helpers-7.29.2.tgz 0ms (cache hit)
3456 http cache @babel/helper-module-transforms@https://registry.npmjs.org/@babel/helper-module-transforms/-/helper-module-transforms-7.28.6.tgz 0ms (cache hit)
3457 http cache @babel/helper-compilation-targets@https://registry.npmjs.org/@babel/helper-compilation-targets/-/helper-compilation-targets-7.28.6.tgz 0ms (cache hit)
3458 http cache @babel/helper-validator-identifier@https://registry.npmjs.org/@babel/helper-validator-identifier/-/helper-validator-identifier-7.28.5.tgz 0ms (cache hit)
3459 http cache reflect-metadata@https://registry.npmjs.org/reflect-metadata/-/reflect-metadata-0.2.2.tgz 0ms (cache hit)
3460 http cache @babel/code-frame@https://registry.npmjs.org/@babel/code-frame/-/code-frame-7.29.0.tgz 0ms (cache hit)
3461 http cache @babel/traverse@https://registry.npmjs.org/@babel/traverse/-/traverse-7.29.0.tgz 0ms (cache hit)
3462 http cache @standard-schema/spec@https://registry.npmjs.org/@standard-schema/spec/-/spec-1.1.0.tgz 0ms (cache hit)
3463 http cache convert-source-map@https://registry.npmjs.org/convert-source-map/-/convert-source-map-1.9.0.tgz 0ms (cache hit)
3464 http cache @babel/generator@https://registry.npmjs.org/@babel/generator/-/generator-7.29.1.tgz 0ms (cache hit)
3465 http cache @jridgewell/sourcemap-codec@https://registry.npmjs.org/@jridgewell/sourcemap-codec/-/sourcemap-codec-1.5.5.tgz 0ms (cache hit)
3466 http cache @babel/types@https://registry.npmjs.org/@babel/types/-/types-7.29.0.tgz 0ms (cache hit)
3467 http cache ora@https://registry.npmjs.org/ora/-/ora-9.3.0.tgz 0ms (cache hit)
3468 http cache zod@https://registry.npmjs.org/zod/-/zod-4.3.6.tgz 0ms (cache hit)
3469 http cache chokidar@https://registry.npmjs.org/chokidar/-/chokidar-5.0.0.tgz 0ms (cache hit)
3470 http cache @yarnpkg/lockfile@https://registry.npmjs.org/@yarnpkg/lockfile/-/lockfile-1.1.0.tgz 0ms (cache hit)
3471 http cache pacote@https://registry.npmjs.org/pacote/-/pacote-21.3.1.tgz 0ms (cache hit)
3472 http cache algoliasearch@https://registry.npmjs.org/algoliasearch/-/algoliasearch-5.48.1.tgz 0ms (cache hit)
3473 http cache ini@https://registry.npmjs.org/ini/-/ini-6.0.0.tgz 0ms (cache hit)
3474 http cache yargs@https://registry.npmjs.org/yargs/-/yargs-18.0.0.tgz 0ms (cache hit)
3475 http cache @schematics/angular@https://registry.npmjs.org/@schematics/angular/-/angular-21.2.3.tgz 0ms (cache hit)
3476 http cache npm-package-arg@https://registry.npmjs.org/npm-package-arg/-/npm-package-arg-13.0.2.tgz 0ms (cache hit)
3477 http cache @listr2/prompt-adapter-inquirer@https://registry.npmjs.org/@listr2/prompt-adapter-inquirer/-/prompt-adapter-inquirer-3.0.5.tgz 0ms (cache hit)
3478 http cache @inquirer/prompts@https://registry.npmjs.org/@inquirer/prompts/-/prompts-7.10.1.tgz 0ms (cache hit)
3479 http cache source-map@https://registry.npmjs.org/source-map/-/source-map-0.7.6.tgz 0ms (cache hit)
3480 http cache ajv-formats@https://registry.npmjs.org/ajv-formats/-/ajv-formats-3.0.1.tgz 0ms (cache hit)
3481 http cache ajv@https://registry.npmjs.org/ajv/-/ajv-8.18.0.tgz 0ms (cache hit)
3482 http cache @modelcontextprotocol/sdk@https://registry.npmjs.org/@modelcontextprotocol/sdk/-/sdk-1.26.0.tgz 0ms (cache hit)
3483 http cache @angular-devkit/core@https://registry.npmjs.org/@angular-devkit/core/-/core-21.2.3.tgz 0ms (cache hit)
3484 http cache watchpack@https://registry.npmjs.org/watchpack/-/watchpack-2.5.1.tgz 0ms (cache hit)
3485 http cache @jridgewell/gen-mapping@https://registry.npmjs.org/@jridgewell/gen-mapping/-/gen-mapping-0.3.13.tgz 0ms (cache hit)
3486 http cache @angular-devkit/schematics@https://registry.npmjs.org/@angular-devkit/schematics/-/schematics-21.2.3.tgz 0ms (cache hit)
3487 http cache undici@https://registry.npmjs.org/undici/-/undici-7.22.0.tgz 0ms (cache hit)
3488 http cache source-map-support@https://registry.npmjs.org/source-map-support/-/source-map-support-0.5.21.tgz 0ms (cache hit)
3489 http cache tinyglobby@https://registry.npmjs.org/tinyglobby/-/tinyglobby-0.2.15.tgz 0ms (cache hit)
3490 http cache sass@https://registry.npmjs.org/sass/-/sass-1.97.3.tgz 0ms (cache hit)
3491 http cache semver@https://registry.npmjs.org/semver/-/semver-7.7.4.tgz 0ms (cache hit)
3492 http cache picomatch@https://registry.npmjs.org/picomatch/-/picomatch-4.0.3.tgz 0ms (cache hit)
3493 http cache @jridgewell/trace-mapping@https://registry.npmjs.org/@jridgewell/trace-mapping/-/trace-mapping-0.3.31.tgz 0ms (cache hit)
3494 http cache piscina@https://registry.npmjs.org/piscina/-/piscina-5.1.4.tgz 0ms (cache hit)
3495 http cache rolldown@https://registry.npmjs.org/rolldown/-/rolldown-1.0.0-rc.4.tgz 0ms (cache hit)
3496 http cache lmdb@https://registry.npmjs.org/lmdb/-/lmdb-3.5.1.tgz 0ms (cache hit)
3497 http cache mrmime@https://registry.npmjs.org/mrmime/-/mrmime-2.0.1.tgz 0ms (cache hit)
3498 http cache magic-string@https://registry.npmjs.org/magic-string/-/magic-string-0.30.21.tgz 0ms (cache hit)
3499 http cache https-proxy-agent@https://registry.npmjs.org/https-proxy-agent/-/https-proxy-agent-7.0.6.tgz 0ms (cache hit)
3500 http cache parse5-html-rewriting-stream@https://registry.npmjs.org/parse5-html-rewriting-stream/-/parse5-html-rewriting-stream-8.0.0.tgz 0ms (cache hit)
3501 http cache listr2@https://registry.npmjs.org/listr2/-/listr2-9.0.5.tgz 0ms (cache hit)
3502 http cache jsonc-parser@https://registry.npmjs.org/jsonc-parser/-/jsonc-parser-3.3.1.tgz 0ms (cache hit)
3503 http cache istanbul-lib-instrument@https://registry.npmjs.org/istanbul-lib-instrument/-/istanbul-lib-instrument-6.0.3.tgz 0ms (cache hit)
3504 http cache vite@https://registry.npmjs.org/vite/-/vite-7.3.1.tgz 0ms (cache hit)
3505 http cache browserslist@https://registry.npmjs.org/browserslist/-/browserslist-4.28.1.tgz 0ms (cache hit)
3506 http cache esbuild@https://registry.npmjs.org/esbuild/-/esbuild-0.27.3.tgz 0ms (cache hit)
3507 http cache @vitejs/plugin-basic-ssl@https://registry.npmjs.org/@vitejs/plugin-basic-ssl/-/plugin-basic-ssl-2.1.4.tgz 0ms (cache hit)
3508 http cache @inquirer/confirm@https://registry.npmjs.org/@inquirer/confirm/-/confirm-5.1.21.tgz 0ms (cache hit)
3509 http cache @babel/helper-split-export-declaration@https://registry.npmjs.org/@babel/helper-split-export-declaration/-/helper-split-export-declaration-7.24.7.tgz 0ms (cache hit)
3510 http cache @babel/core@https://registry.npmjs.org/@babel/core/-/core-7.29.0.tgz 0ms (cache hit)
3511 http cache beasties@https://registry.npmjs.org/beasties/-/beasties-0.4.1.tgz 0ms (cache hit)
3512 http cache @ampproject/remapping@https://registry.npmjs.org/@ampproject/remapping/-/remapping-2.3.0.tgz 0ms (cache hit)
3513 http cache @angular-devkit/architect@https://registry.npmjs.org/@angular-devkit/architect/-/architect-0.2102.3.tgz 0ms (cache hit)
3514 http cache vitest@https://registry.npmjs.org/vitest/-/vitest-4.1.0.tgz 0ms (cache hit)
3515 http cache @angular/router@https://registry.npmjs.org/@angular/router/-/router-21.2.5.tgz 0ms (cache hit)
3516 http cache prettier@https://registry.npmjs.org/prettier/-/prettier-3.8.1.tgz 0ms (cache hit)
3517 http cache jsdom@https://registry.npmjs.org/jsdom/-/jsdom-28.1.0.tgz 0ms (cache hit)
3518 http cache @angular/platform-browser@https://registry.npmjs.org/@angular/platform-browser/-/platform-browser-21.2.5.tgz 0ms (cache hit)
3519 http cache @angular/forms@https://registry.npmjs.org/@angular/forms/-/forms-21.2.5.tgz 0ms (cache hit)
3520 http cache rxjs@https://registry.npmjs.org/rxjs/-/rxjs-7.8.2.tgz 0ms (cache hit)
3521 http cache @angular/core@https://registry.npmjs.org/@angular/core/-/core-21.2.5.tgz 0ms (cache hit)
3522 http cache @babel/helper-annotate-as-pure@https://registry.npmjs.org/@babel/helper-annotate-as-pure/-/helper-annotate-as-pure-7.27.3.tgz 0ms (cache hit)
3523 http cache @angular/compiler-cli@https://registry.npmjs.org/@angular/compiler-cli/-/compiler-cli-21.2.5.tgz 0ms (cache hit)
3524 http cache @angular/cli@https://registry.npmjs.org/@angular/cli/-/cli-21.2.3.tgz 0ms (cache hit)
3525 http cache @angular/compiler@https://registry.npmjs.org/@angular/compiler/-/compiler-21.2.5.tgz 0ms (cache hit)
3526 http cache typescript@https://registry.npmjs.org/typescript/-/typescript-5.9.3.tgz 0ms (cache hit)
3527 http cache @angular/build@https://registry.npmjs.org/@angular/build/-/build-21.2.3.tgz 0ms (cache hit)
3528 http cache tslib@https://registry.npmjs.org/tslib/-/tslib-2.8.1.tgz 0ms (cache hit)
3529 http cache wrap-ansi@https://registry.npmjs.org/wrap-ansi/-/wrap-ansi-9.0.2.tgz 0ms (cache hit)
3530 http cache node-addon-api@https://registry.npmjs.org/node-addon-api/-/node-addon-api-7.1.1.tgz 0ms (cache hit)
3531 http cache convert-source-map@https://registry.npmjs.org/convert-source-map/-/convert-source-map-2.0.0.tgz 0ms (cache hit)
3532 http cache @angular/common@https://registry.npmjs.org/@angular/common/-/common-21.2.5.tgz 0ms (cache hit)
3533 http cache string-width@https://registry.npmjs.org/string-width/-/string-width-7.2.0.tgz 0ms (cache hit)
3534 http cache lru-cache@https://registry.npmjs.org/lru-cache/-/lru-cache-11.2.7.tgz 0ms (cache hit)
3535 http cache yallist@https://registry.npmjs.org/yallist/-/yallist-4.0.0.tgz 0ms (cache hit)
3536 http cache isexe@https://registry.npmjs.org/isexe/-/isexe-4.0.0.tgz 0ms (cache hit)
3537 http cache minipass@https://registry.npmjs.org/minipass/-/minipass-3.3.6.tgz 0ms (cache hit)
3538 http cache yallist@https://registry.npmjs.org/yallist/-/yallist-4.0.0.tgz 0ms (cache hit)
3539 http cache which@https://registry.npmjs.org/which/-/which-6.0.1.tgz 0ms (cache hit)
3540 http cache yallist@https://registry.npmjs.org/yallist/-/yallist-5.0.0.tgz 0ms (cache hit)
3541 http cache lru-cache@https://registry.npmjs.org/lru-cache/-/lru-cache-11.2.7.tgz 0ms (cache hit)
3542 http cache lru-cache@https://registry.npmjs.org/lru-cache/-/lru-cache-11.2.7.tgz 0ms (cache hit)
3543 http cache minipass@https://registry.npmjs.org/minipass/-/minipass-3.3.6.tgz 0ms (cache hit)
3544 http cache which@https://registry.npmjs.org/which/-/which-6.0.1.tgz 0ms (cache hit)
3545 http cache isexe@https://registry.npmjs.org/isexe/-/isexe-4.0.0.tgz 0ms (cache hit)
3546 http cache which@https://registry.npmjs.org/which/-/which-6.0.1.tgz 0ms (cache hit)
3547 http cache isexe@https://registry.npmjs.org/isexe/-/isexe-4.0.0.tgz 0ms (cache hit)
3548 http cache lru-cache@https://registry.npmjs.org/lru-cache/-/lru-cache-11.2.7.tgz 0ms (cache hit)
3549 http cache string-width@https://registry.npmjs.org/string-width/-/string-width-7.2.0.tgz 0ms (cache hit)
3550 http cache entities@https://registry.npmjs.org/entities/-/entities-6.0.1.tgz 0ms (cache hit)
3551 http cache slice-ansi@https://registry.npmjs.org/slice-ansi/-/slice-ansi-7.1.2.tgz 0ms (cache hit)
3552 http cache wrap-ansi@https://registry.npmjs.org/wrap-ansi/-/wrap-ansi-9.0.2.tgz 0ms (cache hit)
3553 http cache lru-cache@https://registry.npmjs.org/lru-cache/-/lru-cache-11.2.7.tgz 0ms (cache hit)
3554 http cache lru-cache@https://registry.npmjs.org/lru-cache/-/lru-cache-11.2.7.tgz 0ms (cache hit)
3555 http cache lru-cache@https://registry.npmjs.org/lru-cache/-/lru-cache-11.2.7.tgz 0ms (cache hit)
3556 http cache lru-cache@https://registry.npmjs.org/lru-cache/-/lru-cache-11.2.7.tgz 0ms (cache hit)
3557 http cache emoji-regex@https://registry.npmjs.org/emoji-regex/-/emoji-regex-8.0.0.tgz 0ms (cache hit)
3558 http cache is-fullwidth-code-point@https://registry.npmjs.org/is-fullwidth-code-point/-/is-fullwidth-code-point-3.0.0.tgz 0ms (cache hit)
3559 http cache entities@https://registry.npmjs.org/entities/-/entities-7.0.1.tgz 0ms (cache hit)
3560 http cache ansi-regex@https://registry.npmjs.org/ansi-regex/-/ansi-regex-5.0.1.tgz 0ms (cache hit)
3561 http cache string-width@https://registry.npmjs.org/string-width/-/string-width-4.2.3.tgz 0ms (cache hit)
3562 http cache source-map@https://registry.npmjs.org/source-map/-/source-map-0.6.1.tgz 0ms (cache hit)
3563 http cache chokidar@https://registry.npmjs.org/chokidar/-/chokidar-4.0.3.tgz 0ms (cache hit)
3564 http cache ansi-styles@https://registry.npmjs.org/ansi-styles/-/ansi-styles-4.3.0.tgz 0ms (cache hit)
3565 http cache string-width@https://registry.npmjs.org/string-width/-/string-width-7.2.0.tgz 0ms (cache hit)
3566 http cache semver@https://registry.npmjs.org/semver/-/semver-6.3.1.tgz 0ms (cache hit)
3567 http cache readdirp@https://registry.npmjs.org/readdirp/-/readdirp-4.1.2.tgz 0ms (cache hit)
3568 http cache string-width@https://registry.npmjs.org/string-width/-/string-width-7.2.0.tgz 0ms (cache hit)
3569 http cache entities@https://registry.npmjs.org/entities/-/entities-6.0.1.tgz 0ms (cache hit)
3570 http cache strip-ansi@https://registry.npmjs.org/strip-ansi/-/strip-ansi-6.0.1.tgz 0ms (cache hit)
3571 silly tarball no local data for stackback@https://registry.npmjs.org/stackback/-/stackback-0.0.2.tgz. Extracting by manifest.
3572 silly tarball no local data for siginfo@https://registry.npmjs.org/siginfo/-/siginfo-2.0.0.tgz. Extracting by manifest.
3573 silly tarball no local data for glob-to-regexp@https://registry.npmjs.org/glob-to-regexp/-/glob-to-regexp-0.4.1.tgz. Extracting by manifest.
3574 silly tarball no local data for punycode@https://registry.npmjs.org/punycode/-/punycode-2.3.1.tgz. Extracting by manifest.
3575 silly tarball no local data for tr46@https://registry.npmjs.org/tr46/-/tr46-6.0.0.tgz. Extracting by manifest.
3576 silly tarball no local data for @types/deep-eql@https://registry.npmjs.org/@types/deep-eql/-/deep-eql-4.0.2.tgz. Extracting by manifest.
3577 silly tarball no local data for estree-walker@https://registry.npmjs.org/estree-walker/-/estree-walker-3.0.3.tgz. Extracting by manifest.
3578 silly tarball no local data for assertion-error@https://registry.npmjs.org/assertion-error/-/assertion-error-2.0.1.tgz. Extracting by manifest.
3579 silly tarball no local data for why-is-node-running@https://registry.npmjs.org/why-is-node-running/-/why-is-node-running-2.3.0.tgz. Extracting by manifest.
3580 silly tarball no local data for chai@https://registry.npmjs.org/chai/-/chai-6.2.2.tgz. Extracting by manifest.
3581 silly tarball no local data for @types/chai@https://registry.npmjs.org/@types/chai/-/chai-5.2.3.tgz. Extracting by manifest.
3582 silly tarball no local data for pathe@https://registry.npmjs.org/pathe/-/pathe-2.0.3.tgz. Extracting by manifest.
3583 silly tarball no local data for tinyrainbow@https://registry.npmjs.org/tinyrainbow/-/tinyrainbow-3.1.0.tgz. Extracting by manifest.
3584 silly tarball no local data for tinybench@https://registry.npmjs.org/tinybench/-/tinybench-2.9.0.tgz. Extracting by manifest.
3585 silly tarball no local data for std-env@https://registry.npmjs.org/std-env/-/std-env-4.0.0.tgz. Extracting by manifest.
3586 silly tarball no local data for obug@https://registry.npmjs.org/obug/-/obug-2.1.1.tgz. Extracting by manifest.
3587 silly tarball no local data for tinyexec@https://registry.npmjs.org/tinyexec/-/tinyexec-1.0.4.tgz. Extracting by manifest.
3588 silly tarball no local data for es-module-lexer@https://registry.npmjs.org/es-module-lexer/-/es-module-lexer-2.0.0.tgz. Extracting by manifest.
3589 silly tarball no local data for expect-type@https://registry.npmjs.org/expect-type/-/expect-type-1.3.0.tgz. Extracting by manifest.
3590 http cache semver@https://registry.npmjs.org/semver/-/semver-6.3.1.tgz 0ms (cache hit)
3591 silly tarball no local data for @vitest/utils@https://registry.npmjs.org/@vitest/utils/-/utils-4.1.0.tgz. Extracting by manifest.
3592 silly tarball no local data for @vitest/snapshot@https://registry.npmjs.org/@vitest/snapshot/-/snapshot-4.1.0.tgz. Extracting by manifest.
3593 silly tarball no local data for @vitest/runner@https://registry.npmjs.org/@vitest/runner/-/runner-4.1.0.tgz. Extracting by manifest.
3594 silly tarball no local data for @vitest/spy@https://registry.npmjs.org/@vitest/spy/-/spy-4.1.0.tgz. Extracting by manifest.
3595 silly tarball no local data for @types/estree@https://registry.npmjs.org/@types/estree/-/estree-1.0.8.tgz. Extracting by manifest.
3596 silly tarball no local data for @vitest/mocker@https://registry.npmjs.org/@vitest/mocker/-/mocker-4.1.0.tgz. Extracting by manifest.
3597 silly tarball no local data for @vitest/expect@https://registry.npmjs.org/@vitest/expect/-/expect-4.1.0.tgz. Extracting by manifest.
3598 silly tarball no local data for @vitest/pretty-format@https://registry.npmjs.org/@vitest/pretty-format/-/pretty-format-4.1.0.tgz. Extracting by manifest.
3599 silly tarball no local data for rollup@https://registry.npmjs.org/rollup/-/rollup-4.59.0.tgz. Extracting by manifest.
3600 silly tarball no local data for fsevents@https://registry.npmjs.org/fsevents/-/fsevents-2.3.3.tgz. Extracting by manifest.
3601 silly tarball no local data for @rollup/rollup-darwin-arm64@https://registry.npmjs.org/@rollup/rollup-darwin-arm64/-/rollup-darwin-arm64-4.59.0.tgz. Extracting by manifest.
3602 silly tarball no local data for tldts@https://registry.npmjs.org/tldts/-/tldts-7.0.26.tgz. Extracting by manifest.
3603 http cache convert-source-map@https://registry.npmjs.org/convert-source-map/-/convert-source-map-2.0.0.tgz 0ms (cache hit)
3604 silly tarball no local data for tldts-core@https://registry.npmjs.org/tldts-core/-/tldts-core-7.0.26.tgz. Extracting by manifest.
3605 silly tarball no local data for buffer-from@https://registry.npmjs.org/buffer-from/-/buffer-from-1.1.2.tgz. Extracting by manifest.
3606 http cache wrap-ansi@https://registry.npmjs.org/wrap-ansi/-/wrap-ansi-9.0.2.tgz 0ms (cache hit)
3607 silly tarball no local data for is-extglob@https://registry.npmjs.org/is-extglob/-/is-extglob-2.1.1.tgz. Extracting by manifest.
3608 silly tarball no local data for is-glob@https://registry.npmjs.org/is-glob/-/is-glob-4.0.3.tgz. Extracting by manifest.
3609 silly tarball no local data for xmlchars@https://registry.npmjs.org/xmlchars/-/xmlchars-2.2.0.tgz. Extracting by manifest.
3610 silly tarball no local data for immutable@https://registry.npmjs.org/immutable/-/immutable-5.1.5.tgz. Extracting by manifest.
3611 silly tarball no local data for @parcel/watcher@https://registry.npmjs.org/@parcel/watcher/-/watcher-2.5.6.tgz. Extracting by manifest.
3612 silly tarball no local data for @rolldown/pluginutils@https://registry.npmjs.org/@rolldown/pluginutils/-/pluginutils-1.0.0-rc.4.tgz. Extracting by manifest.
3613 silly tarball no local data for @rolldown/binding-darwin-arm64@https://registry.npmjs.org/@rolldown/binding-darwin-arm64/-/binding-darwin-arm64-1.0.0-rc.4.tgz. Extracting by manifest.
3614 silly tarball no local data for @oxc-project/types@https://registry.npmjs.org/@oxc-project/types/-/types-0.113.0.tgz. Extracting by manifest.
3615 silly tarball no local data for @parcel/watcher-darwin-arm64@https://registry.npmjs.org/@parcel/watcher-darwin-arm64/-/watcher-darwin-arm64-2.5.6.tgz. Extracting by manifest.
3616 silly tarball no local data for nanoid@https://registry.npmjs.org/nanoid/-/nanoid-3.3.11.tgz. Extracting by manifest.
3617 silly tarball no local data for @napi-rs/nice-darwin-arm64@https://registry.npmjs.org/@napi-rs/nice-darwin-arm64/-/nice-darwin-arm64-1.1.1.tgz. Extracting by manifest.
3618 silly tarball no local data for @napi-rs/nice@https://registry.npmjs.org/@napi-rs/nice/-/nice-1.1.1.tgz. Extracting by manifest.
3619 silly tarball no local data for @msgpackr-extract/msgpackr-extract-darwin-arm64@https://registry.npmjs.org/@msgpackr-extract/msgpackr-extract-darwin-arm64/-/msgpackr-extract-darwin-arm64-3.0.3.tgz. Extracting by manifest.
3620 silly tarball no local data for detect-libc@https://registry.npmjs.org/detect-libc/-/detect-libc-2.1.2.tgz. Extracting by manifest.
3621 silly tarball no local data for msgpackr-extract@https://registry.npmjs.org/msgpackr-extract/-/msgpackr-extract-3.0.3.tgz. Extracting by manifest.
3622 silly tarball no local data for yallist@https://registry.npmjs.org/yallist/-/yallist-3.1.1.tgz. Extracting by manifest.
3623 silly tarball no local data for weak-lru-cache@https://registry.npmjs.org/weak-lru-cache/-/weak-lru-cache-1.2.2.tgz. Extracting by manifest.
3624 silly tarball no local data for node-gyp-build-optional-packages@https://registry.npmjs.org/node-gyp-build-optional-packages/-/node-gyp-build-optional-packages-5.2.2.tgz. Extracting by manifest.
3625 silly tarball no local data for ordered-binary@https://registry.npmjs.org/ordered-binary/-/ordered-binary-1.6.1.tgz. Extracting by manifest.
3626 silly tarball no local data for node-addon-api@https://registry.npmjs.org/node-addon-api/-/node-addon-api-6.1.0.tgz. Extracting by manifest.
3627 silly tarball no local data for @lmdb/lmdb-darwin-arm64@https://registry.npmjs.org/@lmdb/lmdb-darwin-arm64/-/lmdb-darwin-arm64-3.5.1.tgz. Extracting by manifest.
3628 silly tarball no local data for @harperfast/extended-iterable@https://registry.npmjs.org/@harperfast/extended-iterable/-/extended-iterable-1.0.3.tgz. Extracting by manifest.
3629 silly tarball no local data for @csstools/color-helpers@https://registry.npmjs.org/@csstools/color-helpers/-/color-helpers-6.0.2.tgz. Extracting by manifest.
3630 silly tarball no local data for @csstools/css-tokenizer@https://registry.npmjs.org/@csstools/css-tokenizer/-/css-tokenizer-4.0.0.tgz. Extracting by manifest.
3631 silly tarball no local data for @csstools/css-parser-algorithms@https://registry.npmjs.org/@csstools/css-parser-algorithms/-/css-parser-algorithms-4.0.0.tgz. Extracting by manifest.
3632 silly tarball no local data for @csstools/css-color-parser@https://registry.npmjs.org/@csstools/css-color-parser/-/css-color-parser-4.0.2.tgz. Extracting by manifest.
3633 silly tarball no local data for @csstools/css-calc@https://registry.npmjs.org/@csstools/css-calc/-/css-calc-3.1.1.tgz. Extracting by manifest.
3634 silly tarball no local data for @csstools/css-syntax-patches-for-csstree@https://registry.npmjs.org/@csstools/css-syntax-patches-for-csstree/-/css-syntax-patches-for-csstree-1.1.1.tgz. Extracting by manifest.
3635 silly tarball no local data for @asamuzakjp/css-color@https://registry.npmjs.org/@asamuzakjp/css-color/-/css-color-5.0.1.tgz. Extracting by manifest.
3636 silly tarball no local data for source-map-js@https://registry.npmjs.org/source-map-js/-/source-map-js-1.2.1.tgz. Extracting by manifest.
3637 silly tarball no local data for css-tree@https://registry.npmjs.org/css-tree/-/css-tree-3.2.1.tgz. Extracting by manifest.
3638 silly tarball no local data for mdn-data@https://registry.npmjs.org/mdn-data/-/mdn-data-2.27.1.tgz. Extracting by manifest.
3639 silly tarball no local data for xml-name-validator@https://registry.npmjs.org/xml-name-validator/-/xml-name-validator-5.0.0.tgz. Extracting by manifest.
3640 silly tarball no local data for bidi-js@https://registry.npmjs.org/bidi-js/-/bidi-js-1.0.3.tgz. Extracting by manifest.
3641 silly tarball no local data for @asamuzakjp/nwsapi@https://registry.npmjs.org/@asamuzakjp/nwsapi/-/nwsapi-2.3.9.tgz. Extracting by manifest.
3642 silly tarball no local data for whatwg-mimetype@https://registry.npmjs.org/whatwg-mimetype/-/whatwg-mimetype-5.0.0.tgz. Extracting by manifest.
3643 silly tarball no local data for w3c-xmlserializer@https://registry.npmjs.org/w3c-xmlserializer/-/w3c-xmlserializer-5.0.0.tgz. Extracting by manifest.
3644 silly tarball no local data for webidl-conversions@https://registry.npmjs.org/webidl-conversions/-/webidl-conversions-8.0.1.tgz. Extracting by manifest.
3645 silly tarball no local data for whatwg-url@https://registry.npmjs.org/whatwg-url/-/whatwg-url-16.0.1.tgz. Extracting by manifest.
3646 silly tarball no local data for msgpackr@https://registry.npmjs.org/msgpackr/-/msgpackr-1.11.9.tgz. Extracting by manifest.
3647 silly tarball no local data for saxes@https://registry.npmjs.org/saxes/-/saxes-6.0.0.tgz. Extracting by manifest.
3648 silly tarball no local data for tough-cookie@https://registry.npmjs.org/tough-cookie/-/tough-cookie-6.0.1.tgz. Extracting by manifest.
3649 silly tarball no local data for symbol-tree@https://registry.npmjs.org/symbol-tree/-/symbol-tree-3.2.4.tgz. Extracting by manifest.
3650 silly tarball no local data for decimal.js@https://registry.npmjs.org/decimal.js/-/decimal.js-10.6.0.tgz. Extracting by manifest.
3651 silly tarball no local data for is-potential-custom-element-name@https://registry.npmjs.org/is-potential-custom-element-name/-/is-potential-custom-element-name-1.0.1.tgz. Extracting by manifest.
3652 silly tarball no local data for data-urls@https://registry.npmjs.org/data-urls/-/data-urls-7.0.0.tgz. Extracting by manifest.
3653 silly tarball no local data for @bramus/specificity@https://registry.npmjs.org/@bramus/specificity/-/specificity-2.4.2.tgz. Extracting by manifest.
3654 silly tarball no local data for cssstyle@https://registry.npmjs.org/cssstyle/-/cssstyle-6.2.0.tgz. Extracting by manifest.
3655 silly tarball no local data for html-encoding-sniffer@https://registry.npmjs.org/html-encoding-sniffer/-/html-encoding-sniffer-6.0.0.tgz. Extracting by manifest.
3656 silly tarball no local data for @exodus/bytes@https://registry.npmjs.org/@exodus/bytes/-/bytes-1.15.0.tgz. Extracting by manifest.
3657 silly tarball no local data for @asamuzakjp/dom-selector@https://registry.npmjs.org/@asamuzakjp/dom-selector/-/dom-selector-6.8.1.tgz. Extracting by manifest.
3658 silly tarball no local data for @acemir/cssom@https://registry.npmjs.org/@acemir/cssom/-/cssom-0.9.31.tgz. Extracting by manifest.
3659 silly tarball no local data for istanbul-lib-coverage@https://registry.npmjs.org/istanbul-lib-coverage/-/istanbul-lib-coverage-3.2.2.tgz. Extracting by manifest.
3660 silly tarball no local data for @istanbuljs/schema@https://registry.npmjs.org/@istanbuljs/schema/-/schema-0.1.3.tgz. Extracting by manifest.
3661 silly tarball no local data for @esbuild/darwin-arm64@https://registry.npmjs.org/@esbuild/darwin-arm64/-/darwin-arm64-0.27.3.tgz. Extracting by manifest.
3662 silly tarball no local data for entities@https://registry.npmjs.org/entities/-/entities-4.5.0.tgz. Extracting by manifest.
3663 silly tarball no local data for nth-check@https://registry.npmjs.org/nth-check/-/nth-check-2.1.1.tgz. Extracting by manifest.
3664 silly tarball no local data for domutils@https://registry.npmjs.org/domutils/-/domutils-3.2.2.tgz. Extracting by manifest.
3665 silly tarball no local data for boolbase@https://registry.npmjs.org/boolbase/-/boolbase-1.0.0.tgz. Extracting by manifest.
3666 silly tarball no local data for readdirp@https://registry.npmjs.org/readdirp/-/readdirp-5.0.0.tgz. Extracting by manifest.
3667 silly tarball no local data for domelementtype@https://registry.npmjs.org/domelementtype/-/domelementtype-2.3.0.tgz. Extracting by manifest.
3668 silly tarball no local data for update-browserslist-db@https://registry.npmjs.org/update-browserslist-db/-/update-browserslist-db-1.2.3.tgz. Extracting by manifest.
3669 silly tarball no local data for caniuse-lite@https://registry.npmjs.org/caniuse-lite/-/caniuse-lite-1.0.30001780.tgz. Extracting by manifest.
3670 silly tarball no local data for electron-to-chromium@https://registry.npmjs.org/electron-to-chromium/-/electron-to-chromium-1.5.321.tgz. Extracting by manifest.
3671 silly tarball no local data for postcss-safe-parser@https://registry.npmjs.org/postcss-safe-parser/-/postcss-safe-parser-7.0.1.tgz. Extracting by manifest.
3672 silly tarball no local data for baseline-browser-mapping@https://registry.npmjs.org/baseline-browser-mapping/-/baseline-browser-mapping-2.10.8.tgz. Extracting by manifest.
3673 silly tarball no local data for postcss-media-query-parser@https://registry.npmjs.org/postcss-media-query-parser/-/postcss-media-query-parser-0.2.3.tgz. Extracting by manifest.
3674 silly tarball no local data for node-releases@https://registry.npmjs.org/node-releases/-/node-releases-2.0.36.tgz. Extracting by manifest.
3675 silly tarball no local data for postcss@https://registry.npmjs.org/postcss/-/postcss-8.5.8.tgz. Extracting by manifest.
3676 silly tarball no local data for css-what@https://registry.npmjs.org/css-what/-/css-what-7.0.0.tgz. Extracting by manifest.
3677 silly tarball no local data for dom-serializer@https://registry.npmjs.org/dom-serializer/-/dom-serializer-2.0.0.tgz. Extracting by manifest.
3678 silly tarball no local data for htmlparser2@https://registry.npmjs.org/htmlparser2/-/htmlparser2-10.1.0.tgz. Extracting by manifest.
3679 silly tarball no local data for css-select@https://registry.npmjs.org/css-select/-/css-select-6.0.0.tgz. Extracting by manifest.
3680 silly tarball no local data for domhandler@https://registry.npmjs.org/domhandler/-/domhandler-5.0.3.tgz. Extracting by manifest.
3681 silly tarball no local data for @jridgewell/resolve-uri@https://registry.npmjs.org/@jridgewell/resolve-uri/-/resolve-uri-3.1.2.tgz. Extracting by manifest.
3682 silly tarball no local data for @babel/helper-string-parser@https://registry.npmjs.org/@babel/helper-string-parser/-/helper-string-parser-7.27.1.tgz. Extracting by manifest.
3683 silly tarball no local data for @babel/helper-module-imports@https://registry.npmjs.org/@babel/helper-module-imports/-/helper-module-imports-7.28.6.tgz. Extracting by manifest.
3684 silly tarball no local data for lru-cache@https://registry.npmjs.org/lru-cache/-/lru-cache-5.1.1.tgz. Extracting by manifest.
3685 silly tarball no local data for jsesc@https://registry.npmjs.org/jsesc/-/jsesc-3.1.0.tgz. Extracting by manifest.
3686 silly tarball no local data for @babel/compat-data@https://registry.npmjs.org/@babel/compat-data/-/compat-data-7.29.0.tgz. Extracting by manifest.
3687 silly tarball no local data for @babel/helper-globals@https://registry.npmjs.org/@babel/helper-globals/-/helper-globals-7.28.0.tgz. Extracting by manifest.
3688 silly tarball no local data for picocolors@https://registry.npmjs.org/picocolors/-/picocolors-1.1.1.tgz. Extracting by manifest.
3689 silly tarball no local data for js-tokens@https://registry.npmjs.org/js-tokens/-/js-tokens-4.0.0.tgz. Extracting by manifest.
3690 silly tarball no local data for json5@https://registry.npmjs.org/json5/-/json5-2.2.3.tgz. Extracting by manifest.
3691 silly tarball no local data for @babel/helper-validator-option@https://registry.npmjs.org/@babel/helper-validator-option/-/helper-validator-option-7.27.1.tgz. Extracting by manifest.
3692 silly tarball no local data for @jridgewell/remapping@https://registry.npmjs.org/@jridgewell/remapping/-/remapping-2.3.5.tgz. Extracting by manifest.
3693 silly tarball no local data for gensync@https://registry.npmjs.org/gensync/-/gensync-1.0.0-beta.2.tgz. Extracting by manifest.
3694 silly tarball no local data for @babel/parser@https://registry.npmjs.org/@babel/parser/-/parser-7.29.2.tgz. Extracting by manifest.
3695 silly tarball no local data for @babel/template@https://registry.npmjs.org/@babel/template/-/template-7.28.6.tgz. Extracting by manifest.
3696 silly tarball no local data for @babel/helpers@https://registry.npmjs.org/@babel/helpers/-/helpers-7.29.2.tgz. Extracting by manifest.
3697 silly tarball no local data for @babel/helper-module-transforms@https://registry.npmjs.org/@babel/helper-module-transforms/-/helper-module-transforms-7.28.6.tgz. Extracting by manifest.
3698 silly tarball no local data for @babel/helper-compilation-targets@https://registry.npmjs.org/@babel/helper-compilation-targets/-/helper-compilation-targets-7.28.6.tgz. Extracting by manifest.
3699 silly tarball no local data for @babel/helper-validator-identifier@https://registry.npmjs.org/@babel/helper-validator-identifier/-/helper-validator-identifier-7.28.5.tgz. Extracting by manifest.
3700 silly tarball no local data for reflect-metadata@https://registry.npmjs.org/reflect-metadata/-/reflect-metadata-0.2.2.tgz. Extracting by manifest.
3701 silly tarball no local data for @babel/code-frame@https://registry.npmjs.org/@babel/code-frame/-/code-frame-7.29.0.tgz. Extracting by manifest.
3702 silly tarball no local data for @babel/traverse@https://registry.npmjs.org/@babel/traverse/-/traverse-7.29.0.tgz. Extracting by manifest.
3703 silly tarball no local data for @standard-schema/spec@https://registry.npmjs.org/@standard-schema/spec/-/spec-1.1.0.tgz. Extracting by manifest.
3704 silly tarball no local data for convert-source-map@https://registry.npmjs.org/convert-source-map/-/convert-source-map-1.9.0.tgz. Extracting by manifest.
3705 silly tarball no local data for @babel/generator@https://registry.npmjs.org/@babel/generator/-/generator-7.29.1.tgz. Extracting by manifest.
3706 silly tarball no local data for @babel/types@https://registry.npmjs.org/@babel/types/-/types-7.29.0.tgz. Extracting by manifest.
3707 silly tarball no local data for chokidar@https://registry.npmjs.org/chokidar/-/chokidar-5.0.0.tgz. Extracting by manifest.
3708 silly tarball no local data for watchpack@https://registry.npmjs.org/watchpack/-/watchpack-2.5.1.tgz. Extracting by manifest.
3709 silly tarball no local data for @jridgewell/gen-mapping@https://registry.npmjs.org/@jridgewell/gen-mapping/-/gen-mapping-0.3.13.tgz. Extracting by manifest.
3710 silly tarball no local data for undici@https://registry.npmjs.org/undici/-/undici-7.22.0.tgz. Extracting by manifest.
3711 silly tarball no local data for source-map-support@https://registry.npmjs.org/source-map-support/-/source-map-support-0.5.21.tgz. Extracting by manifest.
3712 silly tarball no local data for sass@https://registry.npmjs.org/sass/-/sass-1.97.3.tgz. Extracting by manifest.
3713 silly tarball no local data for @jridgewell/trace-mapping@https://registry.npmjs.org/@jridgewell/trace-mapping/-/trace-mapping-0.3.31.tgz. Extracting by manifest.
3714 silly tarball no local data for piscina@https://registry.npmjs.org/piscina/-/piscina-5.1.4.tgz. Extracting by manifest.
3715 silly tarball no local data for rolldown@https://registry.npmjs.org/rolldown/-/rolldown-1.0.0-rc.4.tgz. Extracting by manifest.
3716 silly tarball no local data for lmdb@https://registry.npmjs.org/lmdb/-/lmdb-3.5.1.tgz. Extracting by manifest.
3717 silly tarball no local data for mrmime@https://registry.npmjs.org/mrmime/-/mrmime-2.0.1.tgz. Extracting by manifest.
3718 silly tarball no local data for istanbul-lib-instrument@https://registry.npmjs.org/istanbul-lib-instrument/-/istanbul-lib-instrument-6.0.3.tgz. Extracting by manifest.
3719 silly tarball no local data for vite@https://registry.npmjs.org/vite/-/vite-7.3.1.tgz. Extracting by manifest.
3720 silly tarball no local data for browserslist@https://registry.npmjs.org/browserslist/-/browserslist-4.28.1.tgz. Extracting by manifest.
3721 silly tarball no local data for esbuild@https://registry.npmjs.org/esbuild/-/esbuild-0.27.3.tgz. Extracting by manifest.
3722 silly tarball no local data for @vitejs/plugin-basic-ssl@https://registry.npmjs.org/@vitejs/plugin-basic-ssl/-/plugin-basic-ssl-2.1.4.tgz. Extracting by manifest.
3723 silly tarball no local data for @babel/helper-split-export-declaration@https://registry.npmjs.org/@babel/helper-split-export-declaration/-/helper-split-export-declaration-7.24.7.tgz. Extracting by manifest.
3724 silly tarball no local data for @babel/core@https://registry.npmjs.org/@babel/core/-/core-7.29.0.tgz. Extracting by manifest.
3725 silly tarball no local data for beasties@https://registry.npmjs.org/beasties/-/beasties-0.4.1.tgz. Extracting by manifest.
3726 silly tarball no local data for @ampproject/remapping@https://registry.npmjs.org/@ampproject/remapping/-/remapping-2.3.0.tgz. Extracting by manifest.
3727 silly tarball no local data for vitest@https://registry.npmjs.org/vitest/-/vitest-4.1.0.tgz. Extracting by manifest.
3728 silly tarball no local data for @angular/router@https://registry.npmjs.org/@angular/router/-/router-21.2.5.tgz. Extracting by manifest.
3729 silly tarball no local data for prettier@https://registry.npmjs.org/prettier/-/prettier-3.8.1.tgz. Extracting by manifest.
3730 silly tarball no local data for jsdom@https://registry.npmjs.org/jsdom/-/jsdom-28.1.0.tgz. Extracting by manifest.
3731 silly tarball no local data for @angular/platform-browser@https://registry.npmjs.org/@angular/platform-browser/-/platform-browser-21.2.5.tgz. Extracting by manifest.
3732 silly tarball no local data for @angular/forms@https://registry.npmjs.org/@angular/forms/-/forms-21.2.5.tgz. Extracting by manifest.
3733 silly tarball no local data for @angular/core@https://registry.npmjs.org/@angular/core/-/core-21.2.5.tgz. Extracting by manifest.
3734 silly tarball no local data for @babel/helper-annotate-as-pure@https://registry.npmjs.org/@babel/helper-annotate-as-pure/-/helper-annotate-as-pure-7.27.3.tgz. Extracting by manifest.
3735 silly tarball no local data for @angular/compiler-cli@https://registry.npmjs.org/@angular/compiler-cli/-/compiler-cli-21.2.5.tgz. Extracting by manifest.
3736 silly tarball no local data for @angular/compiler@https://registry.npmjs.org/@angular/compiler/-/compiler-21.2.5.tgz. Extracting by manifest.
3737 silly tarball no local data for typescript@https://registry.npmjs.org/typescript/-/typescript-5.9.3.tgz. Extracting by manifest.
3738 silly tarball no local data for @angular/build@https://registry.npmjs.org/@angular/build/-/build-21.2.3.tgz. Extracting by manifest.
3739 silly tarball no local data for node-addon-api@https://registry.npmjs.org/node-addon-api/-/node-addon-api-7.1.1.tgz. Extracting by manifest.
3740 silly tarball no local data for convert-source-map@https://registry.npmjs.org/convert-source-map/-/convert-source-map-2.0.0.tgz. Extracting by manifest.
3741 silly tarball no local data for @angular/common@https://registry.npmjs.org/@angular/common/-/common-21.2.5.tgz. Extracting by manifest.
3742 silly tarball no local data for entities@https://registry.npmjs.org/entities/-/entities-7.0.1.tgz. Extracting by manifest.
3743 silly tarball no local data for source-map@https://registry.npmjs.org/source-map/-/source-map-0.6.1.tgz. Extracting by manifest.
3744 silly tarball no local data for chokidar@https://registry.npmjs.org/chokidar/-/chokidar-4.0.3.tgz. Extracting by manifest.
3745 silly tarball no local data for semver@https://registry.npmjs.org/semver/-/semver-6.3.1.tgz. Extracting by manifest.
3746 silly tarball no local data for readdirp@https://registry.npmjs.org/readdirp/-/readdirp-4.1.2.tgz. Extracting by manifest.
3747 silly tarball no local data for semver@https://registry.npmjs.org/semver/-/semver-6.3.1.tgz. Extracting by manifest.
3748 silly tarball no local data for convert-source-map@https://registry.npmjs.org/convert-source-map/-/convert-source-map-2.0.0.tgz. Extracting by manifest.
3749 http fetch POST 200 https://registry.npmjs.org/-/npm/v1/security/advisories/bulk 268ms
3750 silly audit report {
3750 silly audit report   undici: [
3750 silly audit report     {
3750 silly audit report       id: 1114591,
3750 silly audit report       url: 'https://github.com/advisories/GHSA-f269-vfmq-vjvj',
3750 silly audit report       title: 'Undici: Malicious WebSocket 64-bit length overflows parser and crashes the client',
3750 silly audit report       severity: 'high',
3750 silly audit report       vulnerable_versions: '>=7.0.0 <7.24.0',
3750 silly audit report       cwe: [Array],
3750 silly audit report       cvss: [Object]
3750 silly audit report     },
3750 silly audit report     {
3750 silly audit report       id: 1114593,
3750 silly audit report       url: 'https://github.com/advisories/GHSA-2mjp-6q6p-2qxm',
3750 silly audit report       title: 'Undici has an HTTP Request/Response Smuggling issue',
3750 silly audit report       severity: 'moderate',
3750 silly audit report       vulnerable_versions: '>=7.0.0 <7.24.0',
3750 silly audit report       cwe: [Array],
3750 silly audit report       cvss: [Object]
3750 silly audit report     },
3750 silly audit report     {
3750 silly audit report       id: 1114637,
3750 silly audit report       url: 'https://github.com/advisories/GHSA-vrm6-8vpv-qv8q',
3750 silly audit report       title: 'Undici has Unbounded Memory Consumption in WebSocket permessage-deflate Decompression',
3750 silly audit report       severity: 'high',
3750 silly audit report       vulnerable_versions: '>=7.0.0 <7.24.0',
3750 silly audit report       cwe: [Array],
3750 silly audit report       cvss: [Object]
3750 silly audit report     },
3750 silly audit report     {
3750 silly audit report       id: 1114639,
3750 silly audit report       url: 'https://github.com/advisories/GHSA-v9p9-hfj2-hcw8',
3750 silly audit report       title: 'Undici has Unhandled Exception in WebSocket Client Due to Invalid server_max_window_bits Validation',
3750 silly audit report       severity: 'high',
3750 silly audit report       vulnerable_versions: '>=7.0.0 <7.24.0',
3750 silly audit report       cwe: [Array],
3750 silly audit report       cvss: [Object]
3750 silly audit report     },
3750 silly audit report     {
3750 silly audit report       id: 1114641,
3750 silly audit report       url: 'https://github.com/advisories/GHSA-4992-7rv2-5pvq',
3750 silly audit report       title: 'Undici has CRLF Injection in undici via `upgrade` option',
3750 silly audit report       severity: 'moderate',
3750 silly audit report       vulnerable_versions: '>=7.0.0 <7.24.0',
3750 silly audit report       cwe: [Array],
3750 silly audit report       cvss: [Object]
3750 silly audit report     },
3750 silly audit report     {
3750 silly audit report       id: 1114643,
3750 silly audit report       url: 'https://github.com/advisories/GHSA-phc3-fgpg-7m6h',
3750 silly audit report       title: 'Undici has Unbounded Memory Consumption in its DeduplicationHandler via Response Buffering that leads to DoS',
3750 silly audit report       severity: 'moderate',
3750 silly audit report       vulnerable_versions: '>=7.17.0 <7.24.0',
3750 silly audit report       cwe: [Array],
3750 silly audit report       cvss: [Object]
3750 silly audit report     }
3750 silly audit report   ]
3750 silly audit report }
3751 silly packumentCache corgi:https://registry.npmjs.org/undici cache-miss
3752 http fetch GET 200 https://registry.npmjs.org/punycode/-/punycode-2.3.1.tgz 237ms (cache miss)
3753 http fetch GET 200 https://registry.npmjs.org/stackback/-/stackback-0.0.2.tgz 238ms (cache miss)
3754 http fetch GET 200 https://registry.npmjs.org/siginfo/-/siginfo-2.0.0.tgz 237ms (cache miss)
3755 http fetch GET 200 https://registry.npmjs.org/assertion-error/-/assertion-error-2.0.1.tgz 237ms (cache miss)
3756 http fetch GET 200 https://registry.npmjs.org/estree-walker/-/estree-walker-3.0.3.tgz 237ms (cache miss)
3757 http fetch GET 200 https://registry.npmjs.org/@types/deep-eql/-/deep-eql-4.0.2.tgz 237ms (cache miss)
3758 http fetch GET 200 https://registry.npmjs.org/glob-to-regexp/-/glob-to-regexp-0.4.1.tgz 239ms (cache miss)
3759 http fetch GET 200 https://registry.npmjs.org/obug/-/obug-2.1.1.tgz 248ms (cache miss)
3760 http fetch GET 200 https://registry.npmjs.org/tinyexec/-/tinyexec-1.0.4.tgz 258ms (cache miss)
3761 http fetch GET 200 https://registry.npmjs.org/std-env/-/std-env-4.0.0.tgz 262ms (cache miss)
3762 http fetch GET 200 https://registry.npmjs.org/tr46/-/tr46-6.0.0.tgz 263ms (cache miss)
3763 http fetch GET 200 https://registry.npmjs.org/es-module-lexer/-/es-module-lexer-2.0.0.tgz 267ms (cache miss)
3764 http fetch GET 200 https://registry.npmjs.org/tinyrainbow/-/tinyrainbow-3.1.0.tgz 273ms (cache miss)
3765 http fetch GET 200 https://registry.npmjs.org/expect-type/-/expect-type-1.3.0.tgz 281ms (cache miss)
3766 http fetch GET 200 https://registry.npmjs.org/why-is-node-running/-/why-is-node-running-2.3.0.tgz 284ms (cache miss)
3767 http fetch GET 200 https://registry.npmjs.org/pathe/-/pathe-2.0.3.tgz 292ms (cache miss)
3768 http fetch GET 200 https://registry.npmjs.org/@types/estree/-/estree-1.0.8.tgz 298ms (cache miss)
3769 http fetch GET 200 https://registry.npmjs.org/tinybench/-/tinybench-2.9.0.tgz 300ms (cache miss)
3770 http fetch GET 200 https://registry.npmjs.org/chai/-/chai-6.2.2.tgz 303ms (cache miss)
3771 http fetch GET 200 https://registry.npmjs.org/fsevents/-/fsevents-2.3.3.tgz 311ms (cache miss)
3772 http fetch GET 200 https://registry.npmjs.org/is-glob/-/is-glob-4.0.3.tgz 344ms (cache miss)
3773 http fetch GET 200 https://registry.npmjs.org/is-extglob/-/is-extglob-2.1.1.tgz 344ms (cache miss)
3774 http fetch GET 200 https://registry.npmjs.org/buffer-from/-/buffer-from-1.1.2.tgz 345ms (cache miss)
3775 http fetch GET 200 https://registry.npmjs.org/@types/chai/-/chai-5.2.3.tgz 350ms (cache miss)
3776 http fetch GET 200 https://registry.npmjs.org/rollup/-/rollup-4.59.0.tgz 376ms (cache miss)
3777 http fetch GET 200 https://registry.npmjs.org/xmlchars/-/xmlchars-2.2.0.tgz 381ms (cache miss)
3778 http fetch GET 200 https://registry.npmjs.org/@vitest/snapshot/-/snapshot-4.1.0.tgz 392ms (cache miss)
3779 http fetch GET 200 https://registry.npmjs.org/immutable/-/immutable-5.1.5.tgz 406ms (cache miss)
3780 http fetch GET 200 https://registry.npmjs.org/tldts-core/-/tldts-core-7.0.26.tgz 411ms (cache miss)
3781 http fetch GET 200 https://registry.npmjs.org/@vitest/utils/-/utils-4.1.0.tgz 421ms (cache miss)
3782 http fetch GET 200 https://registry.npmjs.org/@parcel/watcher/-/watcher-2.5.6.tgz 450ms (cache miss)
3783 http fetch GET 200 https://registry.npmjs.org/@vitest/pretty-format/-/pretty-format-4.1.0.tgz 457ms (cache miss)
3784 http fetch GET 200 https://registry.npmjs.org/@vitest/runner/-/runner-4.1.0.tgz 459ms (cache miss)
3785 http fetch GET 200 https://registry.npmjs.org/tldts/-/tldts-7.0.26.tgz 459ms (cache miss)
3786 http fetch GET 200 https://registry.npmjs.org/@oxc-project/types/-/types-0.113.0.tgz 458ms (cache miss)
3787 http fetch GET 200 https://registry.npmjs.org/@rolldown/pluginutils/-/pluginutils-1.0.0-rc.4.tgz 461ms (cache miss)
3788 http fetch GET 200 https://registry.npmjs.org/@rollup/rollup-darwin-arm64/-/rollup-darwin-arm64-4.59.0.tgz 472ms (cache miss)
3789 http fetch GET 200 https://registry.npmjs.org/@vitest/mocker/-/mocker-4.1.0.tgz 473ms (cache miss)
3790 http fetch GET 200 https://registry.npmjs.org/@vitest/expect/-/expect-4.1.0.tgz 474ms (cache miss)
3791 http fetch GET 200 https://registry.npmjs.org/nanoid/-/nanoid-3.3.11.tgz 474ms (cache miss)
3792 http fetch GET 200 https://registry.npmjs.org/@napi-rs/nice-darwin-arm64/-/nice-darwin-arm64-1.1.1.tgz 484ms (cache miss)
3793 http fetch GET 200 https://registry.npmjs.org/detect-libc/-/detect-libc-2.1.2.tgz 509ms (cache miss)
3794 http fetch GET 200 https://registry.npmjs.org/msgpackr-extract/-/msgpackr-extract-3.0.3.tgz 509ms (cache miss)
3795 http fetch GET 200 https://registry.npmjs.org/yallist/-/yallist-3.1.1.tgz 518ms (cache miss)
3796 http fetch GET 200 https://registry.npmjs.org/node-gyp-build-optional-packages/-/node-gyp-build-optional-packages-5.2.2.tgz 519ms (cache miss)
3797 http fetch GET 200 https://registry.npmjs.org/@napi-rs/nice/-/nice-1.1.1.tgz 521ms (cache miss)
3798 http fetch GET 200 https://registry.npmjs.org/ordered-binary/-/ordered-binary-1.6.1.tgz 520ms (cache miss)
3799 http fetch GET 200 https://registry.npmjs.org/node-addon-api/-/node-addon-api-6.1.0.tgz 521ms (cache miss)
3800 http fetch GET 200 https://registry.npmjs.org/@msgpackr-extract/msgpackr-extract-darwin-arm64/-/msgpackr-extract-darwin-arm64-3.0.3.tgz 528ms (cache miss)
3801 http fetch GET 200 https://registry.npmjs.org/weak-lru-cache/-/weak-lru-cache-1.2.2.tgz 529ms (cache miss)
3802 http fetch GET 200 https://registry.npmjs.org/@harperfast/extended-iterable/-/extended-iterable-1.0.3.tgz 528ms (cache miss)
3803 http fetch GET 200 https://registry.npmjs.org/@csstools/color-helpers/-/color-helpers-6.0.2.tgz 560ms (cache miss)
3804 http fetch GET 200 https://registry.npmjs.org/@csstools/css-color-parser/-/css-color-parser-4.0.2.tgz 583ms (cache miss)
3805 http fetch GET 200 https://registry.npmjs.org/xml-name-validator/-/xml-name-validator-5.0.0.tgz 582ms (cache miss)
3806 http fetch GET 200 https://registry.npmjs.org/@csstools/css-calc/-/css-calc-3.1.1.tgz 583ms (cache miss)
3807 http fetch GET 200 https://registry.npmjs.org/@csstools/css-parser-algorithms/-/css-parser-algorithms-4.0.0.tgz 600ms (cache miss)
3808 http fetch GET 200 https://registry.npmjs.org/mdn-data/-/mdn-data-2.27.1.tgz 605ms (cache miss)
3809 http fetch GET 200 https://registry.npmjs.org/source-map-js/-/source-map-js-1.2.1.tgz 610ms (cache miss)
3810 http fetch GET 200 https://registry.npmjs.org/whatwg-mimetype/-/whatwg-mimetype-5.0.0.tgz 623ms (cache miss)
3811 http fetch GET 200 https://registry.npmjs.org/bidi-js/-/bidi-js-1.0.3.tgz 629ms (cache miss)
3812 http fetch GET 200 https://registry.npmjs.org/w3c-xmlserializer/-/w3c-xmlserializer-5.0.0.tgz 640ms (cache miss)
3813 http fetch GET 200 https://registry.npmjs.org/@csstools/css-syntax-patches-for-csstree/-/css-syntax-patches-for-csstree-1.1.1.tgz 643ms (cache miss)
3814 http fetch GET 200 https://registry.npmjs.org/webidl-conversions/-/webidl-conversions-8.0.1.tgz 642ms (cache miss)
3815 http fetch GET 200 https://registry.npmjs.org/@asamuzakjp/css-color/-/css-color-5.0.1.tgz 657ms (cache miss)
3816 http fetch GET 200 https://registry.npmjs.org/symbol-tree/-/symbol-tree-3.2.4.tgz 673ms (cache miss)
3817 http fetch GET 200 https://registry.npmjs.org/css-tree/-/css-tree-3.2.1.tgz 676ms (cache miss)
3818 http fetch GET 200 https://registry.npmjs.org/saxes/-/saxes-6.0.0.tgz 696ms (cache miss)
3819 http fetch GET 200 https://registry.npmjs.org/decimal.js/-/decimal.js-10.6.0.tgz 698ms (cache miss)
3820 http fetch GET 200 https://registry.npmjs.org/whatwg-url/-/whatwg-url-16.0.1.tgz 700ms (cache miss)
3821 http fetch GET 200 https://registry.npmjs.org/@lmdb/lmdb-darwin-arm64/-/lmdb-darwin-arm64-3.5.1.tgz 701ms (cache miss)
3822 http fetch GET 200 https://registry.npmjs.org/tough-cookie/-/tough-cookie-6.0.1.tgz 704ms (cache miss)
3823 http fetch GET 200 https://registry.npmjs.org/data-urls/-/data-urls-7.0.0.tgz 713ms (cache miss)
3824 http fetch GET 200 https://registry.npmjs.org/is-potential-custom-element-name/-/is-potential-custom-element-name-1.0.1.tgz 713ms (cache miss)
3825 http fetch GET 200 https://registry.npmjs.org/@vitest/spy/-/spy-4.1.0.tgz 736ms (cache miss)
3826 http fetch GET 200 https://registry.npmjs.org/@bramus/specificity/-/specificity-2.4.2.tgz 738ms (cache miss)
3827 http fetch GET 200 https://registry.npmjs.org/cssstyle/-/cssstyle-6.2.0.tgz 742ms (cache miss)
3828 http fetch GET 200 https://registry.npmjs.org/msgpackr/-/msgpackr-1.11.9.tgz 746ms (cache miss)
3829 http fetch GET 200 https://registry.npmjs.org/@csstools/css-tokenizer/-/css-tokenizer-4.0.0.tgz 747ms (cache miss)
3830 http fetch GET 200 https://registry.npmjs.org/istanbul-lib-coverage/-/istanbul-lib-coverage-3.2.2.tgz 764ms (cache miss)
3831 http fetch GET 200 https://registry.npmjs.org/html-encoding-sniffer/-/html-encoding-sniffer-6.0.0.tgz 767ms (cache miss)
3832 http fetch GET 200 https://registry.npmjs.org/nth-check/-/nth-check-2.1.1.tgz 782ms (cache miss)
3833 http fetch GET 200 https://registry.npmjs.org/@asamuzakjp/dom-selector/-/dom-selector-6.8.1.tgz 794ms (cache miss)
3834 http fetch GET 200 https://registry.npmjs.org/@acemir/cssom/-/cssom-0.9.31.tgz 796ms (cache miss)
3835 http fetch GET 200 https://registry.npmjs.org/entities/-/entities-4.5.0.tgz 801ms (cache miss)
3836 http fetch GET 200 https://registry.npmjs.org/domutils/-/domutils-3.2.2.tgz 816ms (cache miss)
3837 http fetch GET 200 https://registry.npmjs.org/readdirp/-/readdirp-5.0.0.tgz 824ms (cache miss)
3838 http fetch GET 200 https://registry.npmjs.org/domelementtype/-/domelementtype-2.3.0.tgz 849ms (cache miss)
3839 http fetch GET 200 https://registry.npmjs.org/boolbase/-/boolbase-1.0.0.tgz 849ms (cache miss)
3840 http fetch GET 200 https://registry.npmjs.org/update-browserslist-db/-/update-browserslist-db-1.2.3.tgz 849ms (cache miss)
3841 http fetch GET 200 https://registry.npmjs.org/@istanbuljs/schema/-/schema-0.1.3.tgz 867ms (cache miss)
3842 http fetch GET 200 https://registry.npmjs.org/@exodus/bytes/-/bytes-1.15.0.tgz 872ms (cache miss)
3843 http fetch GET 200 https://registry.npmjs.org/@asamuzakjp/nwsapi/-/nwsapi-2.3.9.tgz 889ms (cache miss)
3844 http fetch GET 200 https://registry.npmjs.org/postcss-safe-parser/-/postcss-safe-parser-7.0.1.tgz 973ms (cache miss)
3845 http fetch GET 200 https://registry.npmjs.org/postcss-media-query-parser/-/postcss-media-query-parser-0.2.3.tgz 973ms (cache miss)
3846 http fetch GET 200 https://registry.npmjs.org/electron-to-chromium/-/electron-to-chromium-1.5.321.tgz 974ms (cache miss)
3847 http fetch GET 200 https://registry.npmjs.org/baseline-browser-mapping/-/baseline-browser-mapping-2.10.8.tgz 976ms (cache miss)
3848 http fetch GET 200 https://registry.npmjs.org/caniuse-lite/-/caniuse-lite-1.0.30001780.tgz 988ms (cache miss)
3849 http fetch GET 200 https://registry.npmjs.org/node-releases/-/node-releases-2.0.36.tgz 1004ms (cache miss)
3850 http fetch GET 200 https://registry.npmjs.org/dom-serializer/-/dom-serializer-2.0.0.tgz 1004ms (cache miss)
3851 http fetch GET 200 https://registry.npmjs.org/css-what/-/css-what-7.0.0.tgz 1008ms (cache miss)
3852 http fetch GET 200 https://registry.npmjs.org/@parcel/watcher-darwin-arm64/-/watcher-darwin-arm64-2.5.6.tgz 1018ms (cache miss)
3853 http fetch GET 200 https://registry.npmjs.org/domhandler/-/domhandler-5.0.3.tgz 1035ms (cache miss)
3854 http fetch GET 200 https://registry.npmjs.org/postcss/-/postcss-8.5.8.tgz 1035ms (cache miss)
3855 http fetch GET 200 https://registry.npmjs.org/htmlparser2/-/htmlparser2-10.1.0.tgz 1038ms (cache miss)
3856 http fetch GET 200 https://registry.npmjs.org/css-select/-/css-select-6.0.0.tgz 1042ms (cache miss)
3857 http fetch GET 200 https://registry.npmjs.org/lru-cache/-/lru-cache-5.1.1.tgz 1046ms (cache miss)
3858 http fetch GET 200 https://registry.npmjs.org/@babel/helper-module-imports/-/helper-module-imports-7.28.6.tgz 1047ms (cache miss)
3859 http fetch GET 200 https://registry.npmjs.org/@jridgewell/resolve-uri/-/resolve-uri-3.1.2.tgz 1056ms (cache miss)
3860 http fetch GET 200 https://registry.npmjs.org/@babel/helper-string-parser/-/helper-string-parser-7.27.1.tgz 1061ms (cache miss)
3861 http fetch GET 200 https://registry.npmjs.org/jsesc/-/jsesc-3.1.0.tgz 1073ms (cache miss)
3862 http fetch GET 200 https://registry.npmjs.org/js-tokens/-/js-tokens-4.0.0.tgz 1074ms (cache miss)
3863 http fetch GET 200 https://registry.npmjs.org/gensync/-/gensync-1.0.0-beta.2.tgz 1074ms (cache miss)
3864 http fetch GET 200 https://registry.npmjs.org/picocolors/-/picocolors-1.1.1.tgz 1079ms (cache miss)
3865 http fetch GET 200 https://registry.npmjs.org/json5/-/json5-2.2.3.tgz 1088ms (cache miss)
3866 http fetch GET 200 https://registry.npmjs.org/@babel/helper-validator-option/-/helper-validator-option-7.27.1.tgz 1093ms (cache miss)
3867 http fetch GET 200 https://registry.npmjs.org/@babel/helper-globals/-/helper-globals-7.28.0.tgz 1095ms (cache miss)
3868 http fetch GET 200 https://registry.npmjs.org/@babel/compat-data/-/compat-data-7.29.0.tgz 1104ms (cache miss)
3869 http fetch GET 200 https://registry.npmjs.org/reflect-metadata/-/reflect-metadata-0.2.2.tgz 1143ms (cache miss)
3870 http fetch GET 200 https://registry.npmjs.org/@babel/template/-/template-7.28.6.tgz 1151ms (cache miss)
3871 http fetch GET 200 https://registry.npmjs.org/convert-source-map/-/convert-source-map-1.9.0.tgz 1157ms (cache miss)
3872 http fetch GET 200 https://registry.npmjs.org/@babel/code-frame/-/code-frame-7.29.0.tgz 1158ms (cache miss)
3873 http fetch GET 200 https://registry.npmjs.org/@babel/helper-validator-identifier/-/helper-validator-identifier-7.28.5.tgz 1163ms (cache miss)
3874 http fetch GET 200 https://registry.npmjs.org/@babel/traverse/-/traverse-7.29.0.tgz 1182ms (cache miss)
3875 http fetch GET 200 https://registry.npmjs.org/@babel/parser/-/parser-7.29.2.tgz 1208ms (cache miss)
3876 http fetch GET 200 https://registry.npmjs.org/@jridgewell/remapping/-/remapping-2.3.5.tgz 1217ms (cache miss)
3877 http fetch GET 200 https://registry.npmjs.org/@babel/helper-compilation-targets/-/helper-compilation-targets-7.28.6.tgz 1221ms (cache miss)
3878 http fetch GET 200 https://registry.npmjs.org/@standard-schema/spec/-/spec-1.1.0.tgz 1237ms (cache miss)
3879 http fetch GET 200 https://registry.npmjs.org/@babel/helpers/-/helpers-7.29.2.tgz 1254ms (cache miss)
3880 http fetch GET 200 https://registry.npmjs.org/@babel/helper-module-transforms/-/helper-module-transforms-7.28.6.tgz 1262ms (cache miss)
3881 http fetch GET 200 https://registry.npmjs.org/@babel/generator/-/generator-7.29.1.tgz 1279ms (cache miss)
3882 http fetch GET 200 https://registry.npmjs.org/watchpack/-/watchpack-2.5.1.tgz 1342ms (cache miss)
3883 http fetch GET 200 https://registry.npmjs.org/chokidar/-/chokidar-5.0.0.tgz 1353ms (cache miss)
3884 http fetch GET 200 https://registry.npmjs.org/@babel/types/-/types-7.29.0.tgz 1358ms (cache miss)
3885 http fetch GET 200 https://registry.npmjs.org/source-map-support/-/source-map-support-0.5.21.tgz 1357ms (cache miss)
3886 http fetch GET 200 https://registry.npmjs.org/@jridgewell/gen-mapping/-/gen-mapping-0.3.13.tgz 1367ms (cache miss)
3887 http fetch GET 200 https://registry.npmjs.org/rolldown/-/rolldown-1.0.0-rc.4.tgz 1440ms (cache miss)
3888 http fetch GET 200 https://registry.npmjs.org/@jridgewell/trace-mapping/-/trace-mapping-0.3.31.tgz 1450ms (cache miss)
3889 http fetch GET 200 https://registry.npmjs.org/mrmime/-/mrmime-2.0.1.tgz 1468ms (cache miss)
3890 http fetch GET 200 https://registry.npmjs.org/istanbul-lib-instrument/-/istanbul-lib-instrument-6.0.3.tgz 1487ms (cache miss)
3891 http fetch GET 200 https://registry.npmjs.org/piscina/-/piscina-5.1.4.tgz 1493ms (cache miss)
3892 http fetch GET 200 https://registry.npmjs.org/esbuild/-/esbuild-0.27.3.tgz 1549ms (cache miss)
3893 http fetch GET 200 https://registry.npmjs.org/browserslist/-/browserslist-4.28.1.tgz 1569ms (cache miss)
3894 http fetch GET 200 https://registry.npmjs.org/@babel/helper-split-export-declaration/-/helper-split-export-declaration-7.24.7.tgz 1617ms (cache miss)
3895 http fetch GET 200 https://registry.npmjs.org/@vitejs/plugin-basic-ssl/-/plugin-basic-ssl-2.1.4.tgz 1650ms (cache miss)
3896 http fetch GET 200 https://registry.npmjs.org/beasties/-/beasties-0.4.1.tgz 1667ms (cache miss)
3897 http fetch GET 200 https://registry.npmjs.org/lmdb/-/lmdb-3.5.1.tgz 1668ms (cache miss)
3898 http fetch GET 200 https://registry.npmjs.org/undici/-/undici-7.22.0.tgz 1688ms (cache miss)
3899 http fetch GET 200 https://registry.npmjs.org/@babel/core/-/core-7.29.0.tgz 1870ms (cache miss)
3900 http fetch GET 200 https://registry.npmjs.org/vitest/-/vitest-4.1.0.tgz 1905ms (cache miss)
3901 http fetch GET 200 https://registry.npmjs.org/vite/-/vite-7.3.1.tgz 1973ms (cache miss)
3902 http fetch GET 200 https://registry.npmjs.org/@angular/router/-/router-21.2.5.tgz 2041ms (cache miss)
3903 http fetch GET 200 https://registry.npmjs.org/@babel/helper-annotate-as-pure/-/helper-annotate-as-pure-7.27.3.tgz 2040ms (cache miss)
3904 http fetch GET 200 https://registry.npmjs.org/@angular/platform-browser/-/platform-browser-21.2.5.tgz 2124ms (cache miss)
3905 http fetch GET 200 https://registry.npmjs.org/@ampproject/remapping/-/remapping-2.3.0.tgz 2273ms (cache miss)
3906 http fetch GET 200 https://registry.npmjs.org/sass/-/sass-1.97.3.tgz 2307ms (cache miss)
3907 http fetch GET 200 https://registry.npmjs.org/convert-source-map/-/convert-source-map-2.0.0.tgz 2365ms (cache miss)
3908 http fetch GET 200 https://registry.npmjs.org/node-addon-api/-/node-addon-api-7.1.1.tgz 2378ms (cache miss)
3909 http fetch GET 200 https://registry.npmjs.org/jsdom/-/jsdom-28.1.0.tgz 2492ms (cache miss)
3910 http fetch GET 200 https://registry.npmjs.org/semver/-/semver-6.3.1.tgz 2600ms (cache miss)
3911 http fetch GET 200 https://registry.npmjs.org/chokidar/-/chokidar-4.0.3.tgz 2746ms (cache miss)
3912 http fetch GET 200 https://registry.npmjs.org/readdirp/-/readdirp-4.1.2.tgz 2751ms (cache miss)
3913 http fetch GET 200 https://registry.npmjs.org/semver/-/semver-6.3.1.tgz 2868ms (cache miss)
3914 http fetch GET 200 https://registry.npmjs.org/undici 2719ms (cache miss)
3915 silly packumentCache corgi:https://registry.npmjs.org/undici set size:undefined disposed:false
3916 http fetch GET 200 https://registry.npmjs.org/convert-source-map/-/convert-source-map-2.0.0.tgz 2942ms (cache miss)
3917 silly packumentCache corgi:https://registry.npmjs.org/@angular%2fbuild cache-miss
3918 silly packumentCache corgi:https://registry.npmjs.org/jsdom cache-miss
3919 http fetch GET 200 https://registry.npmjs.org/source-map/-/source-map-0.6.1.tgz 2952ms (cache miss)
3920 http fetch GET 200 https://registry.npmjs.org/@angular/build/-/build-21.2.3.tgz 3045ms (cache miss)
3921 http fetch GET 200 https://registry.npmjs.org/@angular/common/-/common-21.2.5.tgz 3085ms (cache miss)
3922 http fetch GET 200 https://registry.npmjs.org/jsdom 166ms (cache miss)
3923 silly packumentCache corgi:https://registry.npmjs.org/jsdom set size:undefined disposed:false
3924 http fetch GET 200 https://registry.npmjs.org/@angular%2fbuild 171ms (cache miss)
3925 silly packumentCache corgi:https://registry.npmjs.org/@angular%2fbuild set size:undefined disposed:false
3926 http fetch GET 200 https://registry.npmjs.org/@esbuild/darwin-arm64/-/darwin-arm64-0.27.3.tgz 3138ms (cache miss)
3927 http fetch GET 200 https://registry.npmjs.org/@angular/core/-/core-21.2.5.tgz 3221ms (cache miss)
3928 http fetch GET 200 https://registry.npmjs.org/@angular/forms/-/forms-21.2.5.tgz 3268ms (cache miss)
3929 http fetch GET 200 https://registry.npmjs.org/@angular/compiler/-/compiler-21.2.5.tgz 3321ms (cache miss)
3930 http fetch GET 200 https://registry.npmjs.org/entities/-/entities-7.0.1.tgz 3321ms (cache miss)
3931 http fetch GET 200 https://registry.npmjs.org/@rolldown/binding-darwin-arm64/-/binding-darwin-arm64-1.0.0-rc.4.tgz 3340ms (cache miss)
3932 http fetch GET 200 https://registry.npmjs.org/@angular/compiler-cli/-/compiler-cli-21.2.5.tgz 3360ms (cache miss)
3933 http fetch GET 200 https://registry.npmjs.org/prettier/-/prettier-3.8.1.tgz 3666ms (cache miss)
3934 http fetch GET 200 https://registry.npmjs.org/typescript/-/typescript-5.9.3.tgz 3691ms (cache miss)
3935 info run @parcel/watcher@2.5.6 install node_modules/@parcel/watcher node scripts/build-from-source.js
3936 info run fsevents@2.3.3 install node_modules/fsevents node-gyp rebuild
3937 info run lmdb@3.5.1 install node_modules/lmdb node-gyp-build-optional-packages
3938 info run msgpackr-extract@3.0.3 install node_modules/msgpackr-extract node-gyp-build-optional-packages
3939 info run @parcel/watcher@2.5.6 install { code: 0, signal: null }
3940 info run lmdb@3.5.1 install { code: 0, signal: null }
3941 info run msgpackr-extract@3.0.3 install { code: 0, signal: null }
3942 info run fsevents@2.3.3 install { code: 1, signal: null }
3943 verbose reify failed optional dependency /Users/juanvictoria/Projects/Ufinet-Autos-Challenge/frontend/node_modules/fsevents
3944 silly reify mark deleted [
3944 silly reify   '/Users/juanvictoria/Projects/Ufinet-Autos-Challenge/frontend/node_modules/fsevents'
3944 silly reify ]
3945 info run esbuild@0.27.3 postinstall node_modules/esbuild node install.js
3946 info run esbuild@0.27.3 postinstall { code: 0, signal: null }
3947 silly ADD node_modules/color-name
3948 silly ADD node_modules/color-convert
3949 silly ADD node_modules/emoji-regex
3950 silly ADD node_modules/yargs-parser
3951 silly ADD node_modules/y18n
3952 silly ADD node_modules/get-caller-file
3953 silly ADD node_modules/cliui
3954 silly ADD node_modules/cliui/node_modules/wrap-ansi
3955 silly ADD node_modules/cliui/node_modules/string-width
3956 silly ADD node_modules/stackback
3957 silly ADD node_modules/siginfo
3958 silly ADD node_modules/isexe
3959 silly ADD node_modules/punycode
3960 silly ADD node_modules/tr46
3961 silly ADD node_modules/glob-to-regexp
3962 silly ADD node_modules/estree-walker
3963 silly ADD node_modules/assertion-error
3964 silly ADD node_modules/@types/deep-eql
3965 silly ADD node_modules/chai
3966 silly ADD node_modules/@types/chai
3967 silly ADD node_modules/why-is-node-running
3968 silly ADD node_modules/tinyrainbow
3969 silly ADD node_modules/tinyexec
3970 silly ADD node_modules/tinybench
3971 silly ADD node_modules/std-env
3972 silly ADD node_modules/pathe
3973 silly ADD node_modules/obug
3974 silly ADD node_modules/expect-type
3975 silly ADD node_modules/es-module-lexer
3976 silly ADD node_modules/@vitest/utils
3977 silly ADD node_modules/@vitest/utils/node_modules/convert-source-map
3978 silly ADD node_modules/@vitest/spy
3979 silly ADD node_modules/@vitest/snapshot
3980 silly ADD node_modules/@vitest/runner
3981 silly ADD node_modules/@vitest/pretty-format
3982 silly ADD node_modules/@vitest/mocker
3983 silly ADD node_modules/@vitest/expect
3984 silly ADD node_modules/@types/estree
3985 silly ADD node_modules/@rollup/rollup-darwin-arm64
3986 silly ADD node_modules/rollup
3987 silly ADD
3988 silly ADD node_modules/escalade
3989 silly ADD node_modules/media-typer
3990 silly ADD node_modules/@tufjs/canonical-json
3991 silly ADD node_modules/@tufjs/models
3992 silly ADD node_modules/tldts-core
3993 silly ADD node_modules/tldts
3994 silly ADD node_modules/fdir
3995 silly ADD node_modules/chownr
3996 silly ADD node_modules/@isaacs/fs-minipass
3997 silly ADD node_modules/ansi-regex
3998 silly ADD node_modules/spdx-license-ids
3999 silly ADD node_modules/spdx-exceptions
4000 silly ADD node_modules/buffer-from
4001 silly ADD node_modules/smart-buffer
4002 silly ADD node_modules/socks
4003 silly ADD node_modules/get-east-asian-width
4004 silly ADD node_modules/is-fullwidth-code-point
4005 silly ADD node_modules/ansi-styles
4006 silly ADD node_modules/tuf-js
4007 silly ADD node_modules/@sigstore/verify
4008 silly ADD node_modules/@sigstore/tuf
4009 silly ADD node_modules/@sigstore/sign
4010 silly ADD node_modules/@sigstore/protobuf-specs
4011 silly ADD node_modules/@sigstore/core
4012 silly ADD node_modules/@sigstore/bundle
4013 silly ADD node_modules/dunder-proto
4014 silly ADD node_modules/math-intrinsics
4015 silly ADD node_modules/hasown
4016 silly ADD node_modules/has-symbols
4017 silly ADD node_modules/gopd
4018 silly ADD node_modules/get-proto
4019 silly ADD node_modules/es-object-atoms
4020 silly ADD node_modules/es-define-property
4021 silly ADD node_modules/function-bind
4022 silly ADD node_modules/call-bind-apply-helpers
4023 silly ADD node_modules/get-intrinsic
4024 silly ADD node_modules/call-bound
4025 silly ADD node_modules/side-channel-weakmap
4026 silly ADD node_modules/side-channel-map
4027 silly ADD node_modules/side-channel-list
4028 silly ADD node_modules/object-inspect
4029 silly ADD node_modules/es-errors
4030 silly ADD node_modules/shebang-regex
4031 silly ADD node_modules/xmlchars
4032 silly ADD node_modules/is-extglob
4033 silly ADD node_modules/is-glob
4034 silly ADD node_modules/@parcel/watcher-darwin-arm64
4035 silly ADD node_modules/immutable
4036 silly ADD node_modules/@parcel/watcher
4037 silly ADD node_modules/@parcel/watcher/node_modules/node-addon-api
4038 silly ADD node_modules/path-to-regexp
4039 silly ADD node_modules/is-promise
4040 silly ADD node_modules/@rolldown/pluginutils
4041 silly ADD node_modules/@rolldown/binding-darwin-arm64
4042 silly ADD node_modules/@oxc-project/types
4043 silly ADD node_modules/mimic-function
4044 silly ADD node_modules/onetime
4045 silly ADD node_modules/unpipe
4046 silly ADD node_modules/side-channel
4047 silly ADD node_modules/ipaddr.js
4048 silly ADD node_modules/forwarded
4049 silly ADD node_modules/retry
4050 silly ADD node_modules/err-code
4051 silly ADD node_modules/nanoid
4052 silly ADD node_modules/@napi-rs/nice-darwin-arm64
4053 silly ADD node_modules/@napi-rs/nice
4054 silly ADD node_modules/parse5-sax-parser
4055 silly ADD node_modules/jsonparse
4056 silly ADD node_modules/npm-install-checks
4057 silly ADD node_modules/ignore-walk
4058 silly ADD node_modules/abbrev
4059 silly ADD node_modules/minizlib
4060 silly ADD node_modules/minipass-sized
4061 silly ADD node_modules/socks-proxy-agent
4062 silly ADD node_modules/minipass-fetch
4063 silly ADD node_modules/http-cache-semantics
4064 silly ADD node_modules/@npmcli/redact
4065 silly ADD node_modules/@npmcli/agent
4066 silly ADD node_modules/@npmcli/agent/node_modules/lru-cache
4067 silly ADD node_modules/nopt
4068 silly ADD node_modules/make-fetch-happen
4069 silly ADD node_modules/graceful-fs
4070 silly ADD node_modules/exponential-backoff
4071 silly ADD node_modules/env-paths
4072 silly ADD node_modules/balanced-match
4073 silly ADD node_modules/brace-expansion
4074 silly ADD node_modules/path-scurry
4075 silly ADD node_modules/path-scurry/node_modules/lru-cache
4076 silly ADD node_modules/minimatch
4077 silly ADD node_modules/p-map
4078 silly ADD node_modules/minipass-pipeline
4079 silly ADD node_modules/minipass-pipeline/node_modules/yallist
4080 silly ADD node_modules/minipass-pipeline/node_modules/minipass
4081 silly ADD node_modules/minipass-flush
4082 silly ADD node_modules/minipass-flush/node_modules/yallist
4083 silly ADD node_modules/minipass-flush/node_modules/minipass
4084 silly ADD node_modules/minipass-collect
4085 silly ADD node_modules/@npmcli/fs
4086 silly ADD node_modules/node-gyp
4087 silly ADD node_modules/node-gyp/node_modules/isexe
4088 silly ADD node_modules/node-gyp/node_modules/which
4089 silly ADD node_modules/@npmcli/node-gyp
4090 silly ADD node_modules/spdx-expression-parse
4091 silly ADD node_modules/json-parse-even-better-errors
4092 silly ADD node_modules/glob
4093 silly ADD node_modules/npm-normalize-package-bin
4094 silly ADD node_modules/npm-bundled
4095 silly ADD node_modules/@gar/promise-retry
4096 silly ADD node_modules/tar
4097 silly ADD node_modules/tar/node_modules/yallist
4098 silly ADD node_modules/ssri
4099 silly ADD node_modules/sigstore
4100 silly ADD node_modules/promise-retry
4101 silly ADD node_modules/npm-registry-fetch
4102 silly ADD node_modules/npm-pick-manifest
4103 silly ADD node_modules/npm-packlist
4104 silly ADD node_modules/minipass
4105 silly ADD node_modules/fs-minipass
4106 silly ADD node_modules/cacache
4107 silly ADD node_modules/cacache/node_modules/lru-cache
4108 silly ADD node_modules/@npmcli/run-script
4109 silly ADD node_modules/@npmcli/promise-spawn
4110 silly ADD node_modules/@npmcli/promise-spawn/node_modules/isexe
4111 silly ADD node_modules/@npmcli/promise-spawn/node_modules/which
4112 silly ADD node_modules/@npmcli/package-json
4113 silly ADD node_modules/@npmcli/installed-package-contents
4114 silly ADD node_modules/@npmcli/git
4115 silly ADD node_modules/@npmcli/git/node_modules/isexe
4116 silly ADD node_modules/@npmcli/git/node_modules/which
4117 silly ADD node_modules/@npmcli/git/node_modules/lru-cache
4118 silly ADD node_modules/yoctocolors
4119 silly ADD node_modules/stdin-discarder
4120 silly ADD node_modules/log-symbols
4121 silly ADD node_modules/is-unicode-supported
4122 silly ADD node_modules/is-interactive
4123 silly ADD node_modules/cli-spinners
4124 silly ADD node_modules/chalk
4125 silly ADD node_modules/wrappy
4126 silly ADD node_modules/ee-first
4127 silly ADD node_modules/validate-npm-package-name
4128 silly ADD node_modules/proc-log
4129 silly ADD node_modules/hosted-git-info
4130 silly ADD node_modules/hosted-git-info/node_modules/lru-cache
4131 silly ADD node_modules/detect-libc
4132 silly ADD node_modules/@msgpackr-extract/msgpackr-extract-darwin-arm64
4133 silly ADD node_modules/msgpackr-extract
4134 silly ADD node_modules/mime-db
4135 silly ADD node_modules/yallist
4136 silly ADD node_modules/restore-cursor
4137 silly ADD node_modules/environment
4138 silly ADD node_modules/strip-ansi
4139 silly ADD node_modules/cli-cursor
4140 silly ADD node_modules/ansi-escapes
4141 silly ADD node_modules/weak-lru-cache
4142 silly ADD node_modules/ordered-binary
4143 silly ADD node_modules/node-gyp-build-optional-packages
4144 silly ADD node_modules/node-addon-api
4145 silly ADD node_modules/msgpackr
4146 silly ADD node_modules/@lmdb/lmdb-darwin-arm64
4147 silly ADD node_modules/@harperfast/extended-iterable
4148 silly ADD node_modules/string-width
4149 silly ADD node_modules/slice-ansi
4150 silly ADD node_modules/rfdc
4151 silly ADD node_modules/log-update
4152 silly ADD node_modules/log-update/node_modules/string-width
4153 silly ADD node_modules/log-update/node_modules/wrap-ansi
4154 silly ADD node_modules/log-update/node_modules/slice-ansi
4155 silly ADD node_modules/eventemitter3
4156 silly ADD node_modules/colorette
4157 silly ADD node_modules/cli-truncate
4158 silly ADD node_modules/@csstools/color-helpers
4159 silly ADD node_modules/@csstools/css-color-parser
4160 silly ADD node_modules/@csstools/css-tokenizer
4161 silly ADD node_modules/@csstools/css-parser-algorithms
4162 silly ADD node_modules/@csstools/css-calc
4163 silly ADD node_modules/@csstools/css-syntax-patches-for-csstree
4164 silly ADD node_modules/@asamuzakjp/css-color
4165 silly ADD node_modules/@asamuzakjp/css-color/node_modules/lru-cache
4166 silly ADD node_modules/source-map-js
4167 silly ADD node_modules/mdn-data
4168 silly ADD node_modules/css-tree
4169 silly ADD node_modules/bidi-js
4170 silly ADD node_modules/@asamuzakjp/nwsapi
4171 silly ADD node_modules/xml-name-validator
4172 silly ADD node_modules/whatwg-url
4173 silly ADD node_modules/whatwg-mimetype
4174 silly ADD node_modules/webidl-conversions
4175 silly ADD node_modules/w3c-xmlserializer
4176 silly ADD node_modules/tough-cookie
4177 silly ADD node_modules/symbol-tree
4178 silly ADD node_modules/saxes
4179 silly ADD node_modules/parse5
4180 silly ADD node_modules/parse5/node_modules/entities
4181 silly ADD node_modules/is-potential-custom-element-name
4182 silly ADD node_modules/http-proxy-agent
4183 silly ADD node_modules/html-encoding-sniffer
4184 silly ADD node_modules/decimal.js
4185 silly ADD node_modules/data-urls
4186 silly ADD node_modules/cssstyle
4187 silly ADD node_modules/cssstyle/node_modules/lru-cache
4188 silly ADD node_modules/@exodus/bytes
4189 silly ADD node_modules/@bramus/specificity
4190 silly ADD node_modules/@asamuzakjp/dom-selector
4191 silly ADD node_modules/@asamuzakjp/dom-selector/node_modules/lru-cache
4192 silly ADD node_modules/@acemir/cssom
4193 silly ADD node_modules/istanbul-lib-coverage
4194 silly ADD node_modules/@istanbuljs/schema
4195 silly ADD node_modules/safer-buffer
4196 silly ADD node_modules/agent-base
4197 silly ADD node_modules/toidentifier
4198 silly ADD node_modules/setprototypeof
4199 silly ADD node_modules/inherits
4200 silly ADD node_modules/ip-address
4201 silly ADD node_modules/bytes
4202 silly ADD node_modules/negotiator
4203 silly ADD node_modules/type-is
4204 silly ADD node_modules/statuses
4205 silly ADD node_modules/serve-static
4206 silly ADD node_modules/send
4207 silly ADD node_modules/router
4208 silly ADD node_modules/range-parser
4209 silly ADD node_modules/qs
4210 silly ADD node_modules/proxy-addr
4211 silly ADD node_modules/parseurl
4212 silly ADD node_modules/once
4213 silly ADD node_modules/on-finished
4214 silly ADD node_modules/mime-types
4215 silly ADD node_modules/merge-descriptors
4216 silly ADD node_modules/http-errors
4217 silly ADD node_modules/fresh
4218 silly ADD node_modules/finalhandler
4219 silly ADD node_modules/etag
4220 silly ADD node_modules/escape-html
4221 silly ADD node_modules/encodeurl
4222 silly ADD node_modules/depd
4223 silly ADD node_modules/cookie-signature
4224 silly ADD node_modules/cookie
4225 silly ADD node_modules/content-disposition
4226 silly ADD node_modules/body-parser
4227 silly ADD node_modules/accepts
4228 silly ADD node_modules/@esbuild/darwin-arm64
4229 silly ADD node_modules/entities
4230 silly ADD node_modules/domelementtype
4231 silly ADD node_modules/ms
4232 silly ADD node_modules/nth-check
4233 silly ADD node_modules/domutils
4234 silly ADD node_modules/boolbase
4235 silly ADD node_modules/which
4236 silly ADD node_modules/shebang-command
4237 silly ADD node_modules/path-key
4238 silly ADD node_modules/vary
4239 silly ADD node_modules/object-assign
4240 silly ADD node_modules/readdirp
4241 silly ADD node_modules/update-browserslist-db
4242 silly ADD node_modules/node-releases
4243 silly ADD node_modules/electron-to-chromium
4244 silly ADD node_modules/caniuse-lite
4245 silly ADD node_modules/baseline-browser-mapping
4246 silly ADD node_modules/postcss-safe-parser
4247 silly ADD node_modules/postcss-media-query-parser
4248 silly ADD node_modules/postcss
4249 silly ADD node_modules/htmlparser2
4250 silly ADD node_modules/htmlparser2/node_modules/entities
4251 silly ADD node_modules/domhandler
4252 silly ADD node_modules/dom-serializer
4253 silly ADD node_modules/css-what
4254 silly ADD node_modules/css-select
4255 silly ADD node_modules/@algolia/requester-node-http
4256 silly ADD node_modules/@algolia/requester-fetch
4257 silly ADD node_modules/@algolia/requester-browser-xhr
4258 silly ADD node_modules/@algolia/recommend
4259 silly ADD node_modules/@algolia/monitoring
4260 silly ADD node_modules/@algolia/ingestion
4261 silly ADD node_modules/@algolia/client-search
4262 silly ADD node_modules/@algolia/client-query-suggestions
4263 silly ADD node_modules/@algolia/client-personalization
4264 silly ADD node_modules/@algolia/client-insights
4265 silly ADD node_modules/@algolia/client-common
4266 silly ADD node_modules/@algolia/client-analytics
4267 silly ADD node_modules/@algolia/client-abtesting
4268 silly ADD node_modules/@algolia/abtesting
4269 silly ADD node_modules/require-from-string
4270 silly ADD node_modules/json-schema-traverse
4271 silly ADD node_modules/fast-uri
4272 silly ADD node_modules/fast-deep-equal
4273 silly ADD node_modules/zod-to-json-schema
4274 silly ADD node_modules/raw-body
4275 silly ADD node_modules/pkce-challenge
4276 silly ADD node_modules/json-schema-typed
4277 silly ADD node_modules/jose
4278 silly ADD node_modules/express-rate-limit
4279 silly ADD node_modules/express
4280 silly ADD node_modules/eventsource-parser
4281 silly ADD node_modules/eventsource
4282 silly ADD node_modules/cross-spawn
4283 silly ADD node_modules/cors
4284 silly ADD node_modules/content-type
4285 silly ADD node_modules/hono
4286 silly ADD node_modules/@hono/node-server
4287 silly ADD node_modules/@jridgewell/resolve-uri
4288 silly ADD node_modules/iconv-lite
4289 silly ADD node_modules/chardet
4290 silly ADD node_modules/@inquirer/external-editor
4291 silly ADD node_modules/@inquirer/select
4292 silly ADD node_modules/@inquirer/search
4293 silly ADD node_modules/@inquirer/rawlist
4294 silly ADD node_modules/@inquirer/password
4295 silly ADD node_modules/@inquirer/number
4296 silly ADD node_modules/@inquirer/input
4297 silly ADD node_modules/@inquirer/expand
4298 silly ADD node_modules/@inquirer/editor
4299 silly ADD node_modules/@inquirer/checkbox
4300 silly ADD node_modules/yoctocolors-cjs
4301 silly ADD node_modules/wrap-ansi
4302 silly ADD node_modules/wrap-ansi/node_modules/ansi-regex
4303 silly ADD node_modules/wrap-ansi/node_modules/is-fullwidth-code-point
4304 silly ADD node_modules/wrap-ansi/node_modules/emoji-regex
4305 silly ADD node_modules/wrap-ansi/node_modules/strip-ansi
4306 silly ADD node_modules/wrap-ansi/node_modules/string-width
4307 silly ADD node_modules/wrap-ansi/node_modules/ansi-styles
4308 silly ADD node_modules/signal-exit
4309 silly ADD node_modules/mute-stream
4310 silly ADD node_modules/cli-width
4311 silly ADD node_modules/@inquirer/figures
4312 silly ADD node_modules/@inquirer/ansi
4313 silly ADD node_modules/@inquirer/type
4314 silly ADD node_modules/@inquirer/core
4315 silly ADD node_modules/@babel/helper-string-parser
4316 silly ADD node_modules/@babel/helper-globals
4317 silly ADD node_modules/@babel/helper-module-imports
4318 silly ADD node_modules/lru-cache
4319 silly ADD node_modules/@babel/helper-validator-option
4320 silly ADD node_modules/@babel/compat-data
4321 silly ADD node_modules/jsesc
4322 silly ADD node_modules/picocolors
4323 silly ADD node_modules/js-tokens
4324 silly ADD node_modules/@babel/helper-validator-identifier
4325 silly ADD node_modules/json5
4326 silly ADD node_modules/gensync
4327 silly ADD node_modules/debug
4328 silly ADD node_modules/@jridgewell/remapping
4329 silly ADD node_modules/@babel/types
4330 silly ADD node_modules/@babel/traverse
4331 silly ADD node_modules/@babel/template
4332 silly ADD node_modules/@babel/parser
4333 silly ADD node_modules/@babel/helpers
4334 silly ADD node_modules/@babel/helper-module-transforms
4335 silly ADD node_modules/@babel/helper-compilation-targets
4336 silly ADD node_modules/@babel/helper-compilation-targets/node_modules/semver
4337 silly ADD node_modules/@babel/generator
4338 silly ADD node_modules/@babel/code-frame
4339 silly ADD node_modules/@standard-schema/spec
4340 silly ADD node_modules/reflect-metadata
4341 silly ADD node_modules/convert-source-map
4342 silly ADD node_modules/chokidar
4343 silly ADD node_modules/@jridgewell/sourcemap-codec
4344 silly ADD node_modules/ora
4345 silly ADD node_modules/zod
4346 silly ADD node_modules/yargs
4347 silly ADD node_modules/yargs/node_modules/string-width
4348 silly ADD node_modules/pacote
4349 silly ADD node_modules/npm-package-arg
4350 silly ADD node_modules/ini
4351 silly ADD node_modules/algoliasearch
4352 silly ADD node_modules/@yarnpkg/lockfile
4353 silly ADD node_modules/@schematics/angular
4354 silly ADD node_modules/@modelcontextprotocol/sdk
4355 silly ADD node_modules/@listr2/prompt-adapter-inquirer
4356 silly ADD node_modules/@inquirer/prompts
4357 silly ADD node_modules/@angular-devkit/schematics
4358 silly ADD node_modules/source-map
4359 silly ADD node_modules/ajv-formats
4360 silly ADD node_modules/ajv
4361 silly ADD node_modules/@angular-devkit/core
4362 silly ADD node_modules/@jridgewell/trace-mapping
4363 silly ADD node_modules/@jridgewell/gen-mapping
4364 silly ADD node_modules/watchpack
4365 silly ADD node_modules/undici
4366 silly ADD node_modules/tinyglobby
4367 silly ADD node_modules/source-map-support
4368 silly ADD node_modules/source-map-support/node_modules/source-map
4369 silly ADD node_modules/semver
4370 silly ADD node_modules/sass
4371 silly ADD node_modules/sass/node_modules/readdirp
4372 silly ADD node_modules/sass/node_modules/chokidar
4373 silly ADD node_modules/rolldown
4374 silly ADD node_modules/piscina
4375 silly ADD node_modules/picomatch
4376 silly ADD node_modules/parse5-html-rewriting-stream
4377 silly ADD node_modules/parse5-html-rewriting-stream/node_modules/entities
4378 silly ADD node_modules/mrmime
4379 silly ADD node_modules/magic-string
4380 silly ADD node_modules/lmdb
4381 silly ADD node_modules/listr2
4382 silly ADD node_modules/listr2/node_modules/string-width
4383 silly ADD node_modules/listr2/node_modules/wrap-ansi
4384 silly ADD node_modules/jsonc-parser
4385 silly ADD node_modules/istanbul-lib-instrument
4386 silly ADD node_modules/https-proxy-agent
4387 silly ADD node_modules/esbuild
4388 silly ADD node_modules/browserslist
4389 silly ADD node_modules/beasties
4390 silly ADD node_modules/vite
4391 silly ADD node_modules/@vitejs/plugin-basic-ssl
4392 silly ADD node_modules/@inquirer/confirm
4393 silly ADD node_modules/@babel/helper-split-export-declaration
4394 silly ADD node_modules/@babel/helper-annotate-as-pure
4395 silly ADD node_modules/@babel/core
4396 silly ADD node_modules/@babel/core/node_modules/semver
4397 silly ADD node_modules/@babel/core/node_modules/convert-source-map
4398 silly ADD node_modules/@angular-devkit/architect
4399 silly ADD node_modules/@ampproject/remapping
4400 silly ADD node_modules/vitest
4401 silly ADD node_modules/prettier
4402 silly ADD node_modules/jsdom
4403 silly ADD node_modules/@angular/router
4404 silly ADD node_modules/@angular/platform-browser
4405 silly ADD node_modules/@angular/forms
4406 silly ADD node_modules/rxjs
4407 silly ADD node_modules/@angular/core
4408 silly ADD node_modules/@angular/common
4409 silly ADD node_modules/@angular/cli
4410 silly ADD node_modules/@angular/compiler-cli
4411 silly ADD node_modules/@angular/compiler
4412 silly ADD node_modules/typescript
4413 silly ADD node_modules/tslib
4414 silly ADD node_modules/@angular/build
4415 verbose cwd /Users/juanvictoria/Projects/Ufinet-Autos-Challenge/frontend
4416 verbose os Darwin 25.3.0
4417 verbose node v24.12.0
4418 verbose npm  v11.6.2
4419 verbose exit 0
4420 info ok
